Artist,Title,Type,Play Count Total,Play Count 30D,Play Count 24H,Last Played (UTC),Last Played (Vienna),File ID,Source
ABBA,Gimme! Gimme! Gimme! (A Man After Midnight),Shared,29,14,0,2026-10-02 20:19:53Z,2026-10-02 22:19:53 MESZ,,Shared Library
Alfa Mist,Organic Rust,Shared,41,12,1,2026-10-04 13:12:06Z,2026-10-04 15:12:06 MESZ,,Shared Library
Amy Winehouse,Rehab,Shared,12,6,1,2026-10-04 13:17:04Z,2026-10-04 15:17:04 MESZ,,Shared Library
Aphex Twin,Windowlicker,Shared,502,21,1,2026-10-03 19:31:25Z,2026-10-03 21:31:25 MESZ,,Shared Library
Arctic Monkeys,Do I Wanna Know?,Shared,136,35,1,2026-10-04 09:17:05Z,2026-10-04 11:17:05 MESZ,,Shared Library
Autechre,Clipper,Shared,274,5,1,2026-10-03 19:38:25Z,2026-10-03 21:38:25 MESZ,,Shared Library
Bachman-Turner Overdrive,Takin' Care Of Business,Shared,5,0,0,2026-07-06 07:29:05Z,2026-07-06 09:29:05 MESZ,,Shared Library
Backstreet Boys,I Want It That Way,Shared,49,10,0,2026-09-17 23:58:46Z,2026-09-18 01:58:46 MESZ,,Shared Library
Beastie Boys,Sabotage,Shared,15,1,0,2026-10-02 23:47:24Z,2026-10-03 01:47:24 MESZ,,Shared Library
Beck,Devils Haircut,Shared,22,5,0,2026-09-16 22:07:35Z,2026-09-17 00:07:35 MESZ,,Shared Library
Beck,Loser,Shared,92,19,0,2026-09-17 05:09:41Z,2026-09-17 07:09:41 MESZ,,Shared Library
Beck,The New Pollution,Shared,9,1,0,2026-10-02 22:37:54Z,2026-10-03 00:37:54 MESZ,,Shared Library
Ben Harper,Yard Sale,Shared,19,2,0,2026-09-30 22:09:05Z,2026-10-01 00:09:05 MESZ,,Shared Library
Ben&Ben,Leaves,Shared,20,0,0,2026-07-09 09:31:00Z,2026-07-09 11:31:00 MESZ,,Shared Library
Ben&Ben,Maybe The Night,Shared,12,0,0,2026-07-07 10:28:43Z,2026-07-07 12:28:43 MESZ,,Shared Library
Benjamin Francis Leftwich,Ticket To Ride,Shared,142,14,0,2026-10-03 11:16:25Z,2026-10-03 13:16:25 MESZ,,Shared Library
Benson Boone,Beautiful Things,Shared,55,0,0,2026-08-16 10:01:34Z,2026-08-16 12:01:34 MESZ,,Shared Library
Beyoncé,Crazy In Love,Shared,40,15,1,2026-10-04 14:15:34Z,2026-10-04 16:15:34 MESZ,,Shared Library
Beyoncé,TEXAS HOLD 'EM,Shared,35,9,0,2026-09-16 02:33:32Z,2026-09-16 04:33:32 MESZ,,Shared Library
Bicep,Apricots,Shared,663,37,1,2026-10-03 19:16:55Z,2026-10-03 21:16:55 MESZ,,Shared Library
Billie Eilish,BIRDS OF A FEATHER,Shared,35,1,0,2026-10-02 09:54:23Z,2026-10-02 11:54:23 MESZ,,Shared Library
Bing Crosby,White Christmas,Shared,2,0,0,2026-07-22 19:00:17Z,2026-07-22 21:00:17 MESZ,,Shared Library
Bleachers,I Wanna Get Better,Shared,14,1,0,2026-10-03 06:54:24Z,2026-10-03 08:54:24 MESZ,,Shared Library
Bob Dylan,The Lonesome Death of Hattie Carroll,Shared,14,2,0,2026-09-27 23:35:15Z,2026-09-28 01:35:15 MESZ,,Shared Library
Bob Marley & The Wailers,"Get Up, Stand Up",Shared,231,0,0,2026-06-12 14:54:06Z,2026-06-12 16:54:06 MESZ,,Shared Library
Bon Iver,Holocene,Shared,547,46,1,2026-10-04 06:07:05Z,2026-10-04 08:07:05 MESZ,,Shared Library
Bon Iver,Skinny Love,Shared,272,41,1,2026-10-04 12:00:08Z,2026-10-04 14:00:08 MESZ,,Shared Library
Bon Jovi,Livin' On A Prayer,Shared,24,0,0,2026-08-28 21:30:55Z,2026-08-28 23:30:55 MESZ,,Shared Library
Bon Jovi,You Give Love A Bad Name,Shared,12,0,0,2026-06-05 19:40:11Z,2026-06-05 21:40:11 MESZ,,Shared Library
Boney M.,Gotta Go Home,Shared,9,5,2,2026-10-04 17:15:35Z,2026-10-04 19:15:35 MESZ,,Shared Library
Bonobo,Cirrus,Shared,120,39,0,2026-10-03 05:03:24Z,2026-10-03 07:03:24 MESZ,,Shared Library
Bonobo,Kiara,Shared,62,13,0,2026-10-02 21:11:23Z,2026-10-02 23:11:23 MESZ,,Shared Library
Bonobo,Kong,Shared,32,11,1,2026-10-03 20:19:25Z,2026-10-03 22:19:25 MESZ,,Shared Library
Bonobo,Terrapin,Shared,30,16,0,2026-10-03 10:44:25Z,2026-10-03 12:44:25 MESZ,,Shared Library
Brenda Lee,Rockin' Around The Christmas Tree,Shared,2,0,0,2026-07-22 19:13:18Z,2026-07-22 21:13:18 MESZ,,Shared Library
Brian Eno,An Ending (Ascent) (Remastered 2019),Shared,231,53,1,2026-10-04 04:46:33Z,2026-10-04 06:46:33 MESZ,,Shared Library
Bruce Springsteen,Streets of Philadelphia  (Single Edit),Shared,33,6,0,2026-10-03 05:48:24Z,2026-10-03 07:48:24 MESZ,,Shared Library
Bruno Mars,Gorilla,Shared,6,6,0,2026-09-19 12:43:03Z,2026-09-19 14:43:03 MESZ,,Shared Library
Bruno Mars,I Just Might,Shared,52,12,0,2026-09-16 04:15:04Z,2026-09-16 06:15:04 MESZ,,Shared Library
Carbon Based Lifeforms,Photosynthesis,Shared,249,11,1,2026-10-04 02:50:30Z,2026-10-04 04:50:30 MESZ,,Shared Library
Chappell Roan,"Good Luck, Babe!",Shared,141,13,0,2026-09-17 23:49:46Z,2026-09-18 01:49:46 MESZ,,Shared Library
Chappell Roan,HOT TO GO!,Shared,301,11,0,2026-09-15 11:48:57Z,2026-09-15 13:48:57 MESZ,,Shared Library
Chappell Roan,Pink Pony Club,Shared,16,4,1,2026-10-04 15:58:34Z,2026-10-04 17:58:34 MESZ,,Shared Library
Charli XCX,360,Shared,495,14,0,2026-10-02 22:56:23Z,2026-10-03 00:56:23 MESZ,,Shared Library
Chris De Burgh,The Getaway,Shared,8,4,0,2026-09-18 01:56:17Z,2026-09-18 03:56:17 MESZ,,Shared Library
Confetti,People Suck [Explicit],Shared,2,1,0,2026-10-02 09:24:23Z,2026-10-02 11:24:23 MESZ,,Shared Library
Cyndi Lauper,All Through the Night,Shared,9,2,1,2026-10-03 22:16:56Z,2026-10-04 00:16:56 MESZ,,Shared Library
Daft Punk,"Harder, Better, Faster, Stronger",Shared,545,49,0,2026-10-02 22:04:23Z,2026-10-03 00:04:23 MESZ,,Shared Library
Daft Punk,One More Time,Shared,362,61,1,2026-10-04 17:51:34Z,2026-10-04 19:51:34 MESZ,,Shared Library
Darude,Sandstorm,Shared,144,15,0,2026-10-02 22:58:53Z,2026-10-03 00:58:53 MESZ,,Shared Library
Dasha,Austin (Boots Stop Workin'),Shared,3,1,0,2026-10-02 09:20:53Z,2026-10-02 11:20:53 MESZ,,Shared Library
David Bowie,Space Oddity,Shared,10,2,1,2026-10-03 21:55:55Z,2026-10-03 23:55:55 MESZ,,Shared Library
David Bowie,Starman  (2012 Remaster),Shared,29,18,1,2026-10-04 13:33:34Z,2026-10-04 15:33:34 MESZ,,Shared Library
Dire Straits,Brothers in Arms,Shared,38,19,0,2026-09-18 01:19:16Z,2026-09-18 03:19:16 MESZ,,Shared Library
Dire Straits,Money for Nothing,Shared,109,0,0,2026-07-07 22:42:15Z,2026-07-08 00:42:15 MESZ,,Shared Library
Dire Straits,Sultans of Swing,Shared,18,2,1,2026-10-03 22:01:55Z,2026-10-04 00:01:55 MESZ,,Shared Library
Djo,End of Beginning,Shared,369,15,0,2026-10-03 06:13:24Z,2026-10-03 08:13:24 MESZ,,Shared Library
Dolly Parton,9 to 5,Shared,85,17,0,2026-09-17 06:54:12Z,2026-09-17 08:54:12 MESZ,,Shared Library
Dua Lipa,Future Nostalgia,Shared,31,1,0,2026-10-02 23:30:24Z,2026-10-03 01:30:24 MESZ,,Shared Library
Dua Lipa,Houdini,Shared,841,13,0,2026-09-17 09:55:13Z,2026-09-17 11:55:13 MESZ,,Shared Library
Dua Lipa,Training Season,Shared,88,16,0,2026-09-16 02:17:03Z,2026-09-16 04:17:03 MESZ,,Shared Library
Eagles,"Desperado (Live On MTV, 1994)",Shared,7,0,0,2026-07-06 09:30:04Z,2026-07-06 11:30:04 MESZ,,Shared Library
Eagles,Hotel California  (2013 Remaster),Shared,86,15,0,2026-09-17 05:54:12Z,2026-09-17 07:54:12 MESZ,,Shared Library
Ed Sheeran,Azizam,Shared,38,6,0,2026-09-15 11:40:57Z,2026-09-15 13:40:57 MESZ,,Shared Library
Ed Sheeran,Beautiful People (feat. Khalid),Shared,16,0,0,2026-07-06 08:31:34Z,2026-07-06 10:31:34 MESZ,,Shared Library
Electric Light Orchestra,Mr. Blue Sky,Shared,616,0,0,2026-07-07 15:22:13Z,2026-07-07 17:22:13 MESZ,,Shared Library
Elton John,"Rocket Man (I Think It's Going To Be A Long, Long Time)",Shared,121,22,0,2026-09-15 18:20:31Z,2026-09-15 20:20:31 MESZ,,Shared Library
Erykah Badu,Bag Lady (Album Version),Shared,17,3,1,2026-10-04 13:38:05Z,2026-10-04 15:38:05 MESZ,,Shared Library
Erykah Badu,On & On,Shared,390,47,1,2026-10-04 16:56:05Z,2026-10-04 18:56:05 MESZ,,Shared Library
Ethel Cain,Punish,Shared,5,1,0,2026-10-03 05:29:54Z,2026-10-03 07:29:54 MESZ,,Shared Library
Europe,The Final Countdown (Album Version),Shared,28,6,1,2026-10-04 03:33:31Z,2026-10-04 05:33:31 MESZ,1f6c7242-e174-4329-8481-e3d9948c4e18,Shared Library
"Eurythmics, Annie Lennox, Dave Stewart",Sweet Dreams (Are Made of This) [2018 Remastered],Shared,70,1,0,2026-10-02 22:23:53Z,2026-10-03 00:23:53 MESZ,,Shared Library
Fleet Foxes,White Winter Hymnal,Shared,44,20,2,2026-10-04 15:22:34Z,2026-10-04 17:22:34 MESZ,,Shared Library
Fleetwood Mac,Dreams  (2004 Remaster),Shared,138,30,1,2026-10-04 07:19:33Z,2026-10-04 09:19:33 MESZ,,Shared Library
Fleetwood Mac,Go Your Own Way  (2004 Remaster),Shared,22,1,0,2026-10-03 06:04:54Z,2026-10-03 08:04:54 MESZ,,Shared Library
Floating Points,LesAlpx,Shared,28,1,0,2026-10-02 15:43:54Z,2026-10-02 17:43:54 MESZ,,Shared Library
Frank Sinatra,Have Yourself A Merry Little Christmas (Remastered 1999),Shared,2,0,0,2026-07-22 19:19:17Z,2026-07-22 21:19:17 MESZ,,Shared Library
Fred again..,leavemealone,Shared,123,27,1,2026-10-04 06:15:33Z,2026-10-04 08:15:33 MESZ,,Shared Library
Ghostwriter,heart on my sleeve,Shared,4,2,1,2026-10-04 02:19:30Z,2026-10-04 04:19:30 MESZ,,Shared Library
Gigi Perez,Sailor Song,Shared,292,13,0,2026-10-03 05:44:24Z,2026-10-03 07:44:24 MESZ,,Shared Library
GoGo Penguin,Hopopono,Shared,14,2,0,2026-10-02 19:49:24Z,2026-10-02 21:49:24 MESZ,,Shared Library
GoGo Penguin,Raven,Shared,154,16,0,2026-09-20 00:25:06Z,2026-09-20 02:25:06 MESZ,,Shared Library
Guns N' Roses,Paradise City,Shared,15,1,0,2026-10-02 09:37:53Z,2026-10-02 11:37:53 MESZ,,Shared Library
Guns N' Roses,Sweet Child O' Mine,Shared,8,0,0,2026-07-06 19:19:05Z,2026-07-06 21:19:05 MESZ,,Shared Library
Harry Styles,As It Was,Shared,67,14,0,2026-09-17 13:53:43Z,2026-09-17 15:53:43 MESZ,,Shared Library
Harry Styles,Watermelon Sugar,Shared,72,11,0,2026-09-17 23:31:17Z,2026-09-18 01:31:17 MESZ,,Shared Library
Hiatus Kaiyote,By Fire,Shared,62,5,0,2026-09-20 01:11:07Z,2026-09-20 03:11:07 MESZ,,Shared Library
Hozier,Take Me To Church,Shared,110,4,1,2026-10-04 03:29:01Z,2026-10-04 05:29:01 MESZ,3a09e9b1-7726-4332-a5b5-ceb515509a7d,Shared Library
Igor Levit,"Piano Sonata No. 14 in C-Sharp Minor, Op. 27, No. 2, ""Moonlight"" - I. Adagio sostenuto",Shared,5,0,0,2026-06-12 05:51:34Z,2026-06-12 07:51:34 MESZ,,Shared Library
Jack Johnson,Better Together,Shared,24,6,0,2026-10-03 11:20:24Z,2026-10-03 13:20:24 MESZ,,Shared Library
Janelle Monáe,Make Me Feel,Shared,9,2,0,2026-10-01 14:41:44Z,2026-10-01 16:41:44 MESZ,,Shared Library
Jill Scott,Golden,Shared,18,3,0,2026-10-03 13:43:24Z,2026-10-03 15:43:24 MESZ,,Shared Library
Jimmy Cliff,I Can See Clearly Now (Album Version),Shared,1,0,0,2026-07-05 19:07:59Z,2026-07-05 21:07:59 MESZ,,Shared Library
John Lennon,Imagine (Remastered 2010),Shared,19,11,0,2026-09-18 02:01:17Z,2026-09-18 04:01:17 MESZ,,Shared Library
John Mayer,New Light,Shared,87,4,1,2026-10-04 07:30:06Z,2026-10-04 09:30:06 MESZ,,Shared Library
Johnny Cash,Redemption Day (Album Version),Shared,10,6,1,2026-10-04 08:39:05Z,2026-10-04 10:39:05 MESZ,,Shared Library
Journey,Lights (Album Version),Shared,7,0,0,2026-07-07 22:30:13Z,2026-07-08 00:30:13 MESZ,,Shared Library
Justice,D.A.N.C.E.,Shared,708,38,1,2026-10-04 07:34:05Z,2026-10-04 09:34:05 MESZ,,Shared Library
Katy Perry,Roar,Shared,41,16,0,2026-09-17 23:01:19Z,2026-09-18 01:01:19 MESZ,,Shared Library
Kendrick Lamar,Alright,Shared,4,1,0,2026-10-02 09:05:23Z,2026-10-02 11:05:23 MESZ,,Shared Library
Kendrick Lamar,Not Like Us,Shared,5,0,0,2026-05-15 14:39:13Z,2026-05-15 16:39:13 MESZ,,Shared Library
Kenny G,Songbird,Shared,8,0,0,2026-07-07 22:03:14Z,2026-07-08 00:03:14 MESZ,,Shared Library
Khalid,momentary lovers,Shared,28,4,0,2026-09-25 22:54:20Z,2026-09-26 00:54:20 MESZ,,Shared Library
Khalid,please don't call (333),Shared,21,7,0,2026-10-02 19:57:24Z,2026-10-02 21:57:24 MESZ,,Shared Library
Khruangbin,A Calf Born In Winter,Shared,23,8,0,2026-10-03 10:40:24Z,2026-10-03 12:40:24 MESZ,,Shared Library
Khruangbin,Time (You and I),Shared,49,12,1,2026-10-04 13:27:34Z,2026-10-04 15:27:34 MESZ,,Shared Library
Kraftwerk,Trans-Europe Express  (2009 Remaster),Shared,56,5,0,2026-10-03 05:18:24Z,2026-10-03 07:18:24 MESZ,,Shared Library
Lana Del Rey,Diet Mountain Dew,Shared,105,7,0,2026-09-17 23:22:46Z,2026-09-18 01:22:46 MESZ,,Shared Library
Led Zeppelin,Over the Hills and Far Away  (Remaster),Shared,11,0,0,2026-07-06 18:56:05Z,2026-07-06 20:56:05 MESZ,,Shared Library
Led Zeppelin,Stairway to Heaven  (Remaster),Shared,7,1,0,2026-09-27 15:09:14Z,2026-09-27 17:09:14 MESZ,,Shared Library
Leon Bridges,Coming Home,Shared,51,20,1,2026-10-04 13:23:34Z,2026-10-04 15:23:34 MESZ,,Shared Library
Lianne La Havas,Unstoppable,Shared,14,4,0,2026-10-02 19:13:24Z,2026-10-02 21:13:24 MESZ,,Shared Library
Lil Jon,Get Low [Explicit],Shared,6,1,0,2026-09-07 16:28:03Z,2026-09-07 18:28:03 MESZ,,Shared Library
Lucy Dacus,Night Shift,Shared,184,11,0,2026-10-03 05:37:24Z,2026-10-03 07:37:24 MESZ,,Shared Library
M83,Midnight City,Shared,660,30,1,2026-10-04 05:44:33Z,2026-10-04 07:44:33 MESZ,,Shared Library
Madonna,Holiday,Shared,31,12,0,2026-09-17 14:30:13Z,2026-09-17 16:30:13 MESZ,,Shared Library
Marconi Union,Weightless,Shared,329,50,1,2026-10-04 04:38:32Z,2026-10-04 06:38:32 MESZ,,Shared Library
Mariah Carey,All I Want for Christmas Is You,Shared,2,0,0,2026-07-22 19:04:17Z,2026-07-22 21:04:17 MESZ,,Shared Library
Mariah Carey,O Holy Night,Shared,3,0,0,2026-07-22 19:23:17Z,2026-07-22 21:23:17 MESZ,,Shared Library
Marvin Gaye,What's Going On,Shared,106,36,1,2026-10-04 07:15:06Z,2026-10-04 09:15:06 MESZ,,Shared Library
Masego,Tadow,Shared,29,4,1,2026-10-04 13:02:05Z,2026-10-04 15:02:05 MESZ,,Shared Library
Megadeth,Tipping Point,Shared,1,0,0,2026-05-17 10:03:57Z,2026-05-17 12:03:57 MESZ,,Shared Library
Michael Jackson,You Are Not Alone,Shared,7,0,0,2026-06-05 14:31:11Z,2026-06-05 16:31:11 MESZ,,Shared Library
Miley Cyrus,Flowers,Shared,15,0,0,2026-07-07 15:18:14Z,2026-07-07 17:18:14 MESZ,,Shared Library
Minako Yoshida,I'll Teach You All About Love,Shared,148,18,0,2026-09-27 19:52:15Z,2026-09-27 21:52:15 MESZ,,Shared Library
Mireille Mathieu,Together We're Strong,Shared,55,8,0,2026-09-13 09:22:15Z,2026-09-13 11:22:15 MESZ,,Shared Library
Mumford & Sons,Awake My Soul,Shared,26,0,0,2026-07-06 12:27:05Z,2026-07-06 14:27:05 MESZ,,Shared Library
Nick Drake,Pink Moon,Shared,13,3,1,2026-10-04 16:15:05Z,2026-10-04 18:15:05 MESZ,,Shared Library
Nils Frahm,All Melody,Shared,28,8,1,2026-10-03 23:11:27Z,2026-10-04 01:11:27 MESZ,,Shared Library
Nils Frahm,Says,Shared,61,14,1,2026-10-04 04:58:04Z,2026-10-04 06:58:04 MESZ,,Shared Library
Noah Kahan,Stick Season,Shared,25,1,0,2026-10-03 06:09:24Z,2026-10-03 08:09:24 MESZ,,Shared Library
Olivia Rodrigo,vampire,Shared,17,1,0,2026-10-02 08:56:53Z,2026-10-02 10:56:53 MESZ,,Shared Library
OneRepublic,I Lived,Shared,2,1,0,2026-10-02 09:58:23Z,2026-10-02 11:58:23 MESZ,,Shared Library
Otis Redding,(Sittin' On) the Dock of the Bay,Shared,23,1,0,2026-10-03 05:52:54Z,2026-10-03 07:52:54 MESZ,,Shared Library
Peggy Gou,Starry Night,Shared,939,28,1,2026-10-04 10:45:34Z,2026-10-04 12:45:34 MESZ,,Shared Library
Perrie,Die With A Smile  (Bruno Mars & Lady Gaga Cover - BBC Radio 1 Live Lounge),Shared,4,0,0,2026-05-16 16:57:19Z,2026-05-16 18:57:19 MESZ,,Shared Library
Pet Shop Boys,West End Girls  (2001 Remaster),Shared,640,1,0,2026-10-02 22:18:53Z,2026-10-03 00:18:53 MESZ,,Shared Library
Pete Seeger,Solidarity Forever,Shared,20,0,0,2026-06-12 19:31:37Z,2026-06-12 21:31:37 MESZ,,Shared Library
Petit Biscuit,Sunset Lover,Shared,378,2,0,2026-10-03 04:43:54Z,2026-10-03 06:43:54 MESZ,,Shared Library
Pink Floyd,"Another Brick in the Wall, Pt. 2",Shared,713,2,0,2026-09-27 23:07:15Z,2026-09-28 01:07:15 MESZ,,Shared Library
Pitbull,International Love,Shared,22,11,0,2026-09-15 14:24:28Z,2026-09-15 16:24:28 MESZ,,Shared Library
Pitbull,Timber,Shared,64,18,0,2026-09-17 23:05:14Z,2026-09-18 01:05:14 MESZ,,Shared Library
Queen,Bohemian Rhapsody (Remastered 2011),Shared,71,30,0,2026-09-17 12:07:44Z,2026-09-17 14:07:44 MESZ,,Shared Library
Queen,Don't Stop Me Now (Remastered 2011),Shared,23,0,0,2026-07-07 13:33:13Z,2026-07-07 15:33:13 MESZ,,Shared Library
Queen,Killer Queen (Remastered 2011),Shared,5,1,0,2026-10-02 09:09:23Z,2026-10-02 11:09:23 MESZ,,Shared Library
Queen,Under Pressure (Remastered 2011),Shared,68,12,0,2026-09-15 18:41:28Z,2026-09-15 20:41:28 MESZ,,Shared Library
Radiohead,Weird Fishes / Arpeggi,Shared,298,25,2,2026-10-04 16:46:04Z,2026-10-04 18:46:04 MESZ,,Shared Library
RÜFÜS DU SOL,Innerbloom  (Live from Joshua Tree),Shared,114,8,1,2026-10-03 22:08:26Z,2026-10-04 00:08:26 MESZ,,Shared Library
Sabrina Carpenter,Espresso,Shared,109,12,0,2026-09-17 13:50:43Z,2026-09-17 15:50:43 MESZ,,Shared Library
Sabrina Carpenter,Please Please Please,Shared,49,8,0,2026-09-15 08:07:27Z,2026-09-15 10:07:27 MESZ,,Shared Library
Sabrina Carpenter,Taste,Shared,47,7,0,2026-09-15 05:40:26Z,2026-09-15 07:40:26 MESZ,,Shared Library
Shaboozey,A Bar Song (Tipsy),Shared,51,14,0,2026-09-17 14:05:13Z,2026-09-17 16:05:13 MESZ,,Shared Library
Side-A,Only You (There Will Never Be Another),Shared,13,5,0,2026-09-11 19:42:05Z,2026-09-11 21:42:05 MESZ,,Shared Library
Simon & Garfunkel,The Sound of Silence  (Acoustic Version),Shared,121,30,1,2026-10-03 22:41:57Z,2026-10-04 00:41:57 MESZ,,Shared Library
Snarky Puppy,Lingus (Alternate Take),Shared,8,1,0,2026-10-03 06:30:24Z,2026-10-03 08:30:24 MESZ,,Shared Library
Soundgarden,Black Hole Sun,Shared,706,0,0,2026-07-06 19:34:36Z,2026-07-06 21:34:36 MESZ,,Shared Library
Sting,Fragile,Shared,10,2,1,2026-10-03 22:51:27Z,2026-10-04 00:51:27 MESZ,,Shared Library
Supertramp,Even In The Quietest Moments,Shared,8,0,0,2026-07-09 04:23:00Z,2026-07-09 06:23:00 MESZ,,Shared Library
Survivor,Eye of the Tiger,Shared,17,0,0,2026-08-28 21:40:25Z,2026-08-28 23:40:25 MESZ,,Shared Library
SZA,Kill Bill,Shared,89,4,1,2026-10-04 07:38:34Z,2026-10-04 09:38:34 MESZ,,Shared Library
Tame Impala,The Less I Know The Better,Shared,242,11,0,2026-10-03 10:33:24Z,2026-10-03 12:33:24 MESZ,,Shared Library
Tate McRae,greedy,Shared,48,9,0,2026-09-14 08:00:23Z,2026-09-14 10:00:23 MESZ,,Shared Library
Tate McRae,Miss possessive,Shared,22,5,0,2026-09-14 08:44:23Z,2026-09-14 10:44:23 MESZ,,Shared Library
Tate McRae,TIT FOR TAT,Shared,24,5,0,2026-09-14 08:18:53Z,2026-09-14 10:18:53 MESZ,,Shared Library
Taylor Swift,Cruel Summer,Shared,107,14,0,2026-09-17 23:34:15Z,2026-09-18 01:34:15 MESZ,,Shared Library
Teddy Swims,The Door,Shared,104,10,0,2026-09-16 02:12:31Z,2026-09-16 04:12:31 MESZ,,Shared Library
The Beach Boys,Good Vibrations (Stereo/Remastered 2012),Shared,126,20,0,2026-09-17 06:01:42Z,2026-09-17 08:01:42 MESZ,,Shared Library
The Beatles,Here Comes The Sun (2019 Mix),Shared,266,0,0,2026-07-07 12:39:43Z,2026-07-07 14:39:43 MESZ,,Shared Library
The Beatles,Lucy In The Sky With Diamonds (Remastered 2009),Shared,251,0,0,2026-06-08 10:12:59Z,2026-06-08 12:12:59 MESZ,,Shared Library
The Beatles,Revolution 9 (Remastered 2009),Shared,18,1,0,2026-10-02 09:45:23Z,2026-10-02 11:45:23 MESZ,,Shared Library
The Beatles,Yesterday (Remastered),Shared,224,3,0,2026-10-03 06:51:24Z,2026-10-03 08:51:24 MESZ,,Shared Library
The Clash,London Calling,Shared,319,1,0,2026-10-02 09:01:23Z,2026-10-02 11:01:23 MESZ,,Shared Library
The Clash,Should I Stay or Should I Go (Remastered),Shared,86,0,0,2026-07-09 11:11:30Z,2026-07-09 13:11:30 MESZ,,Shared Library
The Cure,Pictures of You,Shared,758,2,1,2026-10-03 21:50:26Z,2026-10-03 23:50:26 MESZ,,Shared Library
The Dave Brubeck Quartet,Take Five,Shared,118,15,1,2026-10-03 22:45:26Z,2026-10-04 00:45:26 MESZ,,Shared Library
The Killers,Mr. Brightside,Shared,266,28,1,2026-10-04 09:22:05Z,2026-10-04 11:22:05 MESZ,,Shared Library
The National,About Today (2021 Remaster),Shared,311,2,1,2026-10-03 21:46:25Z,2026-10-03 23:46:25 MESZ,,Shared Library
The Rolling Stones,"Paint It, Black",Shared,335,30,0,2026-09-18 00:59:16Z,2026-09-18 02:59:16 MESZ,,Shared Library
The Rolling Stones,Street Fighting Man,Shared,64,1,1,2026-10-04 06:40:33Z,2026-10-04 08:40:33 MESZ,,Shared Library
The Strokes,Last Nite,Shared,163,22,0,2026-10-03 06:00:54Z,2026-10-03 08:00:54 MESZ,,Shared Library
The Weeknd,Blinding Lights,Shared,330,12,0,2026-09-17 23:27:16Z,2026-09-18 01:27:16 MESZ,,Shared Library
The Weeknd,Gasoline,Shared,971,0,0,2026-07-06 14:18:35Z,2026-07-06 16:18:35 MESZ,,Shared Library
The Weeknd,Starboy,Shared,302,1,0,2026-10-02 23:42:53Z,2026-10-03 01:42:53 MESZ,,Shared Library
Tinashe,Nasty,Shared,18,4,1,2026-10-04 17:19:34Z,2026-10-04 19:19:34 MESZ,,Shared Library
Tove Lo,No One Dies From Love,Shared,18,10,0,2026-10-02 20:16:23Z,2026-10-02 22:16:23 MESZ,,Shared Library
Tracy Chapman,Fast Car  (2015 Remaster),Shared,118,33,1,2026-10-04 07:10:05Z,2026-10-04 09:10:05 MESZ,,Shared Library
twenty one pilots,Stressed Out,Shared,31,6,0,2026-09-17 23:09:44Z,2026-09-18 01:09:44 MESZ,,Shared Library
Tycho,A Walk,Shared,788,36,2,2026-10-04 16:40:34Z,2026-10-04 18:40:34 MESZ,,Shared Library
Tycho,Dive,Shared,111,51,1,2026-10-04 05:07:05Z,2026-10-04 07:07:05 MESZ,,Shared Library
Tyla,Water,Shared,16,0,0,2026-07-07 16:27:13Z,2026-07-07 18:27:13 MESZ,,Shared Library
U2,Where The Streets Have No Name (Remastered 2007),Shared,73,18,0,2026-09-27 22:43:45Z,2026-09-28 00:43:45 MESZ,,Shared Library
Ultravox,Vienna (2008 Remaster),Shared,19,8,0,2026-10-02 07:06:23Z,2026-10-02 09:06:23 MESZ,,Shared Library
USA for Africa,We Are The World,Shared,57,1,0,2026-10-03 07:46:54Z,2026-10-03 09:46:54 MESZ,,Shared Library
Wham!,Last Christmas (Single Version),Shared,4,0,0,2026-08-23 06:56:19Z,2026-08-23 08:56:19 MESZ,,Shared Library
Wilson Pickett,In the Midnight Hour,Shared,3,0,0,2026-07-05 19:04:29Z,2026-07-05 21:04:29 MESZ,,Shared Library
Wizkid,Essence,Shared,3,1,0,2026-10-03 06:25:24Z,2026-10-03 08:25:24 MESZ,,Shared Library
Yellow Magic Orchestra,RYDEEN  (2018 Bob Ludwig Remastering),Shared,83,2,0,2026-10-03 04:38:54Z,2026-10-03 06:38:54 MESZ,,Shared Library
Yussef Kamaal,Strings of Light,Shared,30,1,1,2026-10-03 23:36:57Z,2026-10-04 01:36:57 MESZ,,Shared Library
Ólafur Arnalds,Near Light,Shared,21,3,1,2026-10-04 04:54:33Z,2026-10-04 06:54:33 MESZ,,Shared Library
01099,Tempo,Station-Specific,2,0,0,2026-08-17 20:45:23Z,2026-08-17 22:45:23 MESZ,,Scraper Logs (BB Play History)
102 Boyz,Bier,Station-Specific,43,4,0,2026-09-14 18:23:55Z,2026-09-14 20:23:55 MESZ,,Scraper Logs (BB Play History)
1petrikov,Good Ole' Days  (Remastered),Station-Specific,7,6,1,2026-10-04 01:54:59Z,2026-10-04 03:54:59 MESZ,,Scraper Logs (BB Play History)
2 Unlimited,Tribal Dance,Station-Specific,128,19,0,2026-09-23 15:11:05Z,2026-09-23 17:11:05 MESZ,,Scraper Logs (BB Play History)
2Raumwohnung,36GRAD,Station-Specific,204,13,0,2026-09-16 04:19:34Z,2026-09-16 06:19:34 MESZ,,Scraper Logs (BB Play History)
A Tribe Called Quest,Can I Kick It?,Station-Specific,7,3,1,2026-10-04 13:07:34Z,2026-10-04 15:07:34 MESZ,,Scraper Logs (BB Play History)
Abay,Always Hardcore (Scooter Medley),Station-Specific,2,2,1,2026-10-04 03:39:01Z,2026-10-04 05:39:01 MESZ,,Scraper Logs (BB Play History)
ABBA,Dancing Queen,Station-Specific,169,32,0,2026-10-01 18:58:43Z,2026-10-01 20:58:43 MESZ,,Scraper Logs (BB Play History)
ABBA,Fernando,Station-Specific,64,23,0,2026-10-02 02:38:19Z,2026-10-02 04:38:19 MESZ,,Scraper Logs (BB Play History)
ABBA,Mamma Mia,Station-Specific,3,3,0,2026-10-02 11:14:23Z,2026-10-02 13:14:23 MESZ,,Scraper Logs (BB Play History)
Abor & Tynna,Baller,Station-Specific,1,0,0,2026-06-05 22:47:11Z,2026-06-06 00:47:11 MESZ,,Scraper Logs (BB Play History)
Across Boundaries,Sakura,Station-Specific,2,2,0,2026-09-19 20:09:33Z,2026-09-19 22:09:33 MESZ,,Scraper Logs (BB Play History)
Adel Tawil,Ist da jemand,Station-Specific,66,7,0,2026-09-29 13:36:27Z,2026-09-29 15:36:27 MESZ,,Scraper Logs (BB Play History)
Adel Tawil,Lieder (Live),Station-Specific,42,6,0,2026-09-17 03:35:40Z,2026-09-17 05:35:40 MESZ,,Scraper Logs (BB Play History)
Aerosmith,Adam's Apple,Station-Specific,1,0,0,2026-06-02 20:20:44Z,2026-06-02 22:20:44 MESZ,,Scraper Logs (BB Play History)
Aerosmith,Big Ten Inch Record,Station-Specific,1,0,0,2026-06-02 20:29:35Z,2026-06-02 22:29:35 MESZ,,Scraper Logs (BB Play History)
Aerosmith,Dream On,Station-Specific,73,12,0,2026-09-16 10:19:04Z,2026-09-16 12:19:04 MESZ,,Scraper Logs (BB Play History)
Aerosmith,No More No More,Station-Specific,1,0,0,2026-06-02 20:32:35Z,2026-06-02 22:32:35 MESZ,,Scraper Logs (BB Play History)
Aerosmith,Round And Round,Station-Specific,1,0,0,2026-06-02 20:37:35Z,2026-06-02 22:37:35 MESZ,,Scraper Logs (BB Play History)
Aerosmith,Sweet Emotion,Station-Specific,2,0,0,2026-06-04 10:12:38Z,2026-06-04 12:12:38 MESZ,,Scraper Logs (BB Play History)
Aerosmith,Uncle Salty,Station-Specific,2,0,0,2026-06-04 08:47:37Z,2026-06-04 10:47:37 MESZ,,Scraper Logs (BB Play History)
Aerosmith,Walk This Way,Station-Specific,8,2,0,2026-09-09 06:47:11Z,2026-09-09 08:47:11 MESZ,,Scraper Logs (BB Play History)
Aerosmith,You See Me Crying,Station-Specific,1,0,0,2026-06-02 20:43:36Z,2026-06-02 22:43:36 MESZ,,Scraper Logs (BB Play History)
Afrojack,SummerThing!,Station-Specific,10,1,1,2026-10-03 19:47:25Z,2026-10-03 21:47:25 MESZ,,Scraper Logs (BB Play History)
Air,All I Need (feat. Beth Hirsch),Station-Specific,11,11,1,2026-10-03 22:55:27Z,2026-10-04 00:55:27 MESZ,,Scraper Logs (BB Play History)
Al Bowlly,I Can't Get Mississippi Off My Mind,Station-Specific,120,11,0,2026-09-17 19:20:43Z,2026-09-17 21:20:43 MESZ,,Scraper Logs (BB Play History)
Al Bowlly,"Midnight, The Stars And You",Station-Specific,189,15,0,2026-09-19 08:10:33Z,2026-09-19 10:10:33 MESZ,,Scraper Logs (BB Play History)
Alcazar,Crying at the Discoteque (Radio Edit),Station-Specific,167,46,1,2026-10-04 09:52:34Z,2026-10-04 11:52:34 MESZ,,Scraper Logs (BB Play History)
Alexander Marcus,Hundi,Station-Specific,77,12,0,2026-09-18 05:52:21Z,2026-09-18 07:52:21 MESZ,,Scraper Logs (BB Play History)
Alexandra Căpitănescu,Choke Me,Station-Specific,5,4,0,2026-10-02 20:38:53Z,2026-10-02 22:38:53 MESZ,,Scraper Logs (BB Play History)
Alligatoah,Beinebrechen,Station-Specific,39,4,0,2026-09-15 23:40:29Z,2026-09-16 01:40:29 MESZ,,Scraper Logs (BB Play History)
Alligatoah,Willst du,Station-Specific,106,13,1,2026-10-04 11:18:34Z,2026-10-04 13:18:34 MESZ,,Scraper Logs (BB Play History)
Alpenbrass Tirol,Böhmischer Traum,Station-Specific,62,23,0,2026-10-03 16:49:55Z,2026-10-03 18:49:55 MESZ,,Scraper Logs (BB Play History)
Alt-J,Breezeblocks,Station-Specific,5,2,2,2026-10-04 18:01:05Z,2026-10-04 20:01:05 MESZ,,Scraper Logs (BB Play History)
Amadeus Quartet,Deutsche Nationalhymne,Station-Specific,5,2,0,2026-10-03 17:17:25Z,2026-10-03 19:17:25 MESZ,,Scraper Logs (BB Play History)
Anime Allstars,Das Geheimnis der Dragonballs (Dragonball),Station-Specific,13,3,0,2026-09-15 18:13:29Z,2026-09-15 20:13:29 MESZ,,Scraper Logs (BB Play History)
Anime Allstars,Leb deinen Traum (Digimon),Station-Specific,28,0,0,2026-08-17 15:15:22Z,2026-08-17 17:15:22 MESZ,,Scraper Logs (BB Play History)
annapantsu,Rainbow Connection,Station-Specific,1,0,0,2026-08-24 13:34:57Z,2026-08-24 15:34:57 MESZ,,Scraper Logs (BB Play History)
Annenmaykantereit,Pocahontas,Station-Specific,16,10,1,2026-10-04 11:43:34Z,2026-10-04 13:43:34 MESZ,,Scraper Logs (BB Play History)
Anyma,Beautiful,Station-Specific,7,2,0,2026-10-02 19:59:54Z,2026-10-02 21:59:54 MESZ,,Scraper Logs (BB Play History)
Apache 207,Roller,Station-Specific,10,5,1,2026-10-04 11:01:34Z,2026-10-04 13:01:34 MESZ,,Scraper Logs (BB Play History)
Aphex Twin,Flim,Station-Specific,74,28,1,2026-10-04 04:51:33Z,2026-10-04 06:51:33 MESZ,,Scraper Logs (BB Play History)
Aphex Twin,Rhubarb Orc. 19.53 Rev,Station-Specific,112,24,1,2026-10-04 08:06:33Z,2026-10-04 10:06:33 MESZ,,Scraper Logs (BB Play History)
April Stevens,Teach Me Tiger,Station-Specific,26,5,0,2026-09-16 20:53:04Z,2026-09-16 22:53:04 MESZ,,Scraper Logs (BB Play History)
Apsilon,Ein Fuß vor den anderen,Station-Specific,53,0,0,2026-08-26 12:17:13Z,2026-08-26 14:17:13 MESZ,,Scraper Logs (BB Play History)
Arbok 48,Der letzte große Sommer,Station-Specific,2,0,0,2026-06-06 01:43:42Z,2026-06-06 03:43:42 MESZ,,Scraper Logs (BB Play History)
Ariana Grande,Into You,Station-Specific,5,2,1,2026-10-04 17:00:34Z,2026-10-04 19:00:34 MESZ,,Scraper Logs (BB Play History)
ARTMS,Virtual Angel,Station-Specific,49,3,0,2026-09-12 07:48:36Z,2026-09-12 09:48:36 MESZ,,Scraper Logs (BB Play History)
Atlas Genius,If So,Station-Specific,2,1,0,2026-10-02 08:48:22Z,2026-10-02 10:48:22 MESZ,,Scraper Logs (BB Play History)
Avatar,The Dirt I'm Buried In,Station-Specific,2,0,0,2026-06-17 11:03:48Z,2026-06-17 13:03:48 MESZ,,Scraper Logs (BB Play History)
Avicii,- Waiting For Love,Station-Specific,109,20,0,2026-10-02 20:11:53Z,2026-10-02 22:11:53 MESZ,,Scraper Logs (BB Play History)
AYLIVA,Deine Schuld,Station-Specific,1,0,0,2026-06-04 13:27:38Z,2026-06-04 15:27:38 MESZ,,Scraper Logs (BB Play History)
AYLIVA,Renn!,Station-Specific,1,0,0,2026-06-04 13:36:37Z,2026-06-04 15:36:37 MESZ,,Scraper Logs (BB Play History)
Ayşegül Aldinç,Haberi Yok,Station-Specific,1,1,0,2026-09-15 23:46:29Z,2026-09-16 01:46:29 MESZ,,Scraper Logs (BB Play History)
Badchieff,GUT AUS,Station-Specific,4,0,0,2026-08-18 00:10:26Z,2026-08-18 02:10:26 MESZ,,Scraper Logs (BB Play History)
Baltimora,Tarzan Boy,Station-Specific,46,27,0,2026-09-29 11:15:27Z,2026-09-29 13:15:27 MESZ,,Scraper Logs (BB Play History)
Bausa,Was du Liebe nennst,Station-Specific,111,9,1,2026-10-04 11:04:34Z,2026-10-04 13:04:34 MESZ,,Scraper Logs (BB Play History)
Beach House,Space Song,Station-Specific,568,55,1,2026-10-04 10:08:34Z,2026-10-04 12:08:34 MESZ,,Scraper Logs (BB Play History)
Beats by Luca,52 CHICKEN NUGGET (McRave),Station-Specific,16,10,0,2026-09-15 17:46:58Z,2026-09-15 19:46:58 MESZ,,Scraper Logs (BB Play History)
Beats by Luca,Position gefunden (Blitzer App),Station-Specific,38,8,1,2026-10-04 00:32:58Z,2026-10-04 02:32:58 MESZ,,Scraper Logs (BB Play History)
Becky Hill,More! More! More!,Station-Specific,57,9,0,2026-09-17 10:12:43Z,2026-09-17 12:12:43 MESZ,,Scraper Logs (BB Play History)
Bee Gees,Massachusetts,Station-Specific,42,4,0,2026-09-11 19:38:03Z,2026-09-11 21:38:03 MESZ,,Scraper Logs (BB Play History)
Bellaire,Paris City Jazz,Station-Specific,51,41,1,2026-10-04 14:45:34Z,2026-10-04 16:45:34 MESZ,,Scraper Logs (BB Play History)
Benetti House Bar,The Constellation,Station-Specific,82,12,0,2026-09-19 06:41:33Z,2026-09-19 08:41:33 MESZ,,Scraper Logs (BB Play History)
Benny Quick,Motorbiene,Station-Specific,24,8,0,2026-09-13 19:02:16Z,2026-09-13 21:02:16 MESZ,,Scraper Logs (BB Play History)
Bibi und Tina,"No Risk, no Fun (feat. Lina Larissa Strahl, Emilio Moutaoukkil)",Station-Specific,3,2,0,2026-10-03 16:17:55Z,2026-10-03 18:17:55 MESZ,,Scraper Logs (BB Play History)
Bicep,Glue,Station-Specific,66,40,1,2026-10-04 01:06:59Z,2026-10-04 03:06:59 MESZ,,Scraper Logs (BB Play History)
Bill Haley And His Comets,Rock Around The Clock (Remastered),Station-Specific,12,11,0,2026-09-16 17:41:35Z,2026-09-16 19:41:35 MESZ,,Scraper Logs (BB Play History)
Bill Withers,Lovely Day,Station-Specific,45,12,1,2026-10-04 12:48:07Z,2026-10-04 14:48:07 MESZ,,Scraper Logs (BB Play History)
Billy Joel,Piano Man (Album Version),Station-Specific,61,22,0,2026-09-17 06:44:13Z,2026-09-17 08:44:13 MESZ,,Scraper Logs (BB Play History)
Black Lab,Mine Again,Station-Specific,11,1,0,2026-09-11 02:27:56Z,2026-09-11 04:27:56 MESZ,,Scraper Logs (BB Play History)
Bloc Party,Banquet,Station-Specific,52,28,1,2026-10-04 15:41:34Z,2026-10-04 17:41:34 MESZ,,Scraper Logs (BB Play History)
Blondie,Heart Of Glass,Station-Specific,34,30,1,2026-10-04 10:04:34Z,2026-10-04 12:04:34 MESZ,,Scraper Logs (BB Play History)
Blümchen,Herz an Herz,Station-Specific,300,20,1,2026-10-04 00:12:28Z,2026-10-04 02:12:28 MESZ,,Scraper Logs (BB Play History)
Boards of Canada,Dayvan Cowboy,Station-Specific,364,56,1,2026-10-04 05:15:33Z,2026-10-04 07:15:33 MESZ,,Scraper Logs (BB Play History)
Bobby Caldwell,What You Won't Do for Love,Station-Specific,14,6,1,2026-10-04 12:52:34Z,2026-10-04 14:52:34 MESZ,,Scraper Logs (BB Play History)
Bodo Wartke,Die Lösung,Station-Specific,6,4,0,2026-10-03 16:44:55Z,2026-10-03 18:44:55 MESZ,,Scraper Logs (BB Play History)
Bomb The Bass,Winter In July (Ubiquity Mix),Station-Specific,16,5,0,2026-10-03 05:10:24Z,2026-10-03 07:10:24 MESZ,,Scraper Logs (BB Play History)
Bonez MC,Babylon,Station-Specific,1,0,0,2026-06-04 14:07:38Z,2026-06-04 16:07:38 MESZ,,Scraper Logs (BB Play History)
Bonez MC,bissu dumm ¿ MEGALODON REMIX,Station-Specific,10,0,0,2026-09-03 16:32:02Z,2026-09-03 18:32:02 MESZ,,Scraper Logs (BB Play History)
Bonnie McKee,Rewind Your Heart,Station-Specific,4,2,1,2026-10-04 15:01:34Z,2026-10-04 17:01:34 MESZ,,Scraper Logs (BB Play History)
Bonnie Tyler,Total Eclipse of the Heart,Station-Specific,18,0,0,2026-08-10 13:33:41Z,2026-08-10 15:33:41 MESZ,,Scraper Logs (BB Play History)
Bootsy Collins,Psychoticbumpschool (LP Version),Station-Specific,3,1,0,2026-10-03 07:58:54Z,2026-10-03 09:58:54 MESZ,,Scraper Logs (BB Play History)
Bowling For Soup,1985,Station-Specific,10,1,0,2026-10-03 06:21:24Z,2026-10-03 08:21:24 MESZ,,Scraper Logs (BB Play History)
Brasstracks,My Boo,Station-Specific,3,2,0,2026-10-01 14:39:13Z,2026-10-01 16:39:13 MESZ,,Scraper Logs (BB Play History)
Breitner,Baby Bell,Station-Specific,5,3,1,2026-10-04 00:34:58Z,2026-10-04 02:34:58 MESZ,,Scraper Logs (BB Play History)
Brings,Kölsche Jung,Station-Specific,29,11,0,2026-09-28 14:50:17Z,2026-09-28 16:50:17 MESZ,,Scraper Logs (BB Play History)
Buckner & Garcia,"Wreck-It, Wreck-It Ralph (From ""Wreck-It Ralph""/Soundtrack Version)",Station-Specific,4,0,0,2026-06-28 02:01:52Z,2026-06-28 04:01:52 MESZ,,Scraper Logs (BB Play History)
Butschi,Atme Ein (Atme Rauch Aus),Station-Specific,24,3,1,2026-10-04 11:35:05Z,2026-10-04 13:35:05 MESZ,,Scraper Logs (BB Play History)
Böhse Onkelz,Auf gute Freunde,Station-Specific,11,1,0,2026-09-09 12:52:12Z,2026-09-09 14:52:12 MESZ,,Scraper Logs (BB Play History)
C2C,Arcades,Station-Specific,33,20,1,2026-10-04 08:53:33Z,2026-10-04 10:53:33 MESZ,,Scraper Logs (BB Play History)
Call Security,Small Talk,Station-Specific,4,3,1,2026-10-04 16:17:05Z,2026-10-04 18:17:05 MESZ,,Scraper Logs (BB Play History)
Calvin Harris,I'm Not Alone (2019 Edit),Station-Specific,4,4,0,2026-09-18 09:44:24Z,2026-09-18 11:44:24 MESZ,,Scraper Logs (BB Play History)
Calvin Harris,Summer,Station-Specific,81,26,0,2026-09-17 23:13:44Z,2026-09-18 01:13:44 MESZ,,Scraper Logs (BB Play History)
Carly Rae Jepsen,Everywhere You Look (The Fuller House Theme),Station-Specific,6,0,0,2026-05-24 03:36:53Z,2026-05-24 05:36:53 MESZ,,Scraper Logs (BB Play History)
Carpenter Brut,Turbo Killer,Station-Specific,7,7,0,2026-09-21 19:25:19Z,2026-09-21 21:25:19 MESZ,,Scraper Logs (BB Play History)
Carrie Lucas,Dance With You,Station-Specific,31,23,2,2026-10-04 17:08:34Z,2026-10-04 19:08:34 MESZ,,Scraper Logs (BB Play History)
Casper,Lang lebe der Tod,Station-Specific,4,2,1,2026-10-04 11:47:04Z,2026-10-04 13:47:04 MESZ,,Scraper Logs (BB Play History)
Cassius,Feeling for You,Station-Specific,46,46,1,2026-10-04 01:11:29Z,2026-10-04 03:11:29 MESZ,,Scraper Logs (BB Play History)
Celtic Siren Noreen,Penelope's Song The Odyssey,Station-Specific,8,1,1,2026-10-03 19:56:25Z,2026-10-03 21:56:25 MESZ,,Scraper Logs (BB Play History)
Chamber Choir of Europe,"Leck mir den Arsch in B-Flat Major, K. 233",Station-Specific,7,1,0,2026-09-13 23:40:17Z,2026-09-14 01:40:17 MESZ,,Scraper Logs (BB Play History)
Chapo102,Schöne Dinge,Station-Specific,31,0,0,2026-08-26 12:20:13Z,2026-08-26 14:20:13 MESZ,,Scraper Logs (BB Play History)
Charly Lownoise & Mental Theo,Wonderful Days Reloaded,Station-Specific,103,12,0,2026-09-23 15:34:33Z,2026-09-23 17:34:33 MESZ,,Scraper Logs (BB Play History)
Chic,Le Freak,Station-Specific,17,17,1,2026-10-04 14:04:34Z,2026-10-04 16:04:34 MESZ,,Scraper Logs (BB Play History)
Childish Gambino,Redbone,Station-Specific,38,31,1,2026-10-04 16:30:34Z,2026-10-04 18:30:34 MESZ,,Scraper Logs (BB Play History)
Chillyman,Himmelblau,Station-Specific,6,5,1,2026-10-04 08:35:04Z,2026-10-04 10:35:04 MESZ,,Scraper Logs (BB Play History)
Chor des Kameradschaftsbundes Frankfurt/M und großes Blasorchester,Auf Der Heide Blüht Ein Kleines Blümelein (Erika),Station-Specific,2,1,0,2026-10-03 16:42:24Z,2026-10-03 18:42:24 MESZ,,Scraper Logs (BB Play History)
Chris Huelsbeck,Giana Sisters Menu Theme,Station-Specific,16,2,0,2026-09-16 21:30:05Z,2026-09-16 23:30:05 MESZ,,Scraper Logs (BB Play History)
Chris Stapleton,White Horse,Station-Specific,1,1,0,2026-10-03 08:26:24Z,2026-10-03 10:26:24 MESZ,,Scraper Logs (BB Play History)
Christ.Tec,RASENSCHACH,Station-Specific,2,0,0,2026-08-17 12:16:52Z,2026-08-17 14:16:52 MESZ,,Scraper Logs (BB Play History)
Christopher Cross,Sailing,Station-Specific,53,40,1,2026-10-04 07:55:33Z,2026-10-04 09:55:33 MESZ,,Scraper Logs (BB Play History)
CHVRCHES,The Mother We Share,Station-Specific,69,23,1,2026-10-04 08:58:04Z,2026-10-04 10:58:04 MESZ,,Scraper Logs (BB Play History)
Cigarettes After Sex,Apocalypse,Station-Specific,182,18,1,2026-10-04 16:20:34Z,2026-10-04 18:20:34 MESZ,,Scraper Logs (BB Play History)
Clean Bandit,Rather Be (feat. Jess Glynne),Station-Specific,12,8,2,2026-10-04 17:04:34Z,2026-10-04 19:04:34 MESZ,,Scraper Logs (BB Play History)
CLEMENS CHRISTIAN POETZSCH,Klein Paris,Station-Specific,7,4,1,2026-10-04 02:43:30Z,2026-10-04 04:43:30 MESZ,,Scraper Logs (BB Play History)
Coldplay,Fix You,Station-Specific,122,23,0,2026-09-28 07:21:16Z,2026-09-28 09:21:16 MESZ,,Scraper Logs (BB Play History)
Comedian Harmonists,Mein kleiner grüner Kaktus,Station-Specific,82,30,0,2026-09-21 18:27:49Z,2026-09-21 20:27:49 MESZ,,Scraper Logs (BB Play History)
Corey Taylor,"Snuff (Cover / Live in London, '16)",Station-Specific,4,2,1,2026-10-04 12:20:05Z,2026-10-04 14:20:05 MESZ,,Scraper Logs (BB Play History)
Cosmo,TANZSCHEIN,Station-Specific,3,1,0,2026-10-02 15:48:53Z,2026-10-02 17:48:53 MESZ,,Scraper Logs (BB Play History)
Creedence Clearwater Revival,Lookin' Out My Back Door,Station-Specific,35,19,0,2026-09-18 01:42:46Z,2026-09-18 03:42:46 MESZ,,Scraper Logs (BB Play History)
Creedence Clearwater Revival,The Midnight Special,Station-Specific,5,2,2,2026-10-04 18:41:05Z,2026-10-04 20:41:05 MESZ,,Scraper Logs (BB Play History)
Cro,Easy,Station-Specific,88,3,0,2026-09-18 07:35:23Z,2026-09-18 09:35:23 MESZ,,Scraper Logs (BB Play History)
Culture Beat,I Like You,Station-Specific,46,14,0,2026-09-23 15:46:33Z,2026-09-23 17:46:33 MESZ,,Scraper Logs (BB Play History)
Culture Beat,Mr. Vain,Station-Specific,195,19,0,2026-09-23 15:05:05Z,2026-09-23 17:05:05 MESZ,,Scraper Logs (BB Play History)
Cypisolo,Gdzie jest biały węgorz ? (Zejście),Station-Specific,3,1,1,2026-10-04 07:51:04Z,2026-10-04 09:51:04 MESZ,,Scraper Logs (BB Play History)
D'Angelo,Brown Sugar,Station-Specific,384,46,1,2026-10-04 14:30:06Z,2026-10-04 16:30:06 MESZ,,Scraper Logs (BB Play History)
d'Hundskrippln,Gloana Bauer (Teenage Dirtbag),Station-Specific,6,2,1,2026-10-04 02:34:00Z,2026-10-04 04:34:00 MESZ,,Scraper Logs (BB Play History)
D-Block & S-te-Fan,Music Made Addict,Station-Specific,6,4,1,2026-10-04 01:38:59Z,2026-10-04 03:38:59 MESZ,,Scraper Logs (BB Play History)
Daft Punk feat. Pharrell Williams,Get Lucky  (feat. Pharrell Williams and Nile Rodgers),Station-Specific,39,16,1,2026-10-04 14:35:05Z,2026-10-04 16:35:05 MESZ,,Scraper Logs (BB Play History)
Daft Punk feat. Pharrell Williams,Lose Yourself to Dance  (feat. Pharrell Williams),Station-Specific,58,22,1,2026-10-04 09:01:34Z,2026-10-04 11:01:34 MESZ,,Scraper Logs (BB Play History)
Danger Dan,Das ist alles von der Kunstfreiheit gedeckt,Station-Specific,68,12,1,2026-10-04 08:49:34Z,2026-10-04 10:49:34 MESZ,,Scraper Logs (BB Play History)
Daniel Caesar,Get You (feat. Kali Uchis),Station-Specific,199,42,0,2026-10-03 10:11:54Z,2026-10-03 12:11:54 MESZ,,Scraper Logs (BB Play History)
Daniel K Universe,Isolation,Station-Specific,117,5,0,2026-09-17 02:40:38Z,2026-09-17 04:40:38 MESZ,,Scraper Logs (BB Play History)
Dara,Bangaranga,Station-Specific,87,10,1,2026-10-04 03:14:31Z,2026-10-04 05:14:31 MESZ,af1725c4-8ee3-4526-8aba-4f495e951850,Scraper Logs (BB Play History)
DataGlide,Automatic Home,Station-Specific,30,8,0,2026-09-25 07:36:49Z,2026-09-25 09:36:49 MESZ,,Scraper Logs (BB Play History)
DataGlide,Doomscrolling Dance Mix,Station-Specific,21,7,0,2026-09-16 21:00:34Z,2026-09-16 23:00:34 MESZ,,Scraper Logs (BB Play History)
DataGlide,Machine Knows What We Desire,Station-Specific,2,2,0,2026-09-20 06:38:10Z,2026-09-20 08:38:10 MESZ,,Scraper Logs (BB Play History)
David Bowie,Let's Dance  (2018 Remaster),Station-Specific,59,20,0,2026-09-28 10:01:46Z,2026-09-28 12:01:46 MESZ,,Scraper Logs (BB Play History)
David Eisley,Sweet Victory,Station-Specific,3,2,1,2026-10-04 02:38:00Z,2026-10-04 04:38:00 MESZ,,Scraper Logs (BB Play History)
Dean Martin,Let It Snow! Let It Snow! Let It Snow!,Station-Specific,1,0,0,2026-05-24 00:49:21Z,2026-05-24 02:49:21 MESZ,,Scraper Logs (BB Play History)
Dee Jay Hupe,"Wo bist du, mein Sonnenlicht?",Station-Specific,21,6,0,2026-09-17 19:28:44Z,2026-09-17 21:28:44 MESZ,,Scraper Logs (BB Play History)
Deep Forest,Sweet Lullaby,Station-Specific,248,13,0,2026-09-22 08:40:29Z,2026-09-22 10:40:29 MESZ,,Scraper Logs (BB Play History)
Deftones,Be Quiet and Drive (Far Away),Station-Specific,22,2,1,2026-10-04 06:48:05Z,2026-10-04 08:48:05 MESZ,,Scraper Logs (BB Play History)
Die Fantastischen Vier,MfG - Mit freundlichen Grüßen  (2022),Station-Specific,161,9,0,2026-09-16 03:34:33Z,2026-09-16 05:34:33 MESZ,,Scraper Logs (BB Play History)
Die Fantastischen Vier,Tag am Meer (Unplugged),Station-Specific,3,3,0,2026-09-28 13:18:47Z,2026-09-28 15:18:47 MESZ,,Scraper Logs (BB Play History)
Die Lochis,Durchgehend Online,Station-Specific,3,2,1,2026-10-04 04:03:02Z,2026-10-04 06:03:02 MESZ,,Scraper Logs (BB Play History)
Die Prinzen,Alles nur geklaut,Station-Specific,7,0,0,2026-08-18 15:02:40Z,2026-08-18 17:02:40 MESZ,,Scraper Logs (BB Play History)
Die Sacknähte,Unten kommt die Gurke rein,Station-Specific,11,2,1,2026-10-04 00:48:28Z,2026-10-04 02:48:28 MESZ,,Scraper Logs (BB Play History)
Die vier Belcantos,"Gib acht auf dein Herz, Margarete",Station-Specific,113,7,0,2026-09-17 18:51:46Z,2026-09-17 20:51:46 MESZ,,Scraper Logs (BB Play History)
Die Woodys,Fichtl's Lied,Station-Specific,4,1,0,2026-10-03 17:49:25Z,2026-10-03 19:49:25 MESZ,,Scraper Logs (BB Play History)
die ärzte,Junge (Economy Version),Station-Specific,1,0,0,2026-08-17 21:15:53Z,2026-08-17 23:15:53 MESZ,,Scraper Logs (BB Play History)
die ärzte,Lasse redn (Economy Version),Station-Specific,13,9,0,2026-09-30 00:42:00Z,2026-09-30 02:42:00 MESZ,,Scraper Logs (BB Play History)
die ärzte,Schrei nach Liebe,Station-Specific,123,28,0,2026-09-30 00:32:00Z,2026-09-30 02:32:00 MESZ,,Scraper Logs (BB Play History)
die ärzte,Westerland,Station-Specific,169,47,0,2026-10-03 16:30:25Z,2026-10-03 18:30:25 MESZ,,Scraper Logs (BB Play History)
Dietrich Fischer-Dieskau,"Schubert: Erlkönig, D. 328",Station-Specific,4,1,0,2026-10-03 17:41:25Z,2026-10-03 19:41:25 MESZ,,Scraper Logs (BB Play History)
Digable Planets,Rebirth Of Slick (Cool Like Dat),Station-Specific,5,1,1,2026-10-04 06:36:05Z,2026-10-04 08:36:05 MESZ,,Scraper Logs (BB Play History)
Dimitri Vegas & Like Mike,Move Your Body,Station-Specific,100,4,0,2026-09-13 19:20:15Z,2026-09-13 21:20:15 MESZ,,Scraper Logs (BB Play History)
Dimitri Vegas & Like Mike,Thank You (Not So Bad),Station-Specific,11,2,0,2026-10-02 20:03:54Z,2026-10-02 22:03:54 MESZ,,Scraper Logs (BB Play History)
Dirty Loops,Rock You,Station-Specific,9,5,1,2026-10-04 09:07:33Z,2026-10-04 11:07:33 MESZ,,Scraper Logs (BB Play History)
Dirty Loops,Wake Me Up,Station-Specific,6,4,1,2026-10-04 15:14:05Z,2026-10-04 17:14:05 MESZ,,Scraper Logs (BB Play History)
Disclosure,Latch,Station-Specific,16,8,1,2026-10-04 17:41:04Z,2026-10-04 19:41:04 MESZ,,Scraper Logs (BB Play History)
Dive,Captain Nemo,Station-Specific,13,8,0,2026-10-02 07:21:53Z,2026-10-02 09:21:53 MESZ,,Scraper Logs (BB Play History)
DJ Heartstring,Don't Stop,Station-Specific,9,1,0,2026-09-19 21:35:33Z,2026-09-19 23:35:33 MESZ,,Scraper Logs (BB Play History)
Dj Rashad,"Drank, Kush, Barz (feat. DJ Spinn)",Station-Specific,3,2,1,2026-10-04 10:00:34Z,2026-10-04 12:00:34 MESZ,,Scraper Logs (BB Play History)
DJ ROBIN,Layla,Station-Specific,21,3,0,2026-10-03 15:16:55Z,2026-10-03 17:16:55 MESZ,,Scraper Logs (BB Play History)
DJ TÖRKE,HÄRTERE DRINKS,Station-Specific,4,2,0,2026-10-02 20:24:54Z,2026-10-02 22:24:54 MESZ,,Scraper Logs (BB Play History)
DJ TÖRKE,WEISSER REDBULL (Lil Texas Remix),Station-Specific,2,0,0,2026-06-06 14:39:13Z,2026-06-06 16:39:13 MESZ,,Scraper Logs (BB Play History)
Donovan Collins,Killer Queen Bee,Station-Specific,2,1,1,2026-10-04 06:33:03Z,2026-10-04 08:33:03 MESZ,,Scraper Logs (BB Play History)
Dr. Motte and Westbam present,Love Parade 1998 One World One Future  (Offical),Station-Specific,34,14,0,2026-09-19 21:02:33Z,2026-09-19 23:02:33 MESZ,,Scraper Logs (BB Play History)
Dr. Peacock,Das Boot,Station-Specific,24,2,0,2026-09-19 21:22:04Z,2026-09-19 23:22:04 MESZ,,Scraper Logs (BB Play History)
Dr. Peacock,Trip to Valhalla,Station-Specific,8,2,1,2026-10-04 01:50:30Z,2026-10-04 03:50:30 MESZ,,Scraper Logs (BB Play History)
Drahdiwaberl,Plöschberger,Station-Specific,6,3,0,2026-09-18 06:34:22Z,2026-09-18 08:34:22 MESZ,,Scraper Logs (BB Play History)
Drake,Whisper My Name,Station-Specific,3,2,1,2026-10-04 03:59:32Z,2026-10-04 05:59:32 MESZ,,Scraper Logs (BB Play History)
Dua Lipa,Don't Start Now,Station-Specific,1,0,0,2026-07-06 19:05:35Z,2026-07-06 21:05:35 MESZ,,Scraper Logs (BB Play History)
Duke Ellington,The Waltz You Saved for Me (LP Version),Station-Specific,73,7,0,2026-09-16 20:02:35Z,2026-09-16 22:02:35 MESZ,,Scraper Logs (BB Play History)
E Nomine,Mitternacht (2022 Remastered),Station-Specific,33,7,0,2026-10-03 16:34:25Z,2026-10-03 18:34:25 MESZ,,Scraper Logs (BB Play History)
E Nomine,Vater Unser (2023 Remastered),Station-Specific,14,1,0,2026-09-07 21:50:33Z,2026-09-07 23:50:33 MESZ,,Scraper Logs (BB Play History)
"Earth, Wind & Fire",Let's Groove (Album Version),Station-Specific,1,1,1,2026-10-04 17:45:34Z,2026-10-04 19:45:34 MESZ,,Scraper Logs (BB Play History)
"Earth, Wind & Fire",September,Station-Specific,21,21,1,2026-10-04 14:00:34Z,2026-10-04 16:00:34 MESZ,,Scraper Logs (BB Play History)
EAV (Erste Allgemeine Verunsicherung),Ba-Ba Banküberfall,Station-Specific,45,19,0,2026-09-30 19:35:05Z,2026-09-30 21:35:05 MESZ,,Scraper Logs (BB Play History)
EAV (Erste Allgemeine Verunsicherung),Burli,Station-Specific,9,7,0,2026-09-28 18:43:17Z,2026-09-28 20:43:17 MESZ,,Scraper Logs (BB Play History)
Edwin Rosen,leichter//kälter,Station-Specific,162,29,1,2026-10-04 08:27:34Z,2026-10-04 10:27:34 MESZ,,Scraper Logs (BB Play History)
Edwin Rosen,Vertigo,Station-Specific,81,10,0,2026-09-17 09:31:44Z,2026-09-17 11:31:44 MESZ,,Scraper Logs (BB Play History)
Eisbrecher,This is Deutsch,Station-Specific,3,2,0,2026-09-19 05:23:32Z,2026-09-19 07:23:32 MESZ,,Scraper Logs (BB Play History)
Ellis,The Taste,Station-Specific,28,5,0,2026-09-18 10:43:54Z,2026-09-18 12:43:54 MESZ,,Scraper Logs (BB Play History)
Elton John,I'm Still Standing,Station-Specific,3,3,0,2026-09-17 14:41:44Z,2026-09-17 16:41:44 MESZ,,Scraper Logs (BB Play History)
Elvis Presley,(Let Me Be Your) Teddy Bear,Station-Specific,17,4,0,2026-09-15 01:15:55Z,2026-09-15 03:15:55 MESZ,,Scraper Logs (BB Play History)
Elvis Presley,Hound Dog,Station-Specific,15,11,0,2026-09-19 08:35:33Z,2026-09-19 10:35:33 MESZ,,Scraper Logs (BB Play History)
Eminem,Without Me (Album Version),Station-Specific,12,3,0,2026-09-10 05:20:18Z,2026-09-10 07:20:18 MESZ,,Scraper Logs (BB Play History)
Emitt Rhodes,Somebody Made For Me,Station-Specific,3,0,0,2026-06-14 09:17:48Z,2026-06-14 11:17:48 MESZ,,Scraper Logs (BB Play History)
Engst,Wenn du dumm bist,Station-Specific,16,13,0,2026-09-15 19:48:28Z,2026-09-15 21:48:28 MESZ,,Scraper Logs (BB Play History)
Enya,Orinoco Flow,Station-Specific,434,17,1,2026-10-03 22:36:57Z,2026-10-04 00:36:57 MESZ,,Scraper Logs (BB Play History)
Equilibrium,Unbesiegt,Station-Specific,47,17,0,2026-10-02 14:46:53Z,2026-10-02 16:46:53 MESZ,,Scraper Logs (BB Play History)
Erdem Kınay,Mahşer,Station-Specific,6,2,1,2026-10-04 02:30:30Z,2026-10-04 04:30:30 MESZ,,Scraper Logs (BB Play History)
Eric Clapton,Tears in Heaven (Acoustic Live),Station-Specific,6,1,0,2026-09-18 08:06:54Z,2026-09-18 10:06:54 MESZ,,Scraper Logs (BB Play History)
Erlon Chaves,Velvet Mornings  / Shabala,Station-Specific,1,0,0,2026-06-04 12:51:37Z,2026-06-04 14:51:37 MESZ,,Scraper Logs (BB Play History)
Ernst Mosch und seine Original Egerländer Musikanten,Auf der Vogelwiese,Station-Specific,7,5,0,2026-10-03 17:19:24Z,2026-10-03 19:19:24 MESZ,,Scraper Logs (BB Play History)
Etienne de Crécy,Prix choc,Station-Specific,21,21,1,2026-10-04 00:57:28Z,2026-10-04 02:57:28 MESZ,,Scraper Logs (BB Play History)
Euology,Logic,Station-Specific,29,5,1,2026-10-04 03:17:31Z,2026-10-04 05:17:31 MESZ,7b389d71-4ea8-4b47-9ef2-11236df7a37e,Scraper Logs (BB Play History)
Evan Fong,pe$o$,Station-Specific,83,8,0,2026-09-20 00:51:36Z,2026-09-20 02:51:36 MESZ,,Scraper Logs (BB Play History)
Evanescence,Going Under,Station-Specific,48,19,0,2026-09-18 01:38:17Z,2026-09-18 03:38:17 MESZ,,Scraper Logs (BB Play History)
Evil Neuro,BOOM,Station-Specific,5,2,0,2026-09-16 21:13:05Z,2026-09-16 23:13:05 MESZ,,Scraper Logs (BB Play History)
Extrabreit,"Hurra, hurra, die Schule brennt",Station-Specific,7,7,0,2026-09-30 00:45:30Z,2026-09-30 02:45:30 MESZ,,Scraper Logs (BB Play History)
Faithless,Insomnia (Monster Mix),Station-Specific,217,31,0,2026-10-02 10:43:23Z,2026-10-02 12:43:23 MESZ,,Scraper Logs (BB Play History)
Falco,Rock Me Amadeus,Station-Specific,118,18,1,2026-10-04 17:37:34Z,2026-10-04 19:37:34 MESZ,,Scraper Logs (BB Play History)
Fettes Brot,Jein (Live),Station-Specific,109,10,1,2026-10-04 00:52:29Z,2026-10-04 02:52:29 MESZ,,Scraper Logs (BB Play History)
Finch,Abfahrt,Station-Specific,196,14,1,2026-10-04 00:29:28Z,2026-10-04 02:29:28 MESZ,,Scraper Logs (BB Play History)
Fleet Foxes,Mykonos,Station-Specific,12,4,0,2026-09-28 23:44:49Z,2026-09-29 01:44:49 MESZ,,Scraper Logs (BB Play History)
Fleetwood Mac,Dreams  (2001 Remaster),Station-Specific,19,15,1,2026-10-04 12:57:34Z,2026-10-04 14:57:34 MESZ,,Scraper Logs (BB Play History)
Flight Facilities,Crave You,Station-Specific,30,23,1,2026-10-04 18:45:34Z,2026-10-04 20:45:34 MESZ,,Scraper Logs (BB Play History)
Flying Lotus,Do The Astral Plane,Station-Specific,11,3,1,2026-10-04 02:46:00Z,2026-10-04 04:46:00 MESZ,,Scraper Logs (BB Play History)
FM-84,Running in the Night,Station-Specific,10,10,0,2026-10-03 04:48:24Z,2026-10-03 06:48:24 MESZ,,Scraper Logs (BB Play History)
Foghat,Burnin' the Midnight Oil,Station-Specific,2,0,0,2026-06-15 20:44:31Z,2026-06-15 22:44:31 MESZ,,Scraper Logs (BB Play History)
Foo Fighters,Everlong,Station-Specific,47,15,2,2026-10-04 18:14:34Z,2026-10-04 20:14:34 MESZ,,Scraper Logs (BB Play History)
Foster The People,Pumped Up Kicks,Station-Specific,60,33,2,2026-10-04 15:28:05Z,2026-10-04 17:28:05 MESZ,,Scraper Logs (BB Play History)
Four Four,Since I Left You,Station-Specific,4,4,1,2026-10-04 02:07:00Z,2026-10-04 04:07:00 MESZ,,Scraper Logs (BB Play History)
Four Tet,Lush,Station-Specific,155,50,1,2026-10-04 09:41:34Z,2026-10-04 11:41:34 MESZ,,Scraper Logs (BB Play History)
Fox Amoore,Come Find Me,Station-Specific,24,3,0,2026-10-03 11:42:24Z,2026-10-03 13:42:24 MESZ,,Scraper Logs (BB Play History)
Frank Ocean,Thinkin Bout You (Spring Sampler / 2012),Station-Specific,22,20,1,2026-10-04 12:11:04Z,2026-10-04 14:11:04 MESZ,,Scraper Logs (BB Play History)
Frank Sinatra,My Way,Station-Specific,79,15,0,2026-09-19 19:28:05Z,2026-09-19 21:28:05 MESZ,,Scraper Logs (BB Play History)
Frank Zander,Captain Starlight,Station-Specific,4,2,0,2026-10-03 16:24:55Z,2026-10-03 18:24:55 MESZ,,Scraper Logs (BB Play History)
Frank Zander,Hier kommt Kurt,Station-Specific,4,4,0,2026-09-19 18:10:05Z,2026-09-19 20:10:05 MESZ,,Scraper Logs (BB Play History)
Franz Ferdinand,Take Me Out,Station-Specific,54,29,1,2026-10-04 15:37:34Z,2026-10-04 17:37:34 MESZ,,Scraper Logs (BB Play History)
Fred again..,Victory Lap,Station-Specific,54,14,1,2026-10-04 02:40:31Z,2026-10-04 04:40:31 MESZ,,Scraper Logs (BB Play History)
Fugees,Ready or Not,Station-Specific,6,2,1,2026-10-04 04:12:32Z,2026-10-04 06:12:32 MESZ,,Scraper Logs (BB Play History)
Gala,Freed From Desire,Station-Specific,193,23,0,2026-09-23 15:00:33Z,2026-09-23 17:00:33 MESZ,,Scraper Logs (BB Play History)
Gebirgsmusikkorps Garmisch-Partenkirchen,Badner Lied,Station-Specific,2,1,0,2026-10-03 15:33:25Z,2026-10-03 17:33:25 MESZ,,Scraper Logs (BB Play History)
Georg Danzer,Ruaf mi net an,Station-Specific,11,11,0,2026-09-30 19:28:05Z,2026-09-30 21:28:05 MESZ,,Scraper Logs (BB Play History)
Georg Nettelmann,Mir ist so nach dir,Station-Specific,95,13,0,2026-09-19 06:28:32Z,2026-09-19 08:28:32 MESZ,,Scraper Logs (BB Play History)
Gerhard Wendland,Ich habe leider kein Vermögen,Station-Specific,20,7,0,2026-09-16 18:47:05Z,2026-09-16 20:47:05 MESZ,,Scraper Logs (BB Play History)
Gerry Rafferty,Baker Street,Station-Specific,38,26,1,2026-10-04 08:00:06Z,2026-10-04 10:00:06 MESZ,,Scraper Logs (BB Play History)
Gianni Suave,Dilemma/Estrel,Station-Specific,1,0,0,2026-06-06 13:01:43Z,2026-06-06 15:01:43 MESZ,,Scraper Logs (BB Play History)
Giant Rooks,Watershed,Station-Specific,4,4,0,2026-09-17 04:44:41Z,2026-09-17 06:44:41 MESZ,,Scraper Logs (BB Play History)
Gigasad,Subways of your mind (Cover-FEX),Station-Specific,21,1,1,2026-10-03 23:45:27Z,2026-10-04 01:45:27 MESZ,,Scraper Logs (BB Play History)
Gigi D'agostino,L'Amour Toujours,Station-Specific,219,26,1,2026-10-03 20:30:25Z,2026-10-03 22:30:25 MESZ,,Scraper Logs (BB Play History)
Gilbert Bécaud,Nathalie  (Version allemande),Station-Specific,4,0,0,2026-08-17 15:40:23Z,2026-08-17 17:40:23 MESZ,,Scraper Logs (BB Play History)
Giuseppe Milici,Fly Me To The Moon (featuring Tom Gaebel),Station-Specific,8,7,0,2026-09-20 00:57:06Z,2026-09-20 02:57:06 MESZ,,Scraper Logs (BB Play History)
Glasperlenspiel,Nie vergessen,Station-Specific,9,8,1,2026-10-04 08:31:04Z,2026-10-04 10:31:04 MESZ,,Scraper Logs (BB Play History)
Glass Animals,Heat Waves (Stripped Back),Station-Specific,29,6,0,2026-09-17 15:12:13Z,2026-09-17 17:12:13 MESZ,,Scraper Logs (BB Play History)
Gossip,Standing In the Way of Control,Station-Specific,33,23,0,2026-09-30 21:35:35Z,2026-09-30 23:35:35 MESZ,,Scraper Logs (BB Play History)
GPF,All Goes Wrong,Station-Specific,123,4,0,2026-09-18 16:29:55Z,2026-09-18 18:29:55 MESZ,,Scraper Logs (BB Play History)
Grandmaster Flash & The Furious Five,The Message,Station-Specific,62,1,0,2026-09-07 21:55:34Z,2026-09-07 23:55:34 MESZ,,Scraper Logs (BB Play History)
Green Day,American Idiot (Album Version),Station-Specific,2,2,0,2026-09-27 22:28:45Z,2026-09-28 00:28:45 MESZ,,Scraper Logs (BB Play History)
Green Day,Basket Case,Station-Specific,32,5,1,2026-10-04 10:42:06Z,2026-10-04 12:42:06 MESZ,,Scraper Logs (BB Play History)
Grillmaster Flash,Der Hund von Baskerville (feat. Bela B),Station-Specific,1,0,0,2026-06-06 07:24:13Z,2026-06-06 09:24:13 MESZ,,Scraper Logs (BB Play History)
Grossstadtgeflüster,Ich kündige,Station-Specific,11,9,0,2026-09-29 13:23:27Z,2026-09-29 15:23:27 MESZ,,Scraper Logs (BB Play History)
Gruppa Viktor,Pachka sigaret,Station-Specific,1,0,0,2026-06-05 21:58:41Z,2026-06-05 23:58:41 MESZ,,Scraper Logs (BB Play History)
GUNSHIP,Tech Noir,Station-Specific,8,8,1,2026-10-04 11:54:34Z,2026-10-04 13:54:34 MESZ,,Scraper Logs (BB Play History)
Gus Dapperton,"Moodna, Once With Grace",Station-Specific,19,11,2,2026-10-04 16:03:34Z,2026-10-04 18:03:34 MESZ,,Scraper Logs (BB Play History)
Haftbefehl,RADW,Station-Specific,3,2,0,2026-09-19 05:20:03Z,2026-09-19 07:20:03 MESZ,,Scraper Logs (BB Play History)
Haindling,Pfeif drauf,Station-Specific,32,29,0,2026-09-30 19:17:05Z,2026-09-30 21:17:05 MESZ,,Scraper Logs (BB Play History)
Halestorm,I Miss the Misery,Station-Specific,3,2,0,2026-10-02 14:43:23Z,2026-10-02 16:43:23 MESZ,,Scraper Logs (BB Play History)
Hans Entertainment,Hoch die Hände - Wochenende (#sotrue) [Hans Entertainment Vs. Finger & Kadel] (Radio Edit),Station-Specific,8,2,0,2026-09-08 15:34:06Z,2026-09-08 17:34:06 MESZ,,Scraper Logs (BB Play History)
Hans Tanz,Nicht kompatibel,Station-Specific,5,4,0,2026-10-02 14:57:23Z,2026-10-02 16:57:23 MESZ,,Scraper Logs (BB Play History)
Hans Tanz,"Schlender-die, Schlender-dai",Station-Specific,8,2,1,2026-10-04 03:42:32Z,2026-10-04 05:42:32 MESZ,,Scraper Logs (BB Play History)
Hans Tanz,Sie menstruiert,Station-Specific,5,1,0,2026-10-03 15:44:25Z,2026-10-03 17:44:25 MESZ,,Scraper Logs (BB Play History)
HBz,King Kong,Station-Specific,9,6,1,2026-10-04 11:32:05Z,2026-10-04 13:32:05 MESZ,,Scraper Logs (BB Play History)
Heino,Westerwaldlied,Station-Specific,4,2,0,2026-10-03 17:31:25Z,2026-10-03 19:31:25 MESZ,,Scraper Logs (BB Play History)
Helene Fischer,Atemlos durch die Nacht,Station-Specific,49,14,0,2026-10-03 16:20:55Z,2026-10-03 18:20:55 MESZ,,Scraper Logs (BB Play History)
Helge Schneider,"Fitze, Fitze, Fatze",Station-Specific,30,9,0,2026-10-03 16:38:25Z,2026-10-03 18:38:25 MESZ,,Scraper Logs (BB Play History)
Hem,Half Acre (Remastered 2025),Station-Specific,14,8,0,2026-10-02 08:16:53Z,2026-10-02 10:16:53 MESZ,,Scraper Logs (BB Play History)
Henry Valentino,Engel in Palermo 2008  (Radio Version),Station-Specific,7,2,0,2026-10-03 16:58:25Z,2026-10-03 18:58:25 MESZ,,Scraper Logs (BB Play History)
Herbert Grönemeyer,Mambo (Remastered 2016),Station-Specific,69,22,0,2026-09-30 19:52:07Z,2026-09-30 21:52:07 MESZ,,Scraper Logs (BB Play History)
Herbert Grönemeyer,Männer (Remastered 2016),Station-Specific,101,16,0,2026-09-16 07:01:04Z,2026-09-16 09:01:04 MESZ,,Scraper Logs (BB Play History)
Herbert Grönemeyer,Was soll das (Remastered 2016),Station-Specific,11,6,1,2026-10-04 19:05:05Z,2026-10-04 21:05:05 MESZ,,Scraper Logs (BB Play History)
Hgich.T,Tanke,Station-Specific,4,0,0,2026-08-27 05:43:19Z,2026-08-27 07:43:19 MESZ,,Scraper Logs (BB Play History)
Hgich.T,Tutenchamun,Station-Specific,13,2,0,2026-09-30 00:20:59Z,2026-09-30 02:20:59 MESZ,,Scraper Logs (BB Play History)
Hia & Do Brass,"Auf, Auf! Hirtenweise",Station-Specific,6,5,0,2026-10-03 17:22:25Z,2026-10-03 19:22:25 MESZ,,Scraper Logs (BB Play History)
Hooverphonic,2 Wicky,Station-Specific,363,19,1,2026-10-03 22:31:56Z,2026-10-04 00:31:56 MESZ,,Scraper Logs (BB Play History)
Hozier,From Eden,Station-Specific,151,14,0,2026-09-17 15:32:13Z,2026-09-17 17:32:13 MESZ,,Scraper Logs (BB Play History)
Hudson Brothers,- Rendezvous,Station-Specific,1,0,0,2026-06-22 00:01:04Z,2026-06-22 02:01:04 MESZ,,Scraper Logs (BB Play History)
Hurra Kinderlieder,Katzenklo,Station-Specific,8,6,0,2026-09-27 11:15:41Z,2026-09-27 13:15:41 MESZ,,Scraper Logs (BB Play History)
Husten,Dasein,Station-Specific,69,4,0,2026-09-14 03:45:21Z,2026-09-14 05:45:21 MESZ,,Scraper Logs (BB Play History)
I Monster,Daydream In Blue,Station-Specific,166,9,0,2026-09-20 06:33:40Z,2026-09-20 08:33:40 MESZ,,Scraper Logs (BB Play History)
Ikimonogakari,Blue Bird,Station-Specific,3,2,0,2026-10-03 14:33:25Z,2026-10-03 16:33:25 MESZ,,Scraper Logs (BB Play History)
Ikkimel,WHO'S THAT,Station-Specific,21,4,1,2026-10-04 01:48:30Z,2026-10-04 03:48:30 MESZ,,Scraper Logs (BB Play History)
ilyproxy,superswag pt. 1,Station-Specific,4,0,0,2026-06-14 21:09:49Z,2026-06-14 23:09:49 MESZ,,Scraper Logs (BB Play History)
Island Vibes,The Puerto Rico Song,Station-Specific,29,3,0,2026-09-14 11:23:53Z,2026-09-14 13:23:53 MESZ,,Scraper Logs (BB Play History)
Jack Johnson,Upside Down,Station-Specific,8,1,0,2026-10-03 07:42:54Z,2026-10-03 09:42:54 MESZ,,Scraper Logs (BB Play History)
Jacques Rotter,Du bist als Kind zu heiß gebadet worden,Station-Specific,16,14,0,2026-09-18 05:34:51Z,2026-09-18 07:34:51 MESZ,,Scraper Logs (BB Play History)
James Brown,I Got You (I Feel Good),Station-Specific,9,4,1,2026-10-04 13:20:34Z,2026-10-04 15:20:34 MESZ,,Scraper Logs (BB Play History)
James Last,Mein Tuut Tuut,Station-Specific,19,18,0,2026-09-27 01:35:31Z,2026-09-27 03:35:31 MESZ,,Scraper Logs (BB Play History)
James Last,"Nimm uns mit, Kapitän / Einmal noch nach Bombay / Der Junge an der Reling (Medley)",Station-Specific,7,6,0,2026-10-03 17:27:25Z,2026-10-03 19:27:25 MESZ,,Scraper Logs (BB Play History)
Jamie xx,Gosh,Station-Specific,12,6,1,2026-10-03 20:07:55Z,2026-10-03 22:07:55 MESZ,,Scraper Logs (BB Play History)
Jan Böhmermann,Grab US by the Pussy,Station-Specific,6,2,0,2026-09-07 11:41:32Z,2026-09-07 13:41:32 MESZ,,Scraper Logs (BB Play History)
Jan Böhmermann,Vegesack,Station-Specific,31,4,0,2026-09-08 18:32:36Z,2026-09-08 20:32:36 MESZ,,Scraper Logs (BB Play History)
Jan Böhmermann & Maik vom LKA,Es gibt keine Nazis in Sachsen,Station-Specific,7,2,1,2026-10-04 04:07:03Z,2026-10-04 06:07:03 MESZ,,Scraper Logs (BB Play History)
Jan Jester,Sauberina,Station-Specific,15,1,0,2026-09-08 15:30:36Z,2026-09-08 17:30:36 MESZ,,Scraper Logs (BB Play History)
Jason Mraz,I'm Yours (From The Casa Nova Sessions),Station-Specific,108,26,0,2026-09-17 14:53:44Z,2026-09-17 16:53:44 MESZ,,Scraper Logs (BB Play History)
JAWNY,Honeypie,Station-Specific,56,17,0,2026-10-01 13:19:14Z,2026-10-01 15:19:14 MESZ,,Scraper Logs (BB Play History)
Jax Jones,House Work,Station-Specific,9,0,0,2026-08-17 21:37:23Z,2026-08-17 23:37:23 MESZ,,Scraper Logs (BB Play History)
Jill Scott,A Long Walk,Station-Specific,3,0,0,2026-05-29 22:38:56Z,2026-05-30 00:38:56 MESZ,,Scraper Logs (BB Play History)
Jim Pandzko,Menschen Leben Tanzen Welt,Station-Specific,19,2,1,2026-10-04 03:21:31Z,2026-10-04 05:21:31 MESZ,,Scraper Logs (BB Play History)
Joerg Reiter,Air Surfing  (Remastered),Station-Specific,4,3,0,2026-09-22 08:24:59Z,2026-09-22 10:24:59 MESZ,,Scraper Logs (BB Play History)
Johanna von Koczian,Das bisschen Haushalt... sagt mein Mann,Station-Specific,24,10,0,2026-09-19 18:22:33Z,2026-09-19 20:22:33 MESZ,,Scraper Logs (BB Play History)
Joji,SLOW DANCING IN THE DARK,Station-Specific,11,7,1,2026-10-04 08:20:34Z,2026-10-04 10:20:34 MESZ,,Scraper Logs (BB Play History)
Josh.,Cordula Grün,Station-Specific,105,29,1,2026-10-04 03:25:01Z,2026-10-04 05:25:01 MESZ,9f37811c-8a90-4556-befa-76420314d6c8,Scraper Logs (BB Play History)
Journey,Separate Ways (Worlds Apart) (Album Version),Station-Specific,2,0,0,2026-06-05 23:06:41Z,2026-06-06 01:06:41 MESZ,,Scraper Logs (BB Play History)
JT Music,Now Hiring at Freddy's,Station-Specific,31,0,0,2026-06-28 01:57:22Z,2026-06-28 03:57:22 MESZ,,Scraper Logs (BB Play History)
Judy Kuhn,"Just Around the Riverbend (From ""Pocahontas"" / Soundtrack Version)",Station-Specific,8,2,0,2026-10-03 11:49:24Z,2026-10-03 13:49:24 MESZ,,Scraper Logs (BB Play History)
Julien Bam,Zahnfee,Station-Specific,11,2,0,2026-10-03 15:20:25Z,2026-10-03 17:20:25 MESZ,,Scraper Logs (BB Play History)
Jürgen Michaels,Micha  (Was hast Du mir nur angetan?),Station-Specific,3,2,0,2026-10-02 17:46:54Z,2026-10-02 19:46:54 MESZ,,Scraper Logs (BB Play History)
K.I.Z,Biergarten Eden (Bonus),Station-Specific,71,0,0,2026-09-02 00:33:23Z,2026-09-02 02:33:23 MESZ,,Scraper Logs (BB Play History)
K.I.Z,Hurra die Welt geht unter,Station-Specific,68,3,0,2026-09-15 23:11:28Z,2026-09-16 01:11:28 MESZ,,Scraper Logs (BB Play History)
K.I.Z,Ich bin Adolf Hitler,Station-Specific,1,0,0,2026-06-06 01:38:42Z,2026-06-06 03:38:42 MESZ,,Scraper Logs (BB Play History)
Kaleen,We Will Rave,Station-Specific,82,12,0,2026-09-17 16:16:14Z,2026-09-17 18:16:14 MESZ,,Scraper Logs (BB Play History)
Kaleo,Way down We Go,Station-Specific,3,1,1,2026-10-04 18:24:34Z,2026-10-04 20:24:34 MESZ,,Scraper Logs (BB Play History)
Kalim,LINEA ROSSA,Station-Specific,3,3,1,2026-10-04 00:37:58Z,2026-10-04 02:37:58 MESZ,,Scraper Logs (BB Play History)
Kanye West,Stronger,Station-Specific,71,4,0,2026-09-10 05:10:18Z,2026-09-10 07:10:18 MESZ,,Scraper Logs (BB Play History)
Karat,Der blaue Planet,Station-Specific,104,15,0,2026-09-17 03:06:09Z,2026-09-17 05:06:09 MESZ,,Scraper Logs (BB Play History)
Katrina And The Waves,Walking On Sunshine,Station-Specific,1,0,0,2026-06-04 12:55:08Z,2026-06-04 14:55:08 MESZ,,Scraper Logs (BB Play History)
Katy B,Katy on a Mission (Album Version),Station-Specific,38,8,0,2026-09-19 21:26:33Z,2026-09-19 23:26:33 MESZ,,Scraper Logs (BB Play History)
Kavinsky,Nightcall,Station-Specific,331,41,2,2026-10-04 18:28:34Z,2026-10-04 20:28:34 MESZ,,Scraper Logs (BB Play History)
Kay One,Senorita,Station-Specific,1,0,0,2026-06-04 14:00:09Z,2026-06-04 16:00:09 MESZ,,Scraper Logs (BB Play History)
Kaytranada,10% (feat. Kali Uchis),Station-Specific,74,26,1,2026-10-04 06:12:33Z,2026-10-04 08:12:33 MESZ,,Scraper Logs (BB Play History)
Kelly Clarkson,Underneath the Tree,Station-Specific,2,0,0,2026-07-22 19:15:17Z,2026-07-22 21:15:17 MESZ,,Scraper Logs (BB Play History)
Kiasmos,Looped,Station-Specific,64,40,0,2026-10-02 05:56:23Z,2026-10-02 07:56:23 MESZ,,Scraper Logs (BB Play History)
Kiddy Club,"Tanzt das Brot (From ""Bernd das Brot"")",Station-Specific,44,7,1,2026-10-04 00:26:28Z,2026-10-04 02:26:28 MESZ,,Scraper Logs (BB Play History)
KitschKrieg,Gut Genug (mit Blumengarten & Shirin David),Station-Specific,29,0,0,2026-08-21 19:19:06Z,2026-08-21 21:19:06 MESZ,,Scraper Logs (BB Play History)
Klangkuenstler,Deine Angst,Station-Specific,4,3,0,2026-10-02 20:46:23Z,2026-10-02 22:46:23 MESZ,,Scraper Logs (BB Play History)
Klangkuenstler,Mein Wille,Station-Specific,8,3,1,2026-10-03 20:12:55Z,2026-10-03 22:12:55 MESZ,,Scraper Logs (BB Play History)
Klsr,Bliss (Slowed),Station-Specific,6,4,1,2026-10-04 01:36:00Z,2026-10-04 03:36:00 MESZ,,Scraper Logs (BB Play History)
Kollegah,Sommer,Station-Specific,2,1,1,2026-10-04 07:43:33Z,2026-10-04 09:43:33 MESZ,,Scraper Logs (BB Play History)
Kool & The Gang,Celebration (Album Version),Station-Specific,8,8,1,2026-10-04 14:10:34Z,2026-10-04 16:10:34 MESZ,,Scraper Logs (BB Play History)
KrabbelStein,Bass of Silence,Station-Specific,5,1,0,2026-10-02 18:07:54Z,2026-10-02 20:07:54 MESZ,,Scraper Logs (BB Play History)
KrabbelStein,Moonlight Echoes (Techno Remix),Station-Specific,3,1,0,2026-10-03 18:59:25Z,2026-10-03 20:59:25 MESZ,,Scraper Logs (BB Play History)
Kraftklub,All die schönen Worte,Station-Specific,62,20,1,2026-10-04 11:51:04Z,2026-10-04 13:51:04 MESZ,,Scraper Logs (BB Play History)
Kraftklub,Ich will nicht nach Berlin,Station-Specific,10,7,0,2026-10-02 17:54:24Z,2026-10-02 19:54:24 MESZ,,Scraper Logs (BB Play History)
Kraftklub,Schüsse in die Luft,Station-Specific,12,8,0,2026-09-30 00:37:29Z,2026-09-30 02:37:29 MESZ,,Scraper Logs (BB Play History)
Kraftklub,Songs für Liam,Station-Specific,183,41,0,2026-09-30 00:49:00Z,2026-09-30 02:49:00 MESZ,,Scraper Logs (BB Play History)
Kraftklub,Unsterblich sein (*),Station-Specific,10,9,0,2026-10-02 14:32:53Z,2026-10-02 16:32:53 MESZ,,Scraper Logs (BB Play History)
Kraftwerk,Computer Liebe,Station-Specific,371,30,1,2026-10-03 20:23:55Z,2026-10-03 22:23:55 MESZ,,Scraper Logs (BB Play History)
Kraftwerk,Tour de France (Etape 2)  (2009 Remaster),Station-Specific,44,6,0,2026-10-01 08:54:43Z,2026-10-01 10:54:43 MESZ,,Scraper Logs (BB Play History)
Käärijä,Cha Cha Cha,Station-Specific,96,4,0,2026-09-18 16:26:55Z,2026-09-18 18:26:55 MESZ,,Scraper Logs (BB Play History)
LaBrassBanda,Keine Sterne in Athen  (Kiah Royal),Station-Specific,4,2,0,2026-09-17 15:55:45Z,2026-09-17 17:55:45 MESZ,,Scraper Logs (BB Play History)
Lady Gaga,Bad Romance,Station-Specific,6,3,1,2026-10-04 12:43:04Z,2026-10-04 14:43:04 MESZ,,Scraper Logs (BB Play History)
Lady Gaga,Mary Jane Holland,Station-Specific,1,1,0,2026-10-03 08:30:54Z,2026-10-03 10:30:54 MESZ,,Scraper Logs (BB Play History)
Ladytron,Playgirl,Station-Specific,212,10,1,2026-10-04 12:38:34Z,2026-10-04 14:38:34 MESZ,,Scraper Logs (BB Play History)
Laura Branigan,Self Control,Station-Specific,11,7,0,2026-09-28 10:35:16Z,2026-09-28 12:35:16 MESZ,,Scraper Logs (BB Play History)
Lauryn Hill,Doo Wop (That Thing),Station-Specific,33,28,1,2026-10-04 14:24:34Z,2026-10-04 16:24:34 MESZ,,Scraper Logs (BB Play History)
LCD Soundsystem,Dance Yrself Clean,Station-Specific,70,20,1,2026-10-04 06:20:05Z,2026-10-04 08:20:05 MESZ,,Scraper Logs (BB Play History)
Le Tigre,Deceptacon,Station-Specific,8,6,1,2026-10-04 15:48:34Z,2026-10-04 17:48:34 MESZ,,Scraper Logs (BB Play History)
Lebo M,"He Lives In You (From ""Rhythm Of The Pride Lands"")",Station-Specific,5,2,1,2026-10-04 03:49:02Z,2026-10-04 05:49:02 MESZ,,Scraper Logs (BB Play History)
Leni Woess,Aura,Station-Specific,23,1,0,2026-09-17 16:13:45Z,2026-09-17 18:13:45 MESZ,,Scraper Logs (BB Play History)
Leon,The Monthly Big Top 15,Station-Specific,1,0,0,2026-06-19 09:03:08Z,2026-06-19 11:03:08 MESZ,,Scraper Logs (BB Play History)
Leon Bridges,River,Station-Specific,49,37,1,2026-10-04 16:52:05Z,2026-10-04 18:52:05 MESZ,,Scraper Logs (BB Play History)
Leon Team,The Sky,Station-Specific,2,0,0,2026-07-30 01:37:14Z,2026-07-30 03:37:14 MESZ,,Scraper Logs (BB Play History)
Leonard Cohen,Suzanne,Station-Specific,9,8,0,2026-10-03 11:11:55Z,2026-10-03 13:11:55 MESZ,,Scraper Logs (BB Play History)
Levi Heron,The Glen  (Levi Heron Edit - GBX & Paul Keenan Remix),Station-Specific,4,1,0,2026-09-06 21:33:24Z,2026-09-06 23:33:24 MESZ,,Scraper Logs (BB Play History)
Lil' Kleine,Stoff und Schnaps,Station-Specific,12,0,0,2026-09-01 16:43:22Z,2026-09-01 18:43:22 MESZ,,Scraper Logs (BB Play History)
Linkin Park,Heavy Is the Crown,Station-Specific,29,11,0,2026-09-16 10:10:34Z,2026-09-16 12:10:34 MESZ,,Scraper Logs (BB Play History)
Linkin Park,In the End,Station-Specific,122,13,1,2026-10-04 11:22:34Z,2026-10-04 13:22:34 MESZ,,Scraper Logs (BB Play History)
Liquido,Ordinary Life,Station-Specific,20,10,1,2026-10-04 05:28:33Z,2026-10-04 07:28:33 MESZ,,Scraper Logs (BB Play History)
Lita Ford,Kiss Me Deadly,Station-Specific,9,1,0,2026-09-07 06:54:02Z,2026-09-07 08:54:02 MESZ,,Scraper Logs (BB Play History)
Little Nell,Time Warp,Station-Specific,8,3,0,2026-09-15 18:28:28Z,2026-09-15 20:28:28 MESZ,,Scraper Logs (BB Play History)
Lo&Leduc,079,Station-Specific,27,2,1,2026-10-04 02:12:00Z,2026-10-04 04:12:00 MESZ,,Scraper Logs (BB Play History)
Loco Erno,Weißer Hai (TekkSchuster Remix),Station-Specific,146,4,0,2026-09-14 17:37:55Z,2026-09-14 19:37:55 MESZ,,Scraper Logs (BB Play History)
Logic,Anziety,Station-Specific,59,0,0,2026-08-16 15:19:39Z,2026-08-16 17:19:39 MESZ,,Scraper Logs (BB Play History)
Lolita,"Seemann, deine Heimat ist das Meer",Station-Specific,94,17,0,2026-10-03 17:24:25Z,2026-10-03 19:24:25 MESZ,,Scraper Logs (BB Play History)
London Boys,London Nights (Bobby To Mix),Station-Specific,3,1,0,2026-10-03 18:11:56Z,2026-10-03 20:11:56 MESZ,,Scraper Logs (BB Play History)
LOOK MUM NO COMPUTER,"Eins, Zwei, Drei",Station-Specific,4,0,0,2026-06-14 06:29:18Z,2026-06-14 08:29:18 MESZ,,Scraper Logs (BB Play History)
Lord Huron,The Night We Met,Station-Specific,308,18,1,2026-10-04 16:11:05Z,2026-10-04 18:11:05 MESZ,,Scraper Logs (BB Play History)
Lorn,Acid Rain,Station-Specific,13,13,0,2026-10-03 03:53:24Z,2026-10-03 05:53:24 MESZ,,Scraper Logs (BB Play History)
Los Del Rio,Macarena (Bayside Boys Remix),Station-Specific,4,0,0,2026-06-27 18:36:50Z,2026-06-27 20:36:50 MESZ,,Scraper Logs (BB Play History)
Lou Reed,Walk On the Wild Side,Station-Specific,20,2,1,2026-10-04 16:25:34Z,2026-10-04 18:25:34 MESZ,,Scraper Logs (BB Play History)
Loverboy,Working for the Weekend,Station-Specific,17,1,1,2026-10-03 20:03:25Z,2026-10-03 22:03:25 MESZ,,Scraper Logs (BB Play History)
Luca-Dante Spadafora,BASS BASS BASS,Station-Specific,165,6,1,2026-10-04 00:23:58Z,2026-10-04 02:23:58 MESZ,,Scraper Logs (BB Play History)
Luca-Dante Spadafora,Mädchen auf dem Pferd,Station-Specific,49,6,1,2026-10-04 11:08:05Z,2026-10-04 13:08:05 MESZ,,Scraper Logs (BB Play History)
Luca-Dante Spadafora,WIR SIND DIE DEUTSCHEN,Station-Specific,5,2,0,2026-10-02 15:52:23Z,2026-10-02 17:52:23 MESZ,,Scraper Logs (BB Play History)
lucadelic,Erlkönig,Station-Specific,4,2,1,2026-10-04 02:22:00Z,2026-10-04 04:22:00 MESZ,,Scraper Logs (BB Play History)
Lucilectric,Mädchen (Mädchen-Radio-Mix),Station-Specific,42,12,0,2026-09-23 15:51:33Z,2026-09-23 17:51:33 MESZ,,Scraper Logs (BB Play History)
M.I.A.,Paper Planes,Station-Specific,18,4,1,2026-10-04 13:51:05Z,2026-10-04 15:51:05 MESZ,,Scraper Logs (BB Play History)
Mac Miller,Good News,Station-Specific,8,2,1,2026-10-04 13:55:07Z,2026-10-04 15:55:07 MESZ,,Scraper Logs (BB Play History)
Mahna Mahna and the Two Snowths,"Mah Na Mah Na (From ""The Muppets""/Soundtrack Version)",Station-Specific,9,5,0,2026-09-15 18:25:30Z,2026-09-15 20:25:30 MESZ,,Scraper Logs (BB Play History)
Marc Eggers,Mon Amour (Original von Hecht),Station-Specific,37,0,0,2026-08-17 15:47:23Z,2026-08-17 17:47:23 MESZ,,Scraper Logs (BB Play History)
Marc Rebillet,Late To Work,Station-Specific,8,6,1,2026-10-04 01:47:29Z,2026-10-04 03:47:29 MESZ,,Scraper Logs (BB Play History)
Marie Davidson,Work It (Soulwax Remix),Station-Specific,11,0,0,2026-08-17 21:53:23Z,2026-08-17 23:53:23 MESZ,,Scraper Logs (BB Play History)
Marie-Celestine,Traces in the Wind,Station-Specific,53,2,0,2026-10-03 11:37:24Z,2026-10-03 13:37:24 MESZ,,Scraper Logs (BB Play History)
Mark Forster,Au Revoir,Station-Specific,4,1,0,2026-10-03 17:34:25Z,2026-10-03 19:34:25 MESZ,,Scraper Logs (BB Play History)
Mark Forster,Chöre,Station-Specific,61,16,1,2026-10-04 11:11:04Z,2026-10-04 13:11:04 MESZ,,Scraper Logs (BB Play History)
Mark Forster,Sowieso,Station-Specific,4,0,0,2026-06-14 22:18:19Z,2026-06-15 00:18:19 MESZ,,Scraper Logs (BB Play History)
Mark Forster,Übermorgen,Station-Specific,41,10,0,2026-09-15 07:23:27Z,2026-09-15 09:23:27 MESZ,,Scraper Logs (BB Play History)
Marteria,Kids (2 Finger An Den Kopf),Station-Specific,3,0,0,2026-08-18 00:15:26Z,2026-08-18 02:15:26 MESZ,,Scraper Logs (BB Play History)
Marti Fischer,RADW (Swing / Jazz Version),Station-Specific,20,5,0,2026-09-18 18:12:59Z,2026-09-18 20:12:59 MESZ,,Scraper Logs (BB Play History)
Marusha,Somewhere over the Rainbow,Station-Specific,24,8,0,2026-09-19 21:11:05Z,2026-09-19 23:11:05 MESZ,,Scraper Logs (BB Play History)
Massive Attack,Teardrop,Station-Specific,478,51,1,2026-10-04 05:55:33Z,2026-10-04 07:55:33 MESZ,,Scraper Logs (BB Play History)
Mau P,Just A Little Bit More,Station-Specific,4,4,0,2026-09-18 11:15:24Z,2026-09-18 13:15:24 MESZ,,Scraper Logs (BB Play History)
MC Bruddaal,Wertstoffhof,Station-Specific,14,2,1,2026-10-04 02:03:29Z,2026-10-04 04:03:29 MESZ,,Scraper Logs (BB Play History)
MC WINDHUND,Uschi (Trance Edit),Station-Specific,5,1,0,2026-09-08 15:58:36Z,2026-09-08 17:58:36 MESZ,,Scraper Logs (BB Play History)
Metallica,Whiskey In The Jar,Station-Specific,4,4,0,2026-09-18 01:32:16Z,2026-09-18 03:32:16 MESZ,,Scraper Logs (BB Play History)
MGMT,Kids (Album Version),Station-Specific,56,25,1,2026-10-04 15:32:04Z,2026-10-04 17:32:04 MESZ,,Scraper Logs (BB Play History)
Michael Gees,49 Deutsche Volkslieder - 40. Ich weiß mir’n Maidlein hübsch und fein,Station-Specific,44,5,1,2026-10-04 08:43:34Z,2026-10-04 10:43:34 MESZ,,Scraper Logs (BB Play History)
Michael Gray,The Weekend (Radio Edit),Station-Specific,42,38,1,2026-10-04 11:26:34Z,2026-10-04 13:26:34 MESZ,,Scraper Logs (BB Play History)
Michael Jackson,Billie Jean,Station-Specific,135,18,2,2026-10-04 17:22:34Z,2026-10-04 19:22:34 MESZ,,Scraper Logs (BB Play History)
Michael McDonald,I Keep Forgettin' (Every Time You're Near),Station-Specific,44,29,1,2026-10-04 08:45:33Z,2026-10-04 10:45:33 MESZ,,Scraper Logs (BB Play History)
Miksu / Macloud,Nachts wach,Station-Specific,1,0,0,2026-08-17 17:40:23Z,2026-08-17 19:40:23 MESZ,,Scraper Logs (BB Play History)
Mitja Nikisch und sein Orchester,"Ich kann, ich will (From ""Lord Byron of Broadway"")",Station-Specific,23,9,0,2026-09-19 18:05:33Z,2026-09-19 20:05:33 MESZ,,Scraper Logs (BB Play History)
Moblack,Yamore (David Mackay Remix),Station-Specific,76,0,0,2026-09-02 23:54:56Z,2026-09-03 01:54:56 MESZ,,Scraper Logs (BB Play History)
Modern Talking,"You're My Heart, You're My Soul",Station-Specific,79,8,1,2026-10-04 17:32:04Z,2026-10-04 19:32:04 MESZ,,Scraper Logs (BB Play History)
Modeselektor,Shipwreck,Station-Specific,30,18,1,2026-10-04 04:28:03Z,2026-10-04 06:28:03 MESZ,,Scraper Logs (BB Play History)
Modjo,Lady (Hear Me Tonight),Station-Specific,198,82,1,2026-10-04 01:16:29Z,2026-10-04 03:16:29 MESZ,,Scraper Logs (BB Play History)
Motorbass,Ezio,Station-Specific,12,12,1,2026-10-04 01:21:29Z,2026-10-04 03:21:29 MESZ,,Scraper Logs (BB Play History)
Mr Oizo,Flat Beat (Radio Edit),Station-Specific,79,52,1,2026-10-04 09:47:04Z,2026-10-04 11:47:04 MESZ,,Scraper Logs (BB Play History)
Mr. Mister,Kyrie,Station-Specific,17,16,0,2026-09-19 16:57:33Z,2026-09-19 18:57:33 MESZ,,Scraper Logs (BB Play History)
Mr. President,Don't You Ever Stop,Station-Specific,28,9,0,2026-09-23 15:38:04Z,2026-09-23 17:38:04 MESZ,,Scraper Logs (BB Play History)
Mumford & Sons,Little Lion Man,Station-Specific,1,0,0,2026-05-28 17:16:23Z,2026-05-28 19:16:23 MESZ,,Scraper Logs (BB Play History)
nand,Dachlatte  (Kalte Liebe Remix),Station-Specific,61,3,0,2026-10-02 21:19:24Z,2026-10-02 23:19:24 MESZ,,Scraper Logs (BB Play History)
Nena,99 Luftballons,Station-Specific,314,22,0,2026-09-18 04:29:50Z,2026-09-18 06:29:50 MESZ,,Scraper Logs (BB Play History)
Nena,? (Fragezeichen),Station-Specific,82,15,0,2026-09-18 05:15:21Z,2026-09-18 07:15:21 MESZ,,Scraper Logs (BB Play History)
Netsky,Everybody Loves The Sunshine,Station-Specific,114,9,0,2026-10-02 21:15:23Z,2026-10-02 23:15:23 MESZ,,Scraper Logs (BB Play History)
Neuro-sama,Colorful Array,Station-Specific,6,1,1,2026-10-03 19:51:26Z,2026-10-03 21:51:26 MESZ,,Scraper Logs (BB Play History)
Neuro-sama,LIFE,Station-Specific,18,0,0,2026-07-22 04:34:45Z,2026-07-22 06:34:45 MESZ,,Scraper Logs (BB Play History)
Neuro-sama,NEVER,Station-Specific,28,5,1,2026-10-04 01:43:29Z,2026-10-04 03:43:29 MESZ,,Scraper Logs (BB Play History)
Neuro-sama,Pattern Recognition (feat. ODDEEO),Station-Specific,2,2,0,2026-10-02 10:26:53Z,2026-10-02 12:26:53 MESZ,,Scraper Logs (BB Play History)
New Order,Blue Monday  (2016 Remaster),Station-Specific,17,15,0,2026-09-21 19:29:19Z,2026-09-21 21:29:19 MESZ,,Scraper Logs (BB Play History)
New Order,Regret,Station-Specific,7,4,0,2026-09-19 16:40:04Z,2026-09-19 18:40:04 MESZ,,Scraper Logs (BB Play History)
Nghtmre,Cyanide,Station-Specific,38,6,0,2026-09-18 14:24:25Z,2026-09-18 16:24:25 MESZ,,Scraper Logs (BB Play History)
Nightwish,Dark Chest Of Wonders (Remastered),Station-Specific,22,17,0,2026-09-30 00:04:30Z,2026-09-30 02:04:30 MESZ,,Scraper Logs (BB Play History)
Nightwish,"Ghost Love Score (Live, at Wacken, 2013)",Station-Specific,20,8,0,2026-09-30 00:10:29Z,2026-09-30 02:10:29 MESZ,,Scraper Logs (BB Play History)
Niko B,Who's That What's That,Station-Specific,9,5,0,2026-09-14 08:39:23Z,2026-09-14 10:39:23 MESZ,,Scraper Logs (BB Play History)
Nina Chuba,Wildberry Lillet,Station-Specific,61,32,1,2026-10-04 10:56:34Z,2026-10-04 12:56:34 MESZ,,Scraper Logs (BB Play History)
Nine Inch Nails,Physical (You're So) (Album Version),Station-Specific,5,0,0,2026-05-24 17:59:27Z,2026-05-24 19:59:27 MESZ,,Scraper Logs (BB Play History)
Nine Inch Nails,The Hand That Feeds,Station-Specific,42,14,0,2026-09-18 01:46:17Z,2026-09-18 03:46:17 MESZ,,Scraper Logs (BB Play History)
Nirvana,Smells Like Teen Spirit,Station-Specific,37,4,1,2026-10-04 10:26:05Z,2026-10-04 12:26:05 MESZ,,Scraper Logs (BB Play History)
Nirvana,Smells Like Teen Spirit (Album Version),Station-Specific,6,3,1,2026-10-04 15:53:34Z,2026-10-04 17:53:34 MESZ,,Scraper Logs (BB Play History)
Noizu,Middle,Station-Specific,45,10,1,2026-10-04 03:08:01Z,2026-10-04 05:08:01 MESZ,81ff3cda-ba9a-4c5b-a390-cb633e740b17,Scraper Logs (BB Play History)
Noizu,Summer 91 (Looking Back),Station-Specific,102,16,0,2026-09-19 20:17:04Z,2026-09-19 22:17:04 MESZ,,Scraper Logs (BB Play History)
Noma,Brain Power,Station-Specific,15,2,1,2026-10-04 02:28:30Z,2026-10-04 04:28:30 MESZ,,Scraper Logs (BB Play History)
Norman Greenbaum,Spirit in the Sky,Station-Specific,2,1,1,2026-10-03 23:55:27Z,2026-10-04 01:55:27 MESZ,,Scraper Logs (BB Play History)
Oasis,Wonderwall (Remastered),Station-Specific,270,25,0,2026-09-17 16:46:44Z,2026-09-17 18:46:44 MESZ,,Scraper Logs (BB Play History)
Obie Fernandez,Another New Dawn,Station-Specific,99,16,0,2026-09-17 02:26:08Z,2026-09-17 04:26:08 MESZ,,Scraper Logs (BB Play History)
Obie Fernandez,Dedication,Station-Specific,58,7,0,2026-09-15 00:23:55Z,2026-09-15 02:23:55 MESZ,,Scraper Logs (BB Play History)
Obie Fernandez,Goodbye Love (Obie’s ‘So Long & Thanks For All The Fish’ Mix),Station-Specific,40,4,0,2026-09-15 00:31:25Z,2026-09-15 02:31:25 MESZ,,Scraper Logs (BB Play History)
Obie Fernandez,Kimbara,Station-Specific,3,1,0,2026-09-04 23:49:13Z,2026-09-05 01:49:13 MESZ,,Scraper Logs (BB Play History)
Obie Fernandez,Naked,Station-Specific,27,5,1,2026-10-04 07:26:33Z,2026-10-04 09:26:33 MESZ,,Scraper Logs (BB Play History)
Obie Fernandez,Spark,Station-Specific,230,16,1,2026-10-04 10:31:34Z,2026-10-04 12:31:34 MESZ,,Scraper Logs (BB Play History)
Obie Fernandez,Take Me Back (Extended Mix),Station-Specific,29,5,0,2026-09-15 00:39:25Z,2026-09-15 02:39:25 MESZ,,Scraper Logs (BB Play History)
Obie Fernandez,The Downfall of Prime,Station-Specific,24,4,0,2026-09-15 00:54:25Z,2026-09-15 02:54:25 MESZ,,Scraper Logs (BB Play History)
Obie Fernandez,The Duel,Station-Specific,32,6,0,2026-09-15 00:16:55Z,2026-09-15 02:16:55 MESZ,,Scraper Logs (BB Play History)
Obie Fernandez,Todo Para Mi (Sholan Extended Remix),Station-Specific,22,5,0,2026-09-15 00:46:25Z,2026-09-15 02:46:25 MESZ,,Scraper Logs (BB Play History)
Oimara,Wackelkontakt,Station-Specific,47,1,1,2026-10-03 23:30:27Z,2026-10-04 01:30:27 MESZ,,Scraper Logs (BB Play History)
Oliver Heldens,Gecko (Overdrive)  (Radio Edit),Station-Specific,11,0,0,2026-08-17 21:33:53Z,2026-08-17 23:33:53 MESZ,,Scraper Logs (BB Play History)
Oliver Heldens,Koala,Station-Specific,11,0,0,2026-08-17 21:44:53Z,2026-08-17 23:44:53 MESZ,,Scraper Logs (BB Play History)
OneRepublic,All The Right Moves,Station-Specific,3,2,1,2026-10-04 04:16:32Z,2026-10-04 06:16:32 MESZ,,Scraper Logs (BB Play History)
Oskar Joost & sein Orchester,Herr Ober zwei Mokka,Station-Specific,30,16,0,2026-09-19 18:02:05Z,2026-09-19 20:02:05 MESZ,,Scraper Logs (BB Play History)
Outliers,The Gambler,Station-Specific,3,1,0,2026-09-06 21:36:54Z,2026-09-06 23:36:54 MESZ,,Scraper Logs (BB Play History)
Panic! At The Disco,I Write Sins Not Tragedies (Album Version),Station-Specific,25,8,0,2026-09-15 06:25:26Z,2026-09-15 08:25:26 MESZ,,Scraper Logs (BB Play History)
Pashanim,Shabab(e)s im VIP,Station-Specific,17,0,0,2026-08-18 00:14:26Z,2026-08-18 02:14:26 MESZ,,Scraper Logs (BB Play History)
Passion Fruit,The Rigga-Ding-Dong-Song (Radio Mix),Station-Specific,27,14,0,2026-09-23 15:55:33Z,2026-09-23 17:55:33 MESZ,,Scraper Logs (BB Play History)
Pat Benatar,Shadows Of The Night,Station-Specific,5,1,0,2026-10-03 06:16:24Z,2026-10-03 08:16:24 MESZ,,Scraper Logs (BB Play History)
Paul Godwin Künstlerensemble,Dr Toler-Hans-Tonl (Anton-Günther-Potpourri),Station-Specific,3,2,0,2026-09-18 06:40:22Z,2026-09-18 08:40:22 MESZ,,Scraper Logs (BB Play History)
Paula Hartmann,Gegenteil von Glück,Station-Specific,46,7,0,2026-09-17 09:13:43Z,2026-09-17 11:13:43 MESZ,,Scraper Logs (BB Play History)
Pavelo & Schnell,Spieltag,Station-Specific,13,0,0,2026-08-17 16:18:23Z,2026-08-17 18:18:23 MESZ,,Scraper Logs (BB Play History)
Peaches,Fuck the Pain Away,Station-Specific,8,7,1,2026-10-04 01:59:00Z,2026-10-04 03:59:00 MESZ,,Scraper Logs (BB Play History)
Pebe Sebert,City's Burning,Station-Specific,3,2,1,2026-10-04 12:24:34Z,2026-10-04 14:24:34 MESZ,,Scraper Logs (BB Play History)
Pepper Coyote,No Cock Like Horse Cock,Station-Specific,2,1,0,2026-10-03 15:47:55Z,2026-10-03 17:47:55 MESZ,,Scraper Logs (BB Play History)
Peter Cornelius,Du entschuldige - i kenn' di,Station-Specific,111,43,1,2026-10-04 19:09:34Z,2026-10-04 21:09:34 MESZ,,Scraper Logs (BB Play History)
Peter Fox,Alles neu (Album Version),Station-Specific,169,18,0,2026-09-29 13:31:27Z,2026-09-29 15:31:27 MESZ,,Scraper Logs (BB Play History)
Peter Fox,Haus am See,Station-Specific,190,26,0,2026-09-29 13:05:27Z,2026-09-29 15:05:27 MESZ,,Scraper Logs (BB Play History)
Peter Fox,Zukunft Pink (feat. Inéz),Station-Specific,128,10,1,2026-10-04 10:52:34Z,2026-10-04 12:52:34 MESZ,,Scraper Logs (BB Play History)
Peter Schilling,Major Tom (...völlig losgelöst) (Völlig losgelöst   Album Version),Station-Specific,316,22,0,2026-09-18 03:26:19Z,2026-09-18 05:26:19 MESZ,,Scraper Logs (BB Play History)
Peter Wackel,Ich verkaufe meinen Körper,Station-Specific,1,0,0,2026-08-24 06:21:27Z,2026-08-24 08:21:27 MESZ,,Scraper Logs (BB Play History)
Phoenix,1901,Station-Specific,128,37,1,2026-10-04 13:47:34Z,2026-10-04 15:47:34 MESZ,,Scraper Logs (BB Play History)
Piano Dreamers,Better in the Dark (Instrumental),Station-Specific,5,2,1,2026-10-04 03:46:02Z,2026-10-04 05:46:02 MESZ,,Scraper Logs (BB Play History)
Player2,"Stadium Rave (from ""SpongeBob SquarePants"")",Station-Specific,11,1,0,2026-09-06 21:29:55Z,2026-09-06 23:29:55 MESZ,,Scraper Logs (BB Play History)
POL1Z1STENS0HN a.k.a. Jan Böhmermann,herz und faust und zwinkerzwinker,Station-Specific,20,0,0,2026-08-27 09:05:19Z,2026-08-27 11:05:19 MESZ,,Scraper Logs (BB Play History)
POL1Z1STENS0HN a.k.a. Jan Böhmermann feat. Justice,Recht kommt (K.O... in KA),Station-Specific,18,1,1,2026-10-04 00:16:28Z,2026-10-04 02:16:28 MESZ,,Scraper Logs (BB Play History)
Pornophonique,Game Over,Station-Specific,20,1,0,2026-09-11 03:30:27Z,2026-09-11 05:30:27 MESZ,,Scraper Logs (BB Play History)
Pornophonique,I Want to Be a Machine,Station-Specific,21,2,0,2026-09-09 22:09:41Z,2026-09-10 00:09:41 MESZ,,Scraper Logs (BB Play History)
Pornophonique,Rock 'N' Roll Hall of Fame,Station-Specific,2,0,0,2026-06-16 04:30:08Z,2026-06-16 06:30:08 MESZ,,Scraper Logs (BB Play History)
Pornophonique,Sad Robot,Station-Specific,99,3,0,2026-09-11 03:20:27Z,2026-09-11 05:20:27 MESZ,,Scraper Logs (BB Play History)
Pornophonique,Space Invaders,Station-Specific,26,2,1,2026-10-04 02:15:30Z,2026-10-04 04:15:30 MESZ,,Scraper Logs (BB Play History)
Portishead,Glory Box (Album Version),Station-Specific,133,44,1,2026-10-04 06:01:33Z,2026-10-04 08:01:33 MESZ,,Scraper Logs (BB Play History)
Prefab Sprout,We Let the Stars Go,Station-Specific,7,0,0,2026-05-24 13:47:26Z,2026-05-24 15:47:26 MESZ,,Scraper Logs (BB Play History)
Pro Arte Kammerorchester München,"Herz und Mund und Tat und Leben, BWV 147: Jesus bleibet meine Freude (Chor) (Orchestral Version by Kurt Redel)",Station-Specific,80,7,0,2026-09-19 06:22:04Z,2026-09-19 08:22:04 MESZ,,Scraper Logs (BB Play History)
Pulp,Disco 2000 (Album Version),Station-Specific,45,20,1,2026-10-04 09:12:33Z,2026-10-04 11:12:33 MESZ,,Scraper Logs (BB Play History)
PUR,Party Hitmix,Station-Specific,36,19,0,2026-09-24 18:43:13Z,2026-09-24 20:43:13 MESZ,,Scraper Logs (BB Play History)
Purple Disco Machine,Die Maschine,Station-Specific,217,33,0,2026-09-26 21:33:27Z,2026-09-26 23:33:27 MESZ,,Scraper Logs (BB Play History)
Queens Of The Stone Age,No One Knows,Station-Specific,42,9,1,2026-10-04 09:25:34Z,2026-10-04 11:25:34 MESZ,,Scraper Logs (BB Play History)
R.E.M.,Losing My Religion,Station-Specific,85,18,0,2026-09-27 22:23:44Z,2026-09-28 00:23:44 MESZ,,Scraper Logs (BB Play History)
Radio-Symphonie-Orchester Berlin,"Radetzky-Marsch, Op.228 - Radetzky-Marsch, Op. 228",Station-Specific,1,0,0,2026-06-16 22:44:41Z,2026-06-17 00:44:41 MESZ,,Scraper Logs (BB Play History)
Radiohead,Creep,Station-Specific,84,23,1,2026-10-04 06:29:04Z,2026-10-04 08:29:04 MESZ,,Scraper Logs (BB Play History)
Radiohead,Nude,Station-Specific,109,22,0,2026-10-02 08:38:23Z,2026-10-02 10:38:23 MESZ,,Scraper Logs (BB Play History)
Rahmschnitzel,Kohle Metal,Station-Specific,1,0,0,2026-06-06 14:58:13Z,2026-06-06 16:58:13 MESZ,,Scraper Logs (BB Play History)
Rainhard Fendrich,I am from Austria,Station-Specific,62,22,1,2026-10-04 19:00:34Z,2026-10-04 21:00:34 MESZ,,Scraper Logs (BB Play History)
Rainhard Fendrich,Weus'd a Herz hast wia a Bergwerk (Live aus der Salzburger Sporthalle / 1985),Station-Specific,6,6,0,2026-10-02 17:05:23Z,2026-10-02 19:05:23 MESZ,,Scraper Logs (BB Play History)
Ralph Maria Siegel,Gasparone - Ich werde jede Nacht von ihnen traumen,Station-Specific,25,12,0,2026-09-19 18:56:33Z,2026-09-19 20:56:33 MESZ,,Scraper Logs (BB Play History)
Rammstein,Deutschland,Station-Specific,32,9,0,2026-09-15 19:42:58Z,2026-09-15 21:42:58 MESZ,,Scraper Logs (BB Play History)
Rammstein,Mann gegen Mann,Station-Specific,23,8,0,2026-09-14 19:29:55Z,2026-09-14 21:29:55 MESZ,,Scraper Logs (BB Play History)
Rammstein,Sonne,Station-Specific,40,13,0,2026-09-16 10:13:35Z,2026-09-16 12:13:35 MESZ,,Scraper Logs (BB Play History)
Red Hot Chili Peppers,Californication,Station-Specific,32,4,2,2026-10-04 18:19:06Z,2026-10-04 20:19:06 MESZ,,Scraper Logs (BB Play History)
Red Hot Chili Peppers,Otherside,Station-Specific,18,6,1,2026-10-04 05:20:33Z,2026-10-04 07:20:33 MESZ,,Scraper Logs (BB Play History)
RedLight,Get Out My Head,Station-Specific,12,0,0,2026-08-17 21:40:23Z,2026-08-17 23:40:23 MESZ,,Scraper Logs (BB Play History)
RetroVision,Let You Go,Station-Specific,55,15,1,2026-10-04 03:11:01Z,2026-10-04 05:11:01 MESZ,98e5497c-b0a2-4a35-8525-e3d69302f02b,Scraper Logs (BB Play History)
Revolverheld,Ich werd' die Welt verändern,Station-Specific,35,17,0,2026-09-18 07:38:53Z,2026-09-18 09:38:53 MESZ,,Scraper Logs (BB Play History)
Richard Ashcroft,Break The Night With Colour,Station-Specific,105,27,0,2026-10-03 11:33:24Z,2026-10-03 13:33:24 MESZ,,Scraper Logs (BB Play History)
Rick Astley,Never Gonna Give You Up,Station-Specific,83,16,0,2026-09-16 16:33:04Z,2026-09-16 18:33:04 MESZ,,Scraper Logs (BB Play History)
Ricky Martin,"The Cup of Life (The Official Song of the World Cup, France '98) (Remix - English Radio Edit)",Station-Specific,6,0,0,2026-06-27 19:11:19Z,2026-06-27 21:11:19 MESZ,,Scraper Logs (BB Play History)
Rio Reiser,Junimond,Station-Specific,85,15,0,2026-09-17 16:09:20Z,2026-09-17 18:09:20 MESZ,,Scraper Logs (BB Play History)
Rio Reiser,König von Deutschland (Album Version),Station-Specific,123,32,0,2026-09-30 19:43:05Z,2026-09-30 21:43:05 MESZ,,Scraper Logs (BB Play History)
Robbie Williams,Rock DJ,Station-Specific,72,17,0,2026-09-17 14:36:45Z,2026-09-17 16:36:45 MESZ,,Scraper Logs (BB Play History)
Roberta Flack,The First Time Ever I Saw Your Face,Station-Specific,1,0,0,2026-06-15 21:13:03Z,2026-06-15 23:13:03 MESZ,,Scraper Logs (BB Play History)
Robyn,Dancing On My Own,Station-Specific,48,31,1,2026-10-04 14:56:34Z,2026-10-04 16:56:34 MESZ,,Scraper Logs (BB Play History)
Rodriguez,Crucify Your Mind,Station-Specific,11,10,1,2026-10-04 12:08:34Z,2026-10-04 14:08:34 MESZ,,Scraper Logs (BB Play History)
Romuvos,Romuvan Dainas,Station-Specific,1,0,0,2026-06-05 22:23:41Z,2026-06-06 00:23:41 MESZ,,Scraper Logs (BB Play History)
ROSALÍA,"Sexo, Violencia y Llantas",Station-Specific,5,5,1,2026-10-04 01:30:29Z,2026-10-04 03:30:29 MESZ,,Scraper Logs (BB Play History)
Roxette,It Must Have Been Love (Christmas for the Broken Hearted),Station-Specific,4,4,0,2026-10-02 01:22:47Z,2026-10-02 03:22:47 MESZ,,Scraper Logs (BB Play History)
Roxette,The Look,Station-Specific,5,5,0,2026-10-02 21:38:24Z,2026-10-02 23:38:24 MESZ,,Scraper Logs (BB Play History)
Roy Bianco & Die Abbrunzati Boys,Bella Napoli,Station-Specific,21,0,0,2026-08-18 14:04:10Z,2026-08-18 16:04:10 MESZ,,Scraper Logs (BB Play History)
Roy Fox,It's June in January,Station-Specific,103,9,1,2026-10-04 08:17:04Z,2026-10-04 10:17:04 MESZ,,Scraper Logs (BB Play History)
RP Boo,Speakers R-4 (Sounds),Station-Specific,3,1,1,2026-10-03 19:13:24Z,2026-10-03 21:13:24 MESZ,,Scraper Logs (BB Play History)
Ruffiction,Wenn ich will (I’m DMA Remix),Station-Specific,2,1,0,2026-10-02 15:04:53Z,2026-10-02 17:04:53 MESZ,,Scraper Logs (BB Play History)
Rumbombe,INSELBANDE,Station-Specific,7,0,0,2026-06-20 17:26:47Z,2026-06-20 19:26:47 MESZ,,Scraper Logs (BB Play History)
Röyksopp,Skulls,Station-Specific,16,14,0,2026-10-02 18:10:23Z,2026-10-02 20:10:23 MESZ,,Scraper Logs (BB Play History)
RÜFÜS DU SOL,Innerbloom,Station-Specific,7,1,0,2026-09-19 11:49:33Z,2026-09-19 13:49:33 MESZ,,Scraper Logs (BB Play History)
S Club,I Really Miss You,Station-Specific,17,6,0,2026-09-11 08:38:01Z,2026-09-11 10:38:01 MESZ,,Scraper Logs (BB Play History)
S.E.P.P.,Maschendrahtzaun,Station-Specific,25,4,0,2026-10-03 16:54:25Z,2026-10-03 18:54:25 MESZ,,Scraper Logs (BB Play History)
S.T.S.,Fürstenfeld,Station-Specific,50,22,0,2026-10-03 17:06:55Z,2026-10-03 19:06:55 MESZ,,Scraper Logs (BB Play History)
S.T.S.,Irgendwann bleib i dann dort,Station-Specific,96,14,0,2026-10-03 11:29:24Z,2026-10-03 13:29:24 MESZ,,Scraper Logs (BB Play History)
S3rl,Jaded AF  (DJ Edit),Station-Specific,10,0,0,2026-05-25 01:32:57Z,2026-05-25 03:32:57 MESZ,,Scraper Logs (BB Play History)
Sade,Smooth Operator (2011 Remastered) (Remastered Version),Station-Specific,57,42,2,2026-10-04 18:56:05Z,2026-10-04 20:56:05 MESZ,,Scraper Logs (BB Play History)
Saint Motel,My Type,Station-Specific,1,1,1,2026-10-04 15:17:34Z,2026-10-04 17:17:34 MESZ,,Scraper Logs (BB Play History)
Santigold,L.E.S. Artistes,Station-Specific,15,5,1,2026-10-04 15:45:05Z,2026-10-04 17:45:05 MESZ,,Scraper Logs (BB Play History)
Schillah,Megan,Station-Specific,2,1,1,2026-10-04 08:13:34Z,2026-10-04 10:13:34 MESZ,,Scraper Logs (BB Play History)
Schiller,Das Glockenspiel (Live),Station-Specific,5,2,1,2026-10-04 02:57:31Z,2026-10-04 04:57:31 MESZ,,Scraper Logs (BB Play History)
Scooter,Hyper Hyper,Station-Specific,10,4,1,2026-10-04 00:20:28Z,2026-10-04 02:20:28 MESZ,,Scraper Logs (BB Play History)
Scooter,Nessaja,Station-Specific,25,21,0,2026-09-23 01:49:01Z,2026-09-23 03:49:01 MESZ,,Scraper Logs (BB Play History)
Scooter,Weekend!,Station-Specific,274,29,0,2026-10-03 14:37:25Z,2026-10-03 16:37:25 MESZ,,Scraper Logs (BB Play History)
SDP,ADAC,Station-Specific,15,1,0,2026-09-15 16:49:27Z,2026-09-15 18:49:27 MESZ,,Scraper Logs (BB Play History)
SDP,Die Nacht von Freitag auf Montag,Station-Specific,21,3,0,2026-09-17 11:14:13Z,2026-09-17 13:14:13 MESZ,,Scraper Logs (BB Play History)
SDP,Mama hat gesagt,Station-Specific,3,0,0,2026-06-08 14:38:29Z,2026-06-08 16:38:29 MESZ,,Scraper Logs (BB Play History)
SDP,Ne Leiche,Station-Specific,5,2,1,2026-10-04 03:54:02Z,2026-10-04 05:54:02 MESZ,,Scraper Logs (BB Play History)
SDP,Tanz aus der Reihe!,Station-Specific,54,7,1,2026-10-04 11:14:34Z,2026-10-04 13:14:34 MESZ,,Scraper Logs (BB Play History)
Seal,Kiss from a Rose (Album Version),Station-Specific,13,0,0,2026-05-24 20:51:56Z,2026-05-24 22:51:56 MESZ,,Scraper Logs (BB Play History)
SEILER UND SPEER,Ham kummst,Station-Specific,76,7,0,2026-09-06 12:39:24Z,2026-09-06 14:39:24 MESZ,,Scraper Logs (BB Play History)
Shakira,Hips Don't Lie,Station-Specific,95,9,0,2026-09-17 23:37:46Z,2026-09-18 01:37:46 MESZ,,Scraper Logs (BB Play History)
SHERELLE,160 DOWN THE A406,Station-Specific,3,1,0,2026-10-03 19:02:25Z,2026-10-03 21:02:25 MESZ,,Scraper Logs (BB Play History)
Shirin David,bauch beine po,Station-Specific,4,3,1,2026-10-04 11:29:34Z,2026-10-04 13:29:34 MESZ,,Scraper Logs (BB Play History)
Sido,Bilder im Kopf,Station-Specific,9,0,0,2026-06-07 21:00:45Z,2026-06-07 23:00:45 MESZ,,Scraper Logs (BB Play History)
Sigur Rós,Hoppípolla,Station-Specific,3,0,0,2026-08-24 02:44:55Z,2026-08-24 04:44:55 MESZ,,Scraper Logs (BB Play History)
Sigur Rós,Svefn-g-englar,Station-Specific,42,20,1,2026-10-03 23:00:27Z,2026-10-04 01:00:27 MESZ,,Scraper Logs (BB Play History)
SII2,Wacher und Kälter,Station-Specific,9,0,0,2026-07-17 02:16:04Z,2026-07-17 04:16:04 MESZ,,Scraper Logs (BB Play History)
Silbermond,Symphonie,Station-Specific,4,4,0,2026-09-18 06:45:22Z,2026-09-18 08:45:22 MESZ,,Scraper Logs (BB Play History)
Sira,Secco Maracuja,Station-Specific,10,0,0,2026-08-18 00:05:26Z,2026-08-18 02:05:26 MESZ,,Scraper Logs (BB Play History)
Skeeter Davis,The End of the World,Station-Specific,145,11,0,2026-09-19 06:59:03Z,2026-09-19 08:59:03 MESZ,,Scraper Logs (BB Play History)
Ski Aggu,Friesenjung,Station-Specific,82,15,1,2026-10-04 10:59:04Z,2026-10-04 12:59:04 MESZ,,Scraper Logs (BB Play History)
Sky Sailing,Sailboats (Album Version),Station-Specific,21,9,1,2026-10-04 10:18:04Z,2026-10-04 12:18:04 MESZ,,Scraper Logs (BB Play History)
Slash,Born Under a Bad Sign  (Live at the S.E.R.P.E.N.T. Festival),Station-Specific,5,3,0,2026-09-19 07:02:04Z,2026-09-19 09:02:04 MESZ,,Scraper Logs (BB Play History)
Slayyyter,CRANK,Station-Specific,4,1,0,2026-10-02 11:04:53Z,2026-10-02 13:04:53 MESZ,,Scraper Logs (BB Play History)
Slayyyter,Mine,Station-Specific,12,4,0,2026-09-14 08:15:23Z,2026-09-14 10:15:23 MESZ,,Scraper Logs (BB Play History)
Snail's House,Hot Milk,Station-Specific,39,7,1,2026-10-04 17:27:34Z,2026-10-04 19:27:34 MESZ,,Scraper Logs (BB Play History)
Snail's House,SIGNAL,Station-Specific,45,11,1,2026-10-03 20:38:55Z,2026-10-03 22:38:55 MESZ,,Scraper Logs (BB Play History)
Solarstone,Evensong,Station-Specific,26,5,1,2026-10-04 07:01:33Z,2026-10-04 09:01:33 MESZ,,Scraper Logs (BB Play History)
Solistenvereinigung des Deutschlandsenders,Auferstanden aus Ruinen (Die Deutsche Nationalhymne der DDR),Station-Specific,4,1,0,2026-10-03 17:38:25Z,2026-10-03 19:38:25 MESZ,,Scraper Logs (BB Play History)
Somewhen,CWWDBI,Station-Specific,5,3,0,2026-10-02 20:42:23Z,2026-10-02 22:42:23 MESZ,,Scraper Logs (BB Play History)
Son Lux,We're All Monsters,Station-Specific,5,0,0,2026-05-25 01:57:57Z,2026-05-25 03:57:57 MESZ,,Scraper Logs (BB Play History)
Sophie Ellis-Bextor,Murder On The Dancefloor (Album Version),Station-Specific,69,51,1,2026-10-04 09:56:33Z,2026-10-04 11:56:33 MESZ,,Scraper Logs (BB Play History)
Soul Asylum,Runaway Train (2022 Remaster),Station-Specific,14,6,0,2026-10-03 14:50:25Z,2026-10-03 16:50:25 MESZ,,Scraper Logs (BB Play History)
Souly,Chrysanthemen,Station-Specific,3,2,0,2026-10-02 19:53:53Z,2026-10-02 21:53:53 MESZ,,Scraper Logs (BB Play History)
Squarepusher,Beep Street,Station-Specific,152,26,1,2026-10-04 05:48:33Z,2026-10-04 07:48:33 MESZ,,Scraper Logs (BB Play History)
St Germain,Rose rouge,Station-Specific,8,8,0,2026-09-20 16:10:41Z,2026-09-20 18:10:41 MESZ,,Scraper Logs (BB Play History)
Steely Dan,Aja,Station-Specific,73,12,2,2026-10-04 18:33:04Z,2026-10-04 20:33:04 MESZ,,Scraper Logs (BB Play History)
Steely Dan,Black Cow,Station-Specific,34,14,0,2026-09-30 23:18:36Z,2026-10-01 01:18:36 MESZ,,Scraper Logs (BB Play History)
Steely Dan,Deacon Blues,Station-Specific,151,39,1,2026-10-04 06:53:33Z,2026-10-04 08:53:33 MESZ,,Scraper Logs (BB Play History)
Steely Dan,Do It Again,Station-Specific,20,2,0,2026-09-29 22:36:59Z,2026-09-30 00:36:59 MESZ,,Scraper Logs (BB Play History)
Steely Dan,Home At Last,Station-Specific,43,11,0,2026-09-16 13:49:04Z,2026-09-16 15:49:04 MESZ,,Scraper Logs (BB Play History)
Steely Dan,Jack of Speed (Album Version),Station-Specific,7,2,1,2026-10-04 03:01:31Z,2026-10-04 05:01:31 MESZ,,Scraper Logs (BB Play History)
Steely Dan,Josie,Station-Specific,30,13,0,2026-09-30 23:35:06Z,2026-10-01 01:35:06 MESZ,,Scraper Logs (BB Play History)
Steely Dan,Kid Charlemagne,Station-Specific,74,22,1,2026-10-04 10:37:34Z,2026-10-04 12:37:34 MESZ,,Scraper Logs (BB Play History)
Steely Dan,Peg,Station-Specific,134,43,1,2026-10-04 14:41:34Z,2026-10-04 16:41:34 MESZ,,Scraper Logs (BB Play History)
Steely Dan,Reelin' In The Years,Station-Specific,22,6,0,2026-09-29 22:43:59Z,2026-09-30 00:43:59 MESZ,,Scraper Logs (BB Play History)
Stefan Raab,"Bitte lass das Licht an (aus ""Das Kanu des Manitu"")",Station-Specific,2,0,0,2026-06-08 14:13:59Z,2026-06-08 16:13:59 MESZ,,Scraper Logs (BB Play History)
Stephan Diez,Sky Diver  (Remastered),Station-Specific,11,4,1,2026-10-04 10:23:05Z,2026-10-04 12:23:05 MESZ,,Scraper Logs (BB Play History)
Steve Lacy,Bad Habit,Station-Specific,30,24,1,2026-10-04 16:36:05Z,2026-10-04 18:36:05 MESZ,,Scraper Logs (BB Play History)
Stickle,Wunderschön,Station-Specific,9,0,0,2026-08-17 16:50:23Z,2026-08-17 18:50:23 MESZ,,Scraper Logs (BB Play History)
Strauss Festival Orchester Wien,"Radetzky March, Op. 228",Station-Specific,19,11,0,2026-10-03 17:45:55Z,2026-10-03 19:45:55 MESZ,,Scraper Logs (BB Play History)
Studio One Project,Infinity 2008 (Originally Performed By Guru Josh Project),Station-Specific,21,16,0,2026-10-02 12:51:24Z,2026-10-02 14:51:24 MESZ,,Scraper Logs (BB Play History)
Stylophonic,If Everybody in the World Loved Everybody in the World  (Edit),Station-Specific,10,3,1,2026-10-04 05:35:04Z,2026-10-04 07:35:04 MESZ,,Scraper Logs (BB Play History)
Subway To Sally,Die Hexe,Station-Specific,7,6,0,2026-09-15 19:20:27Z,2026-09-15 21:20:27 MESZ,,Scraper Logs (BB Play History)
SUV WHATEVER,Dein Pimmel Geht Mir Nicht Mehr Aus Dem Kopf,Station-Specific,2,0,0,2026-06-14 06:54:48Z,2026-06-14 08:54:48 MESZ,,Scraper Logs (BB Play History)
SUV WHATEVER,Heut Bums Ich Ne Fette,Station-Specific,2,0,0,2026-06-14 21:16:19Z,2026-06-14 23:16:19 MESZ,,Scraper Logs (BB Play History)
Suzanne Vega,Tom's Diner,Station-Specific,22,5,1,2026-10-04 07:24:05Z,2026-10-04 09:24:05 MESZ,,Scraper Logs (BB Play History)
SXTN,Die Fotzen sind wieder da,Station-Specific,3,0,0,2026-06-14 22:35:50Z,2026-06-15 00:35:50 MESZ,,Scraper Logs (BB Play History)
System Of A Down,Johnny,Station-Specific,3,2,0,2026-10-02 14:40:23Z,2026-10-02 16:40:23 MESZ,,Scraper Logs (BB Play History)
Sääftig,Bayrisch Drip,Station-Specific,36,8,1,2026-10-04 11:41:05Z,2026-10-04 13:41:05 MESZ,,Scraper Logs (BB Play History)
Taio Cruz,Hangover,Station-Specific,20,4,1,2026-10-04 00:40:58Z,2026-10-04 02:40:58 MESZ,,Scraper Logs (BB Play History)
Taylor Swift,Anti-Hero,Station-Specific,72,9,0,2026-09-15 07:18:57Z,2026-09-15 09:18:57 MESZ,,Scraper Logs (BB Play History)
Taylor Swift,Fortnight,Station-Specific,8,1,0,2026-10-02 09:29:23Z,2026-10-02 11:29:23 MESZ,,Scraper Logs (BB Play History)
Taylor Swift,Shake It Off,Station-Specific,52,7,0,2026-09-15 07:26:57Z,2026-09-15 09:26:57 MESZ,,Scraper Logs (BB Play History)
Tchami,Promesses (Radio Edit),Station-Specific,12,0,0,2026-08-17 21:49:53Z,2026-08-17 23:49:53 MESZ,,Scraper Logs (BB Play History)
Tessa Violet,I Love Being Wrong,Station-Specific,5,1,0,2026-10-03 06:40:24Z,2026-10-03 08:40:24 MESZ,,Scraper Logs (BB Play History)
Tessa Violet,Knowing,Station-Specific,6,1,1,2026-10-04 12:04:04Z,2026-10-04 14:04:04 MESZ,,Scraper Logs (BB Play History)
The Backseat Lovers,Kilby Girl,Station-Specific,2,0,0,2026-06-14 07:02:18Z,2026-06-14 09:02:18 MESZ,,Scraper Logs (BB Play History)
The Beatles,A Day In The Life (2017 Mix),Station-Specific,65,16,0,2026-09-17 04:15:11Z,2026-09-17 06:15:11 MESZ,,Scraper Logs (BB Play History)
The Beatles,Across The Universe (Remastered 2009),Station-Specific,136,27,0,2026-09-17 15:07:43Z,2026-09-17 17:07:43 MESZ,,Scraper Logs (BB Play History)
The Beatles,You Never Give Me Your Money (2019 Mix),Station-Specific,5,0,0,2026-06-08 17:48:30Z,2026-06-08 19:48:30 MESZ,,Scraper Logs (BB Play History)
The Black Eyed Peas,Let's Get It Started (Spike Mix),Station-Specific,1,0,0,2026-06-01 12:58:02Z,2026-06-01 14:58:02 MESZ,,Scraper Logs (BB Play History)
The Black Eyed Peas,Pump It (Album Version),Station-Specific,10,3,1,2026-10-04 06:44:05Z,2026-10-04 08:44:05 MESZ,,Scraper Logs (BB Play History)
The Blue Stones,Kill Box,Station-Specific,3,1,1,2026-10-04 15:11:05Z,2026-10-04 17:11:05 MESZ,,Scraper Logs (BB Play History)
The Cardigans,Lovefool (Radio Edit),Station-Specific,5,5,0,2026-10-02 21:42:53Z,2026-10-02 23:42:53 MESZ,,Scraper Logs (BB Play History)
The Chainsmokers,Echo,Station-Specific,5,1,0,2026-10-03 13:39:54Z,2026-10-03 15:39:54 MESZ,,Scraper Logs (BB Play History)
The Chemical Brothers,Block Rockin' Beats,Station-Specific,61,40,2,2026-10-04 15:05:34Z,2026-10-04 17:05:34 MESZ,,Scraper Logs (BB Play History)
The Chemical Brothers,Galvanize,Station-Specific,98,28,0,2026-10-01 16:41:45Z,2026-10-01 18:41:45 MESZ,,Scraper Logs (BB Play History)
The Chemical Brothers,Star Guitar,Station-Specific,259,47,1,2026-10-04 09:35:04Z,2026-10-04 11:35:04 MESZ,,Scraper Logs (BB Play History)
The Constellation,Midnight's Velvet Dark,Station-Specific,179,10,0,2026-09-20 01:30:07Z,2026-09-20 03:30:07 MESZ,,Scraper Logs (BB Play History)
The Doobie Brothers,What a Fool Believes,Station-Specific,44,30,1,2026-10-04 12:28:34Z,2026-10-04 14:28:34 MESZ,,Scraper Logs (BB Play History)
THE GOO GOO DOLLS,Amigone,Station-Specific,3,2,1,2026-10-04 04:24:04Z,2026-10-04 06:24:04 MESZ,,Scraper Logs (BB Play History)
The Handsome Family,Far from Any Road,Station-Specific,99,6,0,2026-10-03 10:37:25Z,2026-10-03 12:37:25 MESZ,,Scraper Logs (BB Play History)
The Kelly Family,An Angel,Station-Specific,2,1,1,2026-10-04 07:47:05Z,2026-10-04 09:47:05 MESZ,,Scraper Logs (BB Play History)
The Magnetic Fields,All My Little Words,Station-Specific,1,1,0,2026-09-19 22:07:04Z,2026-09-20 00:07:04 MESZ,,Scraper Logs (BB Play History)
The Magnetic Fields,Born on a Train,Station-Specific,1,1,0,2026-09-19 22:15:34Z,2026-09-20 00:15:34 MESZ,,Scraper Logs (BB Play History)
The Magnetic Fields,Papa Was a Rodeo,Station-Specific,2,2,0,2026-10-03 15:38:55Z,2026-10-03 17:38:55 MESZ,,Scraper Logs (BB Play History)
The Magnetic Fields,The Book of Love,Station-Specific,2,2,0,2026-10-03 11:46:24Z,2026-10-03 13:46:24 MESZ,,Scraper Logs (BB Play History)
The Magnetic Fields,The Luckiest Guy on the Lower East Side,Station-Specific,1,1,0,2026-09-19 22:10:34Z,2026-09-20 00:10:34 MESZ,,Scraper Logs (BB Play History)
The Marías,Cariño,Station-Specific,6,5,1,2026-10-03 21:41:25Z,2026-10-03 23:41:25 MESZ,,Scraper Logs (BB Play History)
The Midnight,Sunset,Station-Specific,11,11,0,2026-10-03 04:53:24Z,2026-10-03 06:53:24 MESZ,,Scraper Logs (BB Play History)
The Motors,Tenement Steps,Station-Specific,13,13,0,2026-09-28 10:39:46Z,2026-09-28 12:39:46 MESZ,,Scraper Logs (BB Play History)
The Muppets,"The Muppet Show Theme (From ""The Muppets""/Soundtrack Version)",Station-Specific,7,5,0,2026-09-14 01:51:20Z,2026-09-14 03:51:20 MESZ,,Scraper Logs (BB Play History)
The National,Lit Up,Station-Specific,12,11,1,2026-10-04 08:24:06Z,2026-10-04 10:24:06 MESZ,,Scraper Logs (BB Play History)
The Night Flight Orchestra,Transmissions,Station-Specific,13,11,1,2026-10-04 12:32:34Z,2026-10-04 14:32:34 MESZ,,Scraper Logs (BB Play History)
The Orb,Little Fluffy Clouds,Station-Specific,5,0,0,2026-05-29 16:36:26Z,2026-05-29 18:36:26 MESZ,,Scraper Logs (BB Play History)
The Script feat. will.i.am,Hall of Fame,Station-Specific,4,2,1,2026-10-04 04:20:32Z,2026-10-04 06:20:32 MESZ,,Scraper Logs (BB Play History)
The Shins,New Slang (2021 Remaster),Station-Specific,359,59,1,2026-10-04 16:07:05Z,2026-10-04 18:07:05 MESZ,,Scraper Logs (BB Play History)
The Smashing Pumpkins,1979,Station-Specific,49,11,2,2026-10-04 18:05:05Z,2026-10-04 20:05:05 MESZ,,Scraper Logs (BB Play History)
The Strokes,Reptilia,Station-Specific,88,29,2,2026-10-04 17:57:04Z,2026-10-04 19:57:04 MESZ,,Scraper Logs (BB Play History)
The Strokes,You Only Live Once,Station-Specific,42,18,1,2026-10-04 05:25:05Z,2026-10-04 07:25:05 MESZ,,Scraper Logs (BB Play History)
The Supermen Lovers,Starlight,Station-Specific,71,45,1,2026-10-04 05:38:04Z,2026-10-04 07:38:04 MESZ,,Scraper Logs (BB Play History)
The Tragically Hip,Nautical Disaster,Station-Specific,2,1,0,2026-10-03 06:45:54Z,2026-10-03 08:45:54 MESZ,,Scraper Logs (BB Play History)
The Trashmen,Surfin' Bird,Station-Specific,13,3,0,2026-09-15 06:56:56Z,2026-09-15 08:56:56 MESZ,,Scraper Logs (BB Play History)
The Turtles,Umbassa the Dragon (2016 Remaster),Station-Specific,29,1,0,2026-09-11 03:13:57Z,2026-09-11 05:13:57 MESZ,,Scraper Logs (BB Play History)
The Weeknd,Open Hearts,Station-Specific,16,0,0,2026-05-24 20:33:57Z,2026-05-24 22:33:57 MESZ,,Scraper Logs (BB Play History)
The White Stripes,Seven Nation Army,Station-Specific,72,26,1,2026-10-04 09:30:34Z,2026-10-04 11:30:34 MESZ,,Scraper Logs (BB Play History)
The xx,Intro,Station-Specific,122,45,1,2026-10-04 07:41:33Z,2026-10-04 09:41:33 MESZ,,Scraper Logs (BB Play History)
Timmy Thomas,Why Can't We Live Together,Station-Specific,1,0,0,2026-06-15 02:35:27Z,2026-06-15 04:35:27 MESZ,,Scraper Logs (BB Play History)
Tobee,Wer Banknoten nachmacht  (Xtreme Sound Party Mix),Station-Specific,17,4,0,2026-10-03 15:25:25Z,2026-10-03 17:25:25 MESZ,,Scraper Logs (BB Play History)
Tom Konkle,Camouflage (Album Mix),Station-Specific,3,0,0,2026-06-07 04:43:14Z,2026-06-07 06:43:14 MESZ,,Scraper Logs (BB Play History)
Tom Konkle,Everybody's Doing It,Station-Specific,11,3,0,2026-09-19 07:15:33Z,2026-09-19 09:15:33 MESZ,,Scraper Logs (BB Play History)
Tom Konkle,Fail Upward For A Change,Station-Specific,4,0,0,2026-05-29 03:58:24Z,2026-05-29 05:58:24 MESZ,,Scraper Logs (BB Play History)
Tom Konkle,Fate Walks With You,Station-Specific,7,2,1,2026-10-04 04:34:02Z,2026-10-04 06:34:02 MESZ,,Scraper Logs (BB Play History)
Tom Konkle,Life Without The Living,Station-Specific,69,1,0,2026-09-11 02:23:27Z,2026-09-11 04:23:27 MESZ,,Scraper Logs (BB Play History)
Tom Konkle,Light Bulb In My Head,Station-Specific,22,0,0,2026-09-03 02:32:29Z,2026-09-03 04:32:29 MESZ,,Scraper Logs (BB Play History)
Tom Konkle,Losing Faith,Station-Specific,48,3,0,2026-09-14 22:36:55Z,2026-09-15 00:36:55 MESZ,,Scraper Logs (BB Play History)
Tom Konkle,Lost in the Woods,Station-Specific,8,2,0,2026-09-15 02:26:55Z,2026-09-15 04:26:55 MESZ,,Scraper Logs (BB Play History)
Tom Konkle,Manipulation (Dance Mix),Station-Specific,2,0,0,2026-05-29 03:49:55Z,2026-05-29 05:49:55 MESZ,,Scraper Logs (BB Play History)
Tom Konkle,Somebody Made for Me,Station-Specific,47,1,0,2026-09-11 02:17:26Z,2026-09-11 04:17:26 MESZ,,Scraper Logs (BB Play History)
Tom Konkle,The Sun Ain't Gonna Shine Anymore (Synthpop Cover),Station-Specific,4,0,0,2026-06-15 18:45:32Z,2026-06-15 20:45:32 MESZ,,Scraper Logs (BB Play History)
Tommy Tellerlift,Ischgl-Fieber (Husti Husti Heh!),Station-Specific,7,1,0,2026-09-08 15:52:36Z,2026-09-08 17:52:36 MESZ,,Scraper Logs (BB Play History)
Ton Steine Scherben,Allein machen sie dich ein,Station-Specific,10,0,0,2026-08-23 19:24:20Z,2026-08-23 21:24:20 MESZ,,Scraper Logs (BB Play History)
Ton Steine Scherben,Macht kaputt was euch kaputt macht  (Live),Station-Specific,9,0,0,2026-09-04 12:42:10Z,2026-09-04 14:42:10 MESZ,,Scraper Logs (BB Play History)
Ton Steine Scherben,Rauch-Haus-Song,Station-Specific,9,0,0,2026-09-04 12:37:40Z,2026-09-04 14:37:40 MESZ,,Scraper Logs (BB Play History)
Ton Steine Scherben,Wir müssen hier raus!,Station-Specific,26,2,0,2026-09-17 16:31:45Z,2026-09-17 18:31:45 MESZ,,Scraper Logs (BB Play History)
Toquinho,Aquarela,Station-Specific,6,4,1,2026-10-04 14:20:05Z,2026-10-04 16:20:05 MESZ,,Scraper Logs (BB Play History)
Toto,Africa,Station-Specific,56,41,1,2026-10-04 14:51:34Z,2026-10-04 16:51:34 MESZ,,Scraper Logs (BB Play History)
Touch Sensitive,Pizza Guy,Station-Specific,31,23,1,2026-10-04 18:50:05Z,2026-10-04 20:50:05 MESZ,,Scraper Logs (BB Play History)
Train,Drops of Jupiter (Tell Me),Station-Specific,3,0,0,2026-06-29 04:05:58Z,2026-06-29 06:05:58 MESZ,,Scraper Logs (BB Play History)
Traxman,Footworkin on Air,Station-Specific,3,1,0,2026-10-03 19:08:55Z,2026-10-03 21:08:55 MESZ,,Scraper Logs (BB Play History)
Tream,APRES SKI,Station-Specific,30,6,1,2026-10-04 00:45:28Z,2026-10-04 02:45:28 MESZ,,Scraper Logs (BB Play History)
Turtle,The Opposite of Low,Station-Specific,1,0,0,2026-06-19 18:57:39Z,2026-06-19 20:57:39 MESZ,,Scraper Logs (BB Play History)
TV Girl,Hate Yourself,Station-Specific,12,8,0,2026-10-03 08:18:24Z,2026-10-03 10:18:24 MESZ,,Scraper Logs (BB Play History)
TV Girl,It Almost Worked,Station-Specific,3,2,0,2026-09-28 23:54:20Z,2026-09-29 01:54:20 MESZ,,Scraper Logs (BB Play History)
TV Girl,Lines to a Different Play,Station-Specific,8,2,0,2026-09-28 23:57:49Z,2026-09-29 01:57:49 MESZ,,Scraper Logs (BB Play History)
TV Girl,Lovers Rock,Station-Specific,22,13,1,2026-10-04 13:44:05Z,2026-10-04 15:44:05 MESZ,,Scraper Logs (BB Play History)
TV Girl,Loving Machine,Station-Specific,19,4,1,2026-10-04 10:14:05Z,2026-10-04 12:14:05 MESZ,,Scraper Logs (BB Play History)
TV Girl,Not Allowed,Station-Specific,5,4,0,2026-09-28 23:23:19Z,2026-09-29 01:23:19 MESZ,,Scraper Logs (BB Play History)
Two Door Cinema Club,What You Know,Station-Specific,76,35,1,2026-10-04 05:31:33Z,2026-10-04 07:31:33 MESZ,,Scraper Logs (BB Play History)
U96,Das Boot,Station-Specific,111,15,0,2026-09-28 13:40:16Z,2026-09-28 15:40:16 MESZ,,Scraper Logs (BB Play History)
Udo Jürgens,Griechischer Wein,Station-Specific,160,40,0,2026-10-03 15:12:55Z,2026-10-03 17:12:55 MESZ,,Scraper Logs (BB Play History)
Ultrabeat,Pretty Green Eyes (Radio Edit),Station-Specific,2,2,1,2026-10-04 02:24:30Z,2026-10-04 04:24:30 MESZ,,Scraper Logs (BB Play History)
Unheilig,Geboren um zu leben,Station-Specific,45,4,0,2026-09-18 05:20:50Z,2026-09-18 07:20:50 MESZ,,Scraper Logs (BB Play History)
Unheilig,Grosse Freiheit (Mein Schiff Edit),Station-Specific,22,7,0,2026-09-30 00:27:29Z,2026-09-30 02:27:29 MESZ,,Scraper Logs (BB Play History)
USS,Hydrogenuine,Station-Specific,2,1,0,2026-10-03 15:34:55Z,2026-10-03 17:34:55 MESZ,,Scraper Logs (BB Play History)
Vader Abraham,Das Lied der Schlümpfe,Station-Specific,22,6,0,2026-10-03 17:52:55Z,2026-10-03 19:52:55 MESZ,,Scraper Logs (BB Play History)
Valet,Nature,Station-Specific,6,1,0,2026-10-03 15:28:24Z,2026-10-03 17:28:24 MESZ,,Scraper Logs (BB Play History)
Vampire Weekend,A-Punk,Station-Specific,51,31,1,2026-10-04 15:25:34Z,2026-10-04 17:25:34 MESZ,,Scraper Logs (BB Play History)
Van Halen,Why Can't This Be Love,Station-Specific,2,0,0,2026-06-20 22:40:18Z,2026-06-21 00:40:18 MESZ,,Scraper Logs (BB Play History)
Versengold,Kobold im Kopp,Station-Specific,80,10,0,2026-09-18 04:50:20Z,2026-09-18 06:50:20 MESZ,,Scraper Logs (BB Play History)
Viva,4ier Jungs aus Franken.,Station-Specific,13,6,0,2026-09-13 19:09:15Z,2026-09-13 21:09:15 MESZ,,Scraper Logs (BB Play History)
VOILÀ,Drop Dead Gorgeous,Station-Specific,12,6,0,2026-09-14 08:35:23Z,2026-09-14 10:35:23 MESZ,,Scraper Logs (BB Play History)
Waving The Guns,Das muss eine Demokratie aushalten können,Station-Specific,16,0,0,2026-08-27 09:11:19Z,2026-08-27 11:11:19 MESZ,,Scraper Logs (BB Play History)
Waving The Guns,Gartenzaun,Station-Specific,8,0,0,2026-09-02 00:37:23Z,2026-09-02 02:37:23 MESZ,,Scraper Logs (BB Play History)
Wax Tailor,Que Sera,Station-Specific,31,11,1,2026-10-03 23:33:27Z,2026-10-04 01:33:27 MESZ,,Scraper Logs (BB Play History)
Weezer,Say It Ain't So,Station-Specific,45,8,2,2026-10-04 18:10:07Z,2026-10-04 20:10:07 MESZ,,Scraper Logs (BB Play History)
Weird Al Yankovic,My Bologna,Station-Specific,5,2,0,2026-09-08 11:31:35Z,2026-09-08 13:31:35 MESZ,,Scraper Logs (BB Play History)
Weird Al Yankovic,"White & Nerdy (Parody of ""Ridin'"" by Chamillionaire feat. Krayzie Bone)",Station-Specific,2,2,0,2026-10-01 20:40:14Z,2026-10-01 22:40:14 MESZ,,Scraper Logs (BB Play History)
Wencke Myhre,Er hat ein knallrotes Gummiboot,Station-Specific,11,5,0,2026-09-17 19:11:45Z,2026-09-17 21:11:45 MESZ,,Scraper Logs (BB Play History)
Willie Nelson,City of New Orleans,Station-Specific,59,8,0,2026-10-03 11:23:55Z,2026-10-03 13:23:55 MESZ,,Scraper Logs (BB Play History)
Willie Nelson,On the Road Again,Station-Specific,59,2,0,2026-09-10 19:36:21Z,2026-09-10 21:36:21 MESZ,,Scraper Logs (BB Play History)
Windows95Man,No Rules!,Station-Specific,6,0,0,2026-06-21 01:00:22Z,2026-06-21 03:00:22 MESZ,,Scraper Logs (BB Play History)
Wir Sind Helden,Denkmal,Station-Specific,239,42,1,2026-10-04 00:09:27Z,2026-10-04 02:09:27 MESZ,,Scraper Logs (BB Play History)
Wise Guys,Deutsche Bahn,Station-Specific,4,1,0,2026-10-02 17:50:24Z,2026-10-02 19:50:24 MESZ,,Scraper Logs (BB Play History)
Wishful Thinking,Hiroshima,Station-Specific,3,2,1,2026-10-04 12:15:06Z,2026-10-04 14:15:06 MESZ,,Scraper Logs (BB Play History)
Woodcamp,Send Me The Addy,Station-Specific,12,1,1,2026-10-03 21:33:55Z,2026-10-03 23:33:55 MESZ,,Scraper Logs (BB Play History)
World Anthems Orchestra,Armenia - Mer Hayrenik - Armenian National Anthem ( Our Fatherland ),Station-Specific,1,0,0,2026-06-04 11:43:37Z,2026-06-04 13:43:37 MESZ,,Scraper Logs (BB Play History)
XS Project,Bochka Bass Kolbaser,Station-Specific,136,9,0,2026-09-18 16:20:25Z,2026-09-18 18:20:25 MESZ,,Scraper Logs (BB Play History)
Yeah Yeah Yeahs,Heads Will Roll (A-Trak Remix),Station-Specific,33,10,0,2026-10-01 02:57:40Z,2026-10-01 04:57:40 MESZ,,Scraper Logs (BB Play History)
Yeah Yeah Yeahs,Maps,Station-Specific,27,21,0,2026-09-30 21:27:05Z,2026-09-30 23:27:05 MESZ,,Scraper Logs (BB Play History)
Ylvis,Jan Egeland,Station-Specific,12,1,0,2026-09-07 15:25:05Z,2026-09-07 17:25:05 MESZ,,Scraper Logs (BB Play History)
Ylvis,Massachusetts,Station-Specific,15,1,0,2026-09-07 06:59:02Z,2026-09-07 08:59:02 MESZ,,Scraper Logs (BB Play History)
Ylvis,Stonehenge,Station-Specific,12,2,0,2026-09-11 18:36:32Z,2026-09-11 20:36:32 MESZ,,Scraper Logs (BB Play History)
Yoko Shimomura,Dearly Beloved (-KINGDOM HEARTS II Version-),Station-Specific,93,6,0,2026-09-18 21:47:25Z,2026-09-18 23:47:25 MESZ,,Scraper Logs (BB Play History)
Youssou N'Dour,Sama Guent Guii,Station-Specific,6,5,0,2026-09-28 06:44:16Z,2026-09-28 08:44:16 MESZ,,Scraper Logs (BB Play History)
YuB Music,FNAF Security Breach Theme (Pop Punk Cover by YuB),Station-Specific,3,1,0,2026-10-03 14:14:55Z,2026-10-03 16:14:55 MESZ,,Scraper Logs (BB Play History)
Zara Larsson,Midnight Sun,Station-Specific,6,2,0,2026-09-14 09:22:53Z,2026-09-14 11:22:53 MESZ,,Scraper Logs (BB Play History)
Zartmann,tau mich auf,Station-Specific,2,0,0,2026-06-13 16:53:11Z,2026-06-13 18:53:11 MESZ,,Scraper Logs (BB Play History)
Zensery,SCHNAPS. HARDTEKK,Station-Specific,19,7,0,2026-09-15 17:38:57Z,2026-09-15 19:38:57 MESZ,,Scraper Logs (BB Play History)
Zero 7,In The Waiting Line,Station-Specific,506,20,1,2026-10-03 22:26:26Z,2026-10-04 00:26:26 MESZ,,Scraper Logs (BB Play History)
ZXKAI,NO BATIDÃO,Station-Specific,17,4,1,2026-10-04 00:39:28Z,2026-10-04 02:39:28 MESZ,,Scraper Logs (BB Play History)
