Artist,Title,Type,Play Count Total,Play Count 30D,Play Count 24H,Last Played (UTC),Last Played (Vienna),Source
ABBA,Gimme! Gimme! Gimme! (A Man After Midnight),Shared,42,7,0,2026-10-07 15:38:42Z,2026-10-07 17:38:42 MESZ,Shared Library
Alfa Mist,Organic Rust,Shared,107,6,0,2026-10-02 02:15:18Z,2026-10-02 04:15:18 MESZ,Shared Library
Amy Winehouse,Rehab,Shared,52,5,1,2026-10-10 04:12:01Z,2026-10-10 06:12:01 MESZ,Shared Library
Aphex Twin,Windowlicker,Shared,24,4,0,2026-09-26 05:07:56Z,2026-09-26 07:07:56 MESZ,Shared Library
Arctic Monkeys,Do I Wanna Know?,Shared,178,6,1,2026-10-10 02:06:01Z,2026-10-10 04:06:01 MESZ,Shared Library
Autechre,Clipper,Shared,16,3,0,2026-09-20 11:52:10Z,2026-09-20 13:52:10 MESZ,Shared Library
Bachman-Turner Overdrive,Takin' Care Of Business,Shared,15,4,0,2026-10-07 22:57:44Z,2026-10-08 00:57:44 MESZ,Shared Library
Backstreet Boys,I Want It That Way,Shared,10,4,0,2026-10-07 00:56:37Z,2026-10-07 02:56:37 MESZ,Shared Library
Beastie Boys,Sabotage,Shared,26,10,0,2026-10-07 23:50:15Z,2026-10-08 01:50:15 MESZ,Shared Library
Beck,Devils Haircut,Shared,17,6,1,2026-10-09 14:53:01Z,2026-10-09 16:53:01 MESZ,Shared Library
Beck,Loser,Shared,73,7,0,2026-10-07 19:02:42Z,2026-10-07 21:02:42 MESZ,Shared Library
Beck,The New Pollution,Shared,20,4,1,2026-10-10 08:04:32Z,2026-10-10 10:04:32 MESZ,Shared Library
Ben Harper,Yard Sale,Shared,60,3,0,2026-10-09 02:44:27Z,2026-10-09 04:44:27 MESZ,Shared Library
Ben&Ben,Leaves,Shared,45,3,0,2026-10-09 00:43:55Z,2026-10-09 02:43:55 MESZ,Shared Library
Ben&Ben,Maybe The Night,Shared,30,4,0,2026-10-08 16:41:53Z,2026-10-08 18:41:53 MESZ,Shared Library
Benjamin Francis Leftwich,Ticket To Ride,Shared,34,4,1,2026-10-10 04:02:31Z,2026-10-10 06:02:31 MESZ,Shared Library
Benson Boone,Beautiful Things,Shared,11,1,0,2026-10-03 11:13:54Z,2026-10-03 13:13:54 MESZ,Shared Library
Beyoncé,Crazy In Love,Shared,37,7,0,2026-10-08 07:30:52Z,2026-10-08 09:30:52 MESZ,Shared Library
Beyoncé,TEXAS HOLD 'EM,Shared,145,3,0,2026-10-06 18:28:03Z,2026-10-06 20:28:03 MESZ,Shared Library
Bicep,Apricots,Shared,57,5,0,2026-10-08 11:46:53Z,2026-10-08 13:46:53 MESZ,Shared Library
Billie Eilish,BIRDS OF A FEATHER,Shared,244,3,1,2026-10-10 05:45:31Z,2026-10-10 07:45:31 MESZ,Shared Library
Bing Crosby,White Christmas,Shared,2,0,0,2026-09-05 21:37:18Z,2026-09-05 23:37:18 MESZ,Shared Library
Bleachers,I Wanna Get Better,Shared,169,4,1,2026-10-10 03:30:01Z,2026-10-10 05:30:01 MESZ,Shared Library
Bob Dylan,The Lonesome Death of Hattie Carroll,Shared,42,6,0,2026-10-02 15:06:53Z,2026-10-02 17:06:53 MESZ,Shared Library
Bob Marley & The Wailers,"Get Up, Stand Up",Shared,253,7,0,2026-10-09 01:15:25Z,2026-10-09 03:15:25 MESZ,Shared Library
Bon Iver,Holocene,Shared,226,5,1,2026-10-09 19:19:02Z,2026-10-09 21:19:02 MESZ,Shared Library
Bon Iver,Skinny Love,Shared,360,7,1,2026-10-10 04:35:31Z,2026-10-10 06:35:31 MESZ,Shared Library
Bon Jovi,Livin' On A Prayer,Shared,141,8,0,2026-10-06 11:30:01Z,2026-10-06 13:30:01 MESZ,Shared Library
Bon Jovi,You Give Love A Bad Name,Shared,11,3,0,2026-09-29 04:56:54Z,2026-09-29 06:56:54 MESZ,Shared Library
Boney M.,Gotta Go Home,Shared,59,6,0,2026-10-07 15:20:12Z,2026-10-07 17:20:12 MESZ,Shared Library
Bonobo,Cirrus,Shared,124,6,0,2026-10-09 00:33:55Z,2026-10-09 02:33:55 MESZ,Shared Library
Bonobo,Kiara,Shared,99,6,0,2026-10-05 07:47:35Z,2026-10-05 09:47:35 MESZ,Shared Library
Bonobo,Kong,Shared,73,5,0,2026-10-04 05:14:32Z,2026-10-04 07:14:32 MESZ,Shared Library
Bonobo,Terrapin,Shared,130,4,0,2026-09-27 10:46:40Z,2026-09-27 12:46:40 MESZ,Shared Library
Brenda Lee,Rockin' Around The Christmas Tree,Shared,2,0,0,2026-08-13 13:36:43Z,2026-08-13 15:36:43 MESZ,Shared Library
Brian Eno,An Ending (Ascent) (Remastered 2019),Shared,389,10,0,2026-10-07 06:41:40Z,2026-10-07 08:41:40 MESZ,Shared Library
Bruce Springsteen,Streets of Philadelphia  (Single Edit),Shared,21,3,0,2026-09-27 08:33:37Z,2026-09-27 10:33:37 MESZ,Shared Library
Bruno Mars,Gorilla,Shared,8,4,0,2026-09-25 23:16:50Z,2026-09-26 01:16:50 MESZ,Shared Library
Bruno Mars,I Just Might,Shared,257,2,0,2026-10-08 17:51:53Z,2026-10-08 19:51:53 MESZ,Shared Library
Carbon Based Lifeforms,Photosynthesis,Shared,202,3,1,2026-10-09 08:52:31Z,2026-10-09 10:52:31 MESZ,Shared Library
Chappell Roan,"Good Luck, Babe!",Shared,72,5,0,2026-10-03 12:53:24Z,2026-10-03 14:53:24 MESZ,Shared Library
Chappell Roan,HOT TO GO!,Shared,95,1,0,2026-10-03 07:41:24Z,2026-10-03 09:41:24 MESZ,Shared Library
Chappell Roan,Pink Pony Club,Shared,47,2,0,2026-09-30 12:33:34Z,2026-09-30 14:33:34 MESZ,Shared Library
Charli XCX,360,Shared,143,0,0,2026-09-04 20:18:10Z,2026-09-04 22:18:10 MESZ,Shared Library
Chris De Burgh,The Getaway,Shared,6,2,0,2026-10-06 11:21:00Z,2026-10-06 13:21:00 MESZ,Shared Library
Confetti,People Suck [Explicit],Shared,3,0,0,2026-09-06 09:09:23Z,2026-09-06 11:09:23 MESZ,Shared Library
Cyndi Lauper,All Through the Night,Shared,60,2,0,2026-10-06 03:52:54Z,2026-10-06 05:52:54 MESZ,Shared Library
Daft Punk,"Harder, Better, Faster, Stronger",Shared,48,3,0,2026-10-05 16:37:44Z,2026-10-05 18:37:44 MESZ,Shared Library
Daft Punk,One More Time,Shared,142,6,0,2026-10-05 07:20:34Z,2026-10-05 09:20:34 MESZ,Shared Library
Darude,Sandstorm,Shared,25,3,0,2026-10-07 09:13:11Z,2026-10-07 11:13:11 MESZ,Shared Library
Dasha,Austin (Boots Stop Workin'),Shared,10,2,0,2026-10-06 18:15:33Z,2026-10-06 20:15:33 MESZ,Shared Library
David Bowie,Space Oddity,Shared,116,4,0,2026-09-28 12:18:16Z,2026-09-28 14:18:16 MESZ,Shared Library
David Bowie,Starman  (2012 Remaster),Shared,30,9,0,2026-10-05 15:59:43Z,2026-10-05 17:59:43 MESZ,Shared Library
Dire Straits,Brothers in Arms,Shared,18,5,0,2026-10-07 13:26:11Z,2026-10-07 15:26:11 MESZ,Shared Library
Dire Straits,Money for Nothing,Shared,18,6,0,2026-10-02 19:10:23Z,2026-10-02 21:10:23 MESZ,Shared Library
Dire Straits,Sultans of Swing,Shared,71,5,0,2026-10-04 08:08:04Z,2026-10-04 10:08:04 MESZ,Shared Library
Djo,End of Beginning,Shared,12,4,0,2026-10-06 19:04:04Z,2026-10-06 21:04:04 MESZ,Shared Library
Dolly Parton,9 to 5,Shared,50,7,0,2026-10-07 08:39:41Z,2026-10-07 10:39:41 MESZ,Shared Library
Dua Lipa,Future Nostalgia,Shared,59,3,0,2026-10-04 13:04:33Z,2026-10-04 15:04:33 MESZ,Shared Library
Dua Lipa,Houdini,Shared,110,2,0,2026-10-06 14:59:04Z,2026-10-06 16:59:04 MESZ,Shared Library
Dua Lipa,Training Season,Shared,15,3,0,2026-10-03 12:02:54Z,2026-10-03 14:02:54 MESZ,Shared Library
Eagles,"Desperado (Live On MTV, 1994)",Shared,22,2,0,2026-09-25 17:50:19Z,2026-09-25 19:50:19 MESZ,Shared Library
Eagles,Hotel California  (2013 Remaster),Shared,47,4,0,2026-10-04 03:54:01Z,2026-10-04 05:54:01 MESZ,Shared Library
Ed Sheeran,Azizam,Shared,3,1,0,2026-10-03 13:08:54Z,2026-10-03 15:08:54 MESZ,Shared Library
Ed Sheeran,Beautiful People (feat. Khalid),Shared,69,1,0,2026-10-03 16:23:54Z,2026-10-03 18:23:54 MESZ,Shared Library
Electric Light Orchestra,Mr. Blue Sky,Shared,42,7,0,2026-10-05 23:45:20Z,2026-10-06 01:45:20 MESZ,Shared Library
Elton John,"Rocket Man (I Think It's Going To Be A Long, Long Time)",Shared,167,8,0,2026-10-07 16:21:12Z,2026-10-07 18:21:12 MESZ,Shared Library
Erykah Badu,Bag Lady (Album Version),Shared,112,7,0,2026-10-08 21:24:54Z,2026-10-08 23:24:54 MESZ,Shared Library
Erykah Badu,On & On,Shared,116,7,0,2026-10-07 12:07:11Z,2026-10-07 14:07:11 MESZ,Shared Library
Ethel Cain,Punish,Shared,10,3,1,2026-10-10 01:30:30Z,2026-10-10 03:30:30 MESZ,Shared Library
Europe,The Final Countdown (Album Version),Shared,17,7,0,2026-10-07 09:37:11Z,2026-10-07 11:37:11 MESZ,Shared Library
"Eurythmics, Annie Lennox, Dave Stewart",Sweet Dreams (Are Made of This) [2018 Remastered],Shared,47,7,0,2026-10-08 13:21:23Z,2026-10-08 15:21:23 MESZ,Shared Library
Fleet Foxes,White Winter Hymnal,Shared,71,5,0,2026-10-09 01:53:56Z,2026-10-09 03:53:56 MESZ,Shared Library
Fleetwood Mac,Dreams  (2004 Remaster),Shared,82,4,0,2026-10-09 01:22:55Z,2026-10-09 03:22:55 MESZ,Shared Library
Fleetwood Mac,Go Your Own Way  (2004 Remaster),Shared,47,7,0,2026-10-06 20:38:03Z,2026-10-06 22:38:03 MESZ,Shared Library
Floating Points,LesAlpx,Shared,40,2,0,2026-09-27 21:07:14Z,2026-09-27 23:07:14 MESZ,Shared Library
Frank Sinatra,Have Yourself A Merry Little Christmas (Remastered 1999),Shared,101,0,0,2026-08-13 12:59:43Z,2026-08-13 14:59:43 MESZ,Shared Library
Fred again..,leavemealone,Shared,13,2,0,2026-10-07 15:52:42Z,2026-10-07 17:52:42 MESZ,Shared Library
Ghostwriter,heart on my sleeve,Shared,5,0,0,2026-08-10 11:22:40Z,2026-08-10 13:22:40 MESZ,Shared Library
Gigi Perez,Sailor Song,Shared,231,5,1,2026-10-09 22:56:01Z,2026-10-10 00:56:01 MESZ,Shared Library
GoGo Penguin,Hopopono,Shared,77,7,0,2026-10-04 02:54:00Z,2026-10-04 04:54:00 MESZ,Shared Library
GoGo Penguin,Raven,Shared,78,7,0,2026-10-01 04:39:11Z,2026-10-01 06:39:11 MESZ,Shared Library
Guns N' Roses,Paradise City,Shared,10,5,0,2026-10-08 08:36:52Z,2026-10-08 10:36:52 MESZ,Shared Library
Guns N' Roses,Sweet Child O' Mine,Shared,26,6,0,2026-10-06 17:51:33Z,2026-10-06 19:51:33 MESZ,Shared Library
Harry Styles,As It Was,Shared,65,1,0,2026-10-04 13:24:34Z,2026-10-04 15:24:34 MESZ,Shared Library
Harry Styles,Watermelon Sugar,Shared,11,4,0,2026-10-08 07:19:52Z,2026-10-08 09:19:52 MESZ,Shared Library
Hiatus Kaiyote,By Fire,Shared,121,8,0,2026-10-07 12:39:11Z,2026-10-07 14:39:11 MESZ,Shared Library
Hozier,Take Me To Church,Shared,268,4,1,2026-10-10 05:49:31Z,2026-10-10 07:49:31 MESZ,Shared Library
Igor Levit,"Piano Sonata No. 14 in C-Sharp Minor, Op. 27, No. 2, ""Moonlight"" - I. Adagio sostenuto",Shared,121,10,0,2026-10-05 06:30:34Z,2026-10-05 08:30:34 MESZ,Shared Library
Jack Johnson,Better Together,Shared,139,3,0,2026-10-02 00:56:17Z,2026-10-02 02:56:17 MESZ,Shared Library
Janelle Monáe,Make Me Feel,Shared,53,7,0,2026-10-09 01:08:25Z,2026-10-09 03:08:25 MESZ,Shared Library
Jill Scott,Golden,Shared,93,6,0,2026-10-04 10:40:33Z,2026-10-04 12:40:33 MESZ,Shared Library
Jimmy Cliff,I Can See Clearly Now (Album Version),Shared,42,0,0,2026-09-09 09:47:41Z,2026-09-09 11:47:41 MESZ,Shared Library
John Lennon,Imagine (Remastered 2010),Shared,120,6,1,2026-10-09 16:45:32Z,2026-10-09 18:45:32 MESZ,Shared Library
John Mayer,New Light,Shared,185,2,0,2026-10-08 07:46:23Z,2026-10-08 09:46:23 MESZ,Shared Library
Johnny Cash,Redemption Day (Album Version),Shared,104,3,0,2026-10-06 18:47:39Z,2026-10-06 20:47:39 MESZ,Shared Library
Journey,Lights (Album Version),Shared,11,5,0,2026-10-06 20:21:03Z,2026-10-06 22:21:03 MESZ,Shared Library
Justice,D.A.N.C.E.,Shared,29,7,0,2026-10-07 15:08:42Z,2026-10-07 17:08:42 MESZ,Shared Library
Katy Perry,Roar,Shared,108,3,0,2026-09-29 14:56:27Z,2026-09-29 16:56:27 MESZ,Shared Library
Kendrick Lamar,Alright,Shared,172,4,0,2026-10-07 23:41:45Z,2026-10-08 01:41:45 MESZ,Shared Library
Kendrick Lamar,Not Like Us,Shared,82,3,0,2026-10-06 23:17:05Z,2026-10-07 01:17:05 MESZ,Shared Library
Kenny G,Songbird,Shared,146,1,0,2026-09-11 02:10:55Z,2026-09-11 04:10:55 MESZ,Shared Library
Khalid,momentary lovers,Shared,17,3,0,2026-10-06 12:20:01Z,2026-10-06 14:20:01 MESZ,Shared Library
Khalid,please don't call (333),Shared,125,0,0,2026-08-12 07:54:22Z,2026-08-12 09:54:22 MESZ,Shared Library
Khruangbin,A Calf Born In Winter,Shared,80,3,0,2026-10-03 11:25:24Z,2026-10-03 13:25:24 MESZ,Shared Library
Khruangbin,Time (You and I),Shared,90,7,1,2026-10-10 01:13:30Z,2026-10-10 03:13:30 MESZ,Shared Library
Kraftwerk,Trans-Europe Express  (2009 Remaster),Shared,29,8,0,2026-10-08 11:14:23Z,2026-10-08 13:14:23 MESZ,Shared Library
Lana Del Rey,Diet Mountain Dew,Shared,29,2,0,2026-10-08 02:41:18Z,2026-10-08 04:41:18 MESZ,Shared Library
Led Zeppelin,Over the Hills and Far Away  (Remaster),Shared,23,5,0,2026-10-06 01:16:21Z,2026-10-06 03:16:21 MESZ,Shared Library
Led Zeppelin,Stairway to Heaven  (Remaster),Shared,113,4,0,2026-09-30 22:40:35Z,2026-10-01 00:40:35 MESZ,Shared Library
Leon Bridges,Coming Home,Shared,102,8,1,2026-10-09 13:09:02Z,2026-10-09 15:09:02 MESZ,Shared Library
Lianne La Havas,Unstoppable,Shared,81,5,1,2026-10-10 01:04:00Z,2026-10-10 03:04:00 MESZ,Shared Library
Lil Jon,Get Low [Explicit],Shared,80,3,0,2026-10-07 23:57:15Z,2026-10-08 01:57:15 MESZ,Shared Library
Lucy Dacus,Night Shift,Shared,163,6,1,2026-10-09 12:55:31Z,2026-10-09 14:55:31 MESZ,Shared Library
M83,Midnight City,Shared,111,6,0,2026-10-08 11:09:53Z,2026-10-08 13:09:53 MESZ,Shared Library
Madonna,Holiday,Shared,13,2,0,2026-10-06 11:03:30Z,2026-10-06 13:03:30 MESZ,Shared Library
Marconi Union,Weightless,Shared,86,6,0,2026-09-28 06:48:16Z,2026-09-28 08:48:16 MESZ,Shared Library
Mariah Carey,All I Want for Christmas Is You,Shared,25,0,0,2026-04-20 09:48:00Z,2026-04-20 11:48:00 MESZ,Shared Library
Mariah Carey,O Holy Night,Shared,228,0,0,2026-04-30 06:20:58Z,2026-04-30 08:20:58 MESZ,Shared Library
Marvin Gaye,What's Going On,Shared,285,10,0,2026-10-05 00:59:33Z,2026-10-05 02:59:33 MESZ,Shared Library
Masego,Tadow,Shared,65,8,0,2026-10-07 21:49:13Z,2026-10-07 23:49:13 MESZ,Shared Library
Megadeth,Tipping Point,Shared,7,4,0,2026-09-15 09:50:56Z,2026-09-15 11:50:56 MESZ,Shared Library
Michael Jackson,You Are Not Alone,Shared,285,1,1,2026-10-10 07:46:31Z,2026-10-10 09:46:31 MESZ,Shared Library
Miley Cyrus,Flowers,Shared,7,3,0,2026-10-01 07:46:42Z,2026-10-01 09:46:42 MESZ,Shared Library
Minako Yoshida,I'll Teach You All About Love,Shared,23,9,1,2026-10-10 00:42:31Z,2026-10-10 02:42:31 MESZ,Shared Library
Mireille Mathieu,Together We're Strong,Shared,45,3,0,2026-10-09 02:11:26Z,2026-10-09 04:11:26 MESZ,Shared Library
Mumford & Sons,Awake My Soul,Shared,159,5,1,2026-10-09 15:56:31Z,2026-10-09 17:56:31 MESZ,Shared Library
Nick Drake,Pink Moon,Shared,93,10,0,2026-10-07 02:46:38Z,2026-10-07 04:46:38 MESZ,Shared Library
Nils Frahm,All Melody,Shared,173,9,0,2026-10-09 06:02:30Z,2026-10-09 08:02:30 MESZ,Shared Library
Nils Frahm,Says,Shared,167,9,0,2026-10-08 06:32:22Z,2026-10-08 08:32:22 MESZ,Shared Library
Noah Kahan,Stick Season,Shared,16,5,1,2026-10-09 22:53:02Z,2026-10-10 00:53:02 MESZ,Shared Library
Olivia Rodrigo,vampire,Shared,123,1,0,2026-10-03 16:19:54Z,2026-10-03 18:19:54 MESZ,Shared Library
OneRepublic,I Lived,Shared,181,1,0,2026-10-03 00:40:23Z,2026-10-03 02:40:23 MESZ,Shared Library
Otis Redding,(Sittin' On) the Dock of the Bay,Shared,114,9,1,2026-10-09 21:57:02Z,2026-10-09 23:57:02 MESZ,Shared Library
Peggy Gou,Starry Night,Shared,164,5,0,2026-10-07 15:13:12Z,2026-10-07 17:13:12 MESZ,Shared Library
Perrie,Die With A Smile  (Bruno Mars & Lady Gaga Cover - BBC Radio 1 Live Lounge),Shared,4,2,0,2026-10-03 12:23:24Z,2026-10-03 14:23:24 MESZ,Shared Library
Pet Shop Boys,West End Girls  (2001 Remaster),Shared,35,5,0,2026-10-06 07:49:28Z,2026-10-06 09:49:28 MESZ,Shared Library
Pete Seeger,Solidarity Forever,Shared,80,3,0,2026-10-05 09:40:37Z,2026-10-05 11:40:37 MESZ,Shared Library
Petit Biscuit,Sunset Lover,Shared,156,6,0,2026-10-09 07:19:00Z,2026-10-09 09:19:00 MESZ,Shared Library
Pink Floyd,"Another Brick in the Wall, Pt. 2",Shared,137,3,0,2026-10-05 20:39:18Z,2026-10-05 22:39:18 MESZ,Shared Library
Pitbull,International Love,Shared,68,3,0,2026-10-06 23:50:06Z,2026-10-07 01:50:06 MESZ,Shared Library
Pitbull,Timber,Shared,96,4,1,2026-10-09 11:28:01Z,2026-10-09 13:28:01 MESZ,Shared Library
Queen,Bohemian Rhapsody (Remastered 2011),Shared,94,4,0,2026-10-04 22:24:05Z,2026-10-05 00:24:05 MESZ,Shared Library
Queen,Don't Stop Me Now (Remastered 2011),Shared,74,6,0,2026-10-05 01:51:33Z,2026-10-05 03:51:33 MESZ,Shared Library
Queen,Killer Queen (Remastered 2011),Shared,33,6,0,2026-10-04 16:27:34Z,2026-10-04 18:27:34 MESZ,Shared Library
Queen,Under Pressure (Remastered 2011),Shared,27,8,0,2026-10-08 23:08:24Z,2026-10-09 01:08:24 MESZ,Shared Library
Radiohead,Weird Fishes / Arpeggi,Shared,311,8,1,2026-10-10 00:54:01Z,2026-10-10 02:54:01 MESZ,Shared Library
RÜFÜS DU SOL,Innerbloom  (Live from Joshua Tree),Shared,24,2,0,2026-09-26 11:37:56Z,2026-09-26 13:37:56 MESZ,Shared Library
Sabrina Carpenter,Espresso,Shared,110,1,0,2026-09-30 03:58:32Z,2026-09-30 05:58:32 MESZ,Shared Library
Sabrina Carpenter,Please Please Please,Shared,55,0,0,2026-09-06 23:53:27Z,2026-09-07 01:53:27 MESZ,Shared Library
Sabrina Carpenter,Taste,Shared,45,0,0,2026-08-23 15:31:19Z,2026-08-23 17:31:19 MESZ,Shared Library
Shaboozey,A Bar Song (Tipsy),Shared,81,1,0,2026-10-03 16:39:25Z,2026-10-03 18:39:25 MESZ,Shared Library
Side-A,Only You (There Will Never Be Another),Shared,6,2,0,2026-10-03 07:06:54Z,2026-10-03 09:06:54 MESZ,Shared Library
Simon & Garfunkel,The Sound of Silence  (Acoustic Version),Shared,114,2,0,2026-09-29 15:58:27Z,2026-09-29 17:58:27 MESZ,Shared Library
Snarky Puppy,Lingus (Alternate Take),Shared,33,2,0,2026-09-26 09:37:56Z,2026-09-26 11:37:56 MESZ,Shared Library
Soundgarden,Black Hole Sun,Shared,78,7,0,2026-10-07 11:26:41Z,2026-10-07 13:26:41 MESZ,Shared Library
Sting,Fragile,Shared,30,2,0,2026-10-02 19:42:54Z,2026-10-02 21:42:54 MESZ,Shared Library
Supertramp,Even In The Quietest Moments,Shared,17,7,0,2026-10-05 20:53:18Z,2026-10-05 22:53:18 MESZ,Shared Library
Survivor,Eye of the Tiger,Shared,20,6,0,2026-10-07 09:29:11Z,2026-10-07 11:29:11 MESZ,Shared Library
SZA,Kill Bill,Shared,110,1,0,2026-09-27 12:26:42Z,2026-09-27 14:26:42 MESZ,Shared Library
Tame Impala,The Less I Know The Better,Shared,336,8,1,2026-10-09 23:39:01Z,2026-10-10 01:39:01 MESZ,Shared Library
Tate McRae,greedy,Shared,4,1,0,2026-09-13 09:14:14Z,2026-09-13 11:14:14 MESZ,Shared Library
Tate McRae,Miss possessive,Shared,1,0,0,2026-08-13 13:28:13Z,2026-08-13 15:28:13 MESZ,Shared Library
Tate McRae,TIT FOR TAT,Shared,4,2,0,2026-10-03 07:03:24Z,2026-10-03 09:03:24 MESZ,Shared Library
Taylor Swift,Cruel Summer,Shared,134,3,0,2026-10-07 00:48:36Z,2026-10-07 02:48:36 MESZ,Shared Library
Teddy Swims,The Door,Shared,14,2,0,2026-10-06 07:09:27Z,2026-10-06 09:09:27 MESZ,Shared Library
The Beach Boys,Good Vibrations (Stereo/Remastered 2012),Shared,25,6,0,2026-10-08 00:04:15Z,2026-10-08 02:04:15 MESZ,Shared Library
The Beatles,Here Comes The Sun (2019 Mix),Shared,136,6,1,2026-10-09 17:29:01Z,2026-10-09 19:29:01 MESZ,Shared Library
The Beatles,Lucy In The Sky With Diamonds (Remastered 2009),Shared,31,4,1,2026-10-09 17:10:31Z,2026-10-09 19:10:31 MESZ,Shared Library
The Beatles,Revolution 9 (Remastered 2009),Shared,6,1,0,2026-09-14 19:37:24Z,2026-09-14 21:37:24 MESZ,Shared Library
The Beatles,Yesterday (Remastered),Shared,47,4,0,2026-10-04 23:58:04Z,2026-10-05 01:58:04 MESZ,Shared Library
The Clash,London Calling,Shared,130,9,0,2026-10-07 22:02:43Z,2026-10-08 00:02:43 MESZ,Shared Library
The Clash,Should I Stay or Should I Go (Remastered),Shared,46,6,0,2026-10-04 11:30:05Z,2026-10-04 13:30:05 MESZ,Shared Library
The Cure,Pictures of You,Shared,34,6,1,2026-10-09 22:04:01Z,2026-10-10 00:04:01 MESZ,Shared Library
The Dave Brubeck Quartet,Take Five,Shared,51,8,0,2026-10-01 19:49:43Z,2026-10-01 21:49:43 MESZ,Shared Library
The Killers,Mr. Brightside,Shared,151,4,0,2026-10-03 21:08:25Z,2026-10-03 23:08:25 MESZ,Shared Library
The National,About Today (2021 Remaster),Shared,183,5,1,2026-10-10 00:22:30Z,2026-10-10 02:22:30 MESZ,Shared Library
The Rolling Stones,"Paint It, Black",Shared,159,5,0,2026-10-04 13:59:04Z,2026-10-04 15:59:04 MESZ,Shared Library
The Rolling Stones,Street Fighting Man,Shared,23,7,0,2026-10-05 18:51:16Z,2026-10-05 20:51:16 MESZ,Shared Library
The Strokes,Last Nite,Shared,77,8,0,2026-10-07 08:15:11Z,2026-10-07 10:15:11 MESZ,Shared Library
The Weeknd,Blinding Lights,Shared,157,3,0,2026-10-06 15:43:32Z,2026-10-06 17:43:32 MESZ,Shared Library
The Weeknd,Gasoline,Shared,93,4,0,2026-10-05 12:52:40Z,2026-10-05 14:52:40 MESZ,Shared Library
The Weeknd,Starboy,Shared,228,4,0,2026-09-29 12:58:57Z,2026-09-29 14:58:57 MESZ,Shared Library
Tinashe,Nasty,Shared,128,2,0,2026-10-05 12:56:40Z,2026-10-05 14:56:40 MESZ,Shared Library
Tove Lo,No One Dies From Love,Shared,181,2,0,2026-10-03 05:23:53Z,2026-10-03 07:23:53 MESZ,Shared Library
Tracy Chapman,Fast Car  (2015 Remaster),Shared,241,7,1,2026-10-10 07:25:31Z,2026-10-10 09:25:31 MESZ,Shared Library
twenty one pilots,Stressed Out,Shared,21,1,0,2026-09-30 20:48:06Z,2026-09-30 22:48:06 MESZ,Shared Library
Tycho,A Walk,Shared,98,5,0,2026-10-02 08:46:22Z,2026-10-02 10:46:22 MESZ,Shared Library
Tycho,Dive,Shared,95,3,0,2026-10-03 06:27:24Z,2026-10-03 08:27:24 MESZ,Shared Library
Tyla,Water,Shared,234,9,1,2026-10-09 21:34:31Z,2026-10-09 23:34:31 MESZ,Shared Library
U2,Where The Streets Have No Name (Remastered 2007),Shared,105,8,0,2026-10-07 16:10:42Z,2026-10-07 18:10:42 MESZ,Shared Library
Ultravox,Vienna (2008 Remaster),Shared,24,7,0,2026-10-08 00:15:15Z,2026-10-08 02:15:15 MESZ,Shared Library
USA for Africa,We Are The World,Shared,42,2,1,2026-10-09 14:28:31Z,2026-10-09 16:28:31 MESZ,Shared Library
Wham!,Last Christmas (Single Version),Shared,3,1,0,2026-09-19 20:13:04Z,2026-09-19 22:13:04 MESZ,Shared Library
Wilson Pickett,In the Midnight Hour,Shared,140,10,1,2026-10-09 22:59:31Z,2026-10-10 00:59:31 MESZ,Shared Library
Wizkid,Essence,Shared,51,10,0,2026-10-09 05:20:29Z,2026-10-09 07:20:29 MESZ,Shared Library
Yellow Magic Orchestra,RYDEEN  (2018 Bob Ludwig Remastering),Shared,22,7,0,2026-10-08 17:41:23Z,2026-10-08 19:41:23 MESZ,Shared Library
Yussef Kamaal,Strings of Light,Shared,107,4,0,2026-09-26 04:24:56Z,2026-09-26 06:24:56 MESZ,Shared Library
Ólafur Arnalds,Near Light,Shared,193,8,0,2026-10-07 06:02:40Z,2026-10-07 08:02:40 MESZ,Shared Library
-M-,La bonne étoile (Live 2020),Station-Specific,3,1,0,2026-10-03 13:42:54Z,2026-10-03 15:42:54 MESZ,Scraper Logs (TF Play History)
"10,000 Maniacs",Can't Ignore the Train (LP Version),Station-Specific,9,2,0,2026-09-20 22:13:10Z,2026-09-21 00:13:10 MESZ,Scraper Logs (TF Play History)
"10,000 Maniacs",Like the Weather,Station-Specific,4,4,0,2026-10-06 09:44:29Z,2026-10-06 11:44:29 MESZ,Scraper Logs (TF Play History)
2CELLOS,Thunderstruck,Station-Specific,3,3,0,2026-10-08 12:58:23Z,2026-10-08 14:58:23 MESZ,Scraper Logs (TF Play History)
8-Bit Arcade,"The Moon Cave (8-Bit Gorillaz, Asha Puthli, Bobby Womack, Dave Jolicoeur, Jalen Ngonda & Black Thought Emulation)",Station-Specific,4,1,0,2026-10-03 04:35:23Z,2026-10-03 06:35:23 MESZ,Scraper Logs (TF Play History)
9MUSES,Dolls,Station-Specific,14,5,1,2026-10-09 13:39:02Z,2026-10-09 15:39:02 MESZ,Scraper Logs (TF Play History)
A Tribe Called Quest,Scenario (LP Mix),Station-Specific,4,4,0,2026-10-07 23:12:44Z,2026-10-08 01:12:44 MESZ,Scraper Logs (TF Play History)
A Winged Victory For The Sullen,Minuet for a Cheap Piano Number Two,Station-Specific,10,5,0,2026-10-05 06:17:34Z,2026-10-05 08:17:34 MESZ,Scraper Logs (TF Play History)
A Winged Victory For The Sullen,Steep Hills of Vicodin Tears,Station-Specific,114,4,1,2026-10-10 02:42:01Z,2026-10-10 04:42:01 MESZ,Scraper Logs (TF Play History)
A-Ha,Summer Moved On  (2019 Remaster),Station-Specific,4,4,0,2026-10-06 16:02:03Z,2026-10-06 18:02:03 MESZ,Scraper Logs (TF Play History)
A-Ha,Take on Me (2015 Remaster),Station-Specific,29,8,0,2026-10-07 09:43:11Z,2026-10-07 11:43:11 MESZ,Scraper Logs (TF Play History)
A-Ha,Take On Me (MTV Unplugged),Station-Specific,16,4,0,2026-10-03 11:52:24Z,2026-10-03 13:52:24 MESZ,Scraper Logs (TF Play History)
Aaliyah,If Your Girl Only Knew,Station-Specific,25,7,0,2026-10-06 07:33:57Z,2026-10-06 09:33:57 MESZ,Scraper Logs (TF Play History)
Aaliyah,Rock The Boat,Station-Specific,10,5,0,2026-10-02 04:06:20Z,2026-10-02 06:06:20 MESZ,Scraper Logs (TF Play History)
ABBA,Dancing Queen,Station-Specific,35,6,1,2026-10-09 10:35:31Z,2026-10-09 12:35:31 MESZ,Scraper Logs (TF Play History)
ABBA,Don't Shut Me Down,Station-Specific,11,5,0,2026-10-06 15:39:32Z,2026-10-06 17:39:32 MESZ,Scraper Logs (TF Play History)
ABBA,I Wonder (Departure),Station-Specific,11,3,0,2026-10-03 03:52:23Z,2026-10-03 05:52:23 MESZ,Scraper Logs (TF Play History)
ABBA,Waterloo (English Version),Station-Specific,16,10,0,2026-10-08 13:13:53Z,2026-10-08 15:13:53 MESZ,Scraper Logs (TF Play History)
Abdullah Ibrahim,Water From An Ancient Well,Station-Specific,5,5,0,2026-10-02 02:31:49Z,2026-10-02 04:31:49 MESZ,Scraper Logs (TF Play History)
Abor & Tynna,Baller,Station-Specific,2,0,0,2026-09-10 04:31:47Z,2026-09-10 06:31:47 MESZ,Scraper Logs (TF Play History)
AC/DC,Thunderstruck,Station-Specific,7,7,0,2026-10-08 08:43:52Z,2026-10-08 10:43:52 MESZ,Scraper Logs (TF Play History)
Acker Bilk,Stranger On The Shore,Station-Specific,12,2,0,2026-10-07 06:06:40Z,2026-10-07 08:06:40 MESZ,Scraper Logs (TF Play History)
Adamski,Killer,Station-Specific,14,6,0,2026-10-07 15:48:12Z,2026-10-07 17:48:12 MESZ,Scraper Logs (TF Play History)
Adrianne Lenker,anything,Station-Specific,50,9,1,2026-10-09 12:25:31Z,2026-10-09 14:25:31 MESZ,Scraper Logs (TF Play History)
Adriano Celentano,Prisencolinensinainciusol,Station-Specific,30,9,0,2026-10-09 05:35:30Z,2026-10-09 07:35:30 MESZ,Scraper Logs (TF Play History)
Aerosmith,Dream On,Station-Specific,6,6,0,2026-10-02 14:22:53Z,2026-10-02 16:22:53 MESZ,Scraper Logs (TF Play History)
Air,La femme d'argent,Station-Specific,63,7,0,2026-10-07 20:36:42Z,2026-10-07 22:36:42 MESZ,Scraper Logs (TF Play History)
Airiel,Bloom,Station-Specific,2,2,0,2026-09-15 08:41:56Z,2026-09-15 10:41:56 MESZ,Scraper Logs (TF Play History)
Akiaura,Sleepwalker,Station-Specific,5,1,0,2026-09-11 21:25:02Z,2026-09-11 23:25:02 MESZ,Scraper Logs (TF Play History)
Al Di Meola,Double Concerto,Station-Specific,13,5,0,2026-09-23 00:55:00Z,2026-09-23 02:55:00 MESZ,Scraper Logs (TF Play History)
Al Di Meola,Libertango,Station-Specific,6,6,1,2026-10-09 23:19:31Z,2026-10-10 01:19:31 MESZ,Scraper Logs (TF Play History)
Al Di Meola,"Passion, Grace & Fire (Album Version)",Station-Specific,9,3,0,2026-10-07 13:14:41Z,2026-10-07 15:14:41 MESZ,Scraper Logs (TF Play History)
Al Di Meola,Red Moon,Station-Specific,10,3,0,2026-09-29 10:47:27Z,2026-09-29 12:47:27 MESZ,Scraper Logs (TF Play History)
Al Green,Let's Stay Together,Station-Specific,122,7,0,2026-10-07 07:44:40Z,2026-10-07 09:44:40 MESZ,Scraper Logs (TF Play History)
Al Green,Love and Happiness,Station-Specific,26,8,1,2026-10-10 04:39:31Z,2026-10-10 06:39:31 MESZ,Scraper Logs (TF Play History)
Al Green,Simply Beautiful,Station-Specific,139,11,0,2026-10-09 00:21:25Z,2026-10-09 02:21:25 MESZ,Scraper Logs (TF Play History)
Al Green,The Lord Will Make a Way,Station-Specific,19,6,0,2026-10-01 10:33:43Z,2026-10-01 12:33:43 MESZ,Scraper Logs (TF Play History)
Al Stewart,Year of the Cat,Station-Specific,22,3,0,2026-10-08 21:17:53Z,2026-10-08 23:17:53 MESZ,Scraper Logs (TF Play History)
Alabama 3,Sad Eyed Lady Of The Low Life,Station-Specific,4,2,1,2026-10-09 09:35:01Z,2026-10-09 11:35:01 MESZ,Scraper Logs (TF Play History)
Alabama 3,Thank you,Station-Specific,2,0,0,2026-09-03 09:23:00Z,2026-09-03 11:23:00 MESZ,Scraper Logs (TF Play History)
Alabama 3,Woke Up This Morning,Station-Specific,9,2,0,2026-09-25 07:44:19Z,2026-09-25 09:44:19 MESZ,Scraper Logs (TF Play History)
Albert Hammond,When I'm Gone,Station-Specific,6,2,1,2026-10-09 15:07:31Z,2026-10-09 17:07:31 MESZ,Scraper Logs (TF Play History)
Albert King,Born Under A Bad Sign,Station-Specific,15,5,0,2026-10-07 07:21:40Z,2026-10-07 09:21:40 MESZ,Scraper Logs (TF Play History)
Alestorm,Captain Morgan`s Revenge,Station-Specific,3,0,0,2026-09-05 12:18:18Z,2026-09-05 14:18:18 MESZ,Scraper Logs (TF Play History)
Alestorm,Drink,Station-Specific,8,2,0,2026-09-25 20:38:49Z,2026-09-25 22:38:49 MESZ,Scraper Logs (TF Play History)
Alestorm,Keelhauled,Station-Specific,9,3,0,2026-10-03 06:59:54Z,2026-10-03 08:59:54 MESZ,Scraper Logs (TF Play History)
Alex Andre,"thanks, my day is ruined",Station-Specific,2,0,0,2026-08-01 05:28:30Z,2026-08-01 07:28:30 MESZ,Scraper Logs (TF Play History)
Alexander Malter,Pärt: Für Alina,Station-Specific,35,9,0,2026-10-07 06:56:41Z,2026-10-07 08:56:41 MESZ,Scraper Logs (TF Play History)
Alexander Rybak,Fairytale,Station-Specific,9,5,0,2026-10-04 13:35:05Z,2026-10-04 15:35:05 MESZ,Scraper Logs (TF Play History)
Alexandre Tharaud,Gnossienne No.1 - Gnossienne: No. 1,Station-Specific,35,8,0,2026-10-09 06:37:01Z,2026-10-09 08:37:01 MESZ,Scraper Logs (TF Play History)
Ali Farka Touré,Soukora,Station-Specific,75,11,1,2026-10-09 17:51:31Z,2026-10-09 19:51:31 MESZ,Scraper Logs (TF Play History)
Alice Coltrane,Journey In Satchidananda,Station-Specific,7,7,0,2026-10-08 15:33:53Z,2026-10-08 17:33:53 MESZ,Scraper Logs (TF Play History)
Alice In Chains,Man in the Box,Station-Specific,5,5,0,2026-10-07 22:23:14Z,2026-10-08 00:23:14 MESZ,Scraper Logs (TF Play History)
Alicia Keys,Fallin' (Album Version),Station-Specific,17,5,0,2026-10-09 02:53:57Z,2026-10-09 04:53:57 MESZ,Scraper Logs (TF Play History)
Alison Krauss,Down To The River To Pray (Live),Station-Specific,5,2,0,2026-09-25 19:57:19Z,2026-09-25 21:57:19 MESZ,Scraper Logs (TF Play History)
Almendra,Plegaria para un Niño Dormido,Station-Specific,21,7,0,2026-10-07 14:37:12Z,2026-10-07 16:37:12 MESZ,Scraper Logs (TF Play History)
Alvin Lucier,I Am Sitting in a Room,Station-Specific,7,1,0,2026-09-22 09:20:29Z,2026-09-22 11:20:29 MESZ,Scraper Logs (TF Play History)
Alvvays,Belinda Says,Station-Specific,42,7,1,2026-10-09 23:58:02Z,2026-10-10 01:58:02 MESZ,Scraper Logs (TF Play History)
Alèmayèhu Eshèté,Tashamanaletch,Station-Specific,16,5,0,2026-10-08 08:53:23Z,2026-10-08 10:53:23 MESZ,Scraper Logs (TF Play History)
Amadou & Mariam,M' Bife,Station-Specific,3,3,0,2026-10-08 15:13:53Z,2026-10-08 17:13:53 MESZ,Scraper Logs (TF Play History)
Ambrosia,Biggest Part of Me (Album Version),Station-Specific,45,5,0,2026-10-09 01:31:26Z,2026-10-09 03:31:26 MESZ,Scraper Logs (TF Play History)
Amy Macdonald,This Is The Life,Station-Specific,12,4,1,2026-10-09 17:35:32Z,2026-10-09 19:35:32 MESZ,Scraper Logs (TF Play History)
Amália Rodrigues,Barco negro,Station-Specific,28,10,0,2026-10-08 03:03:48Z,2026-10-08 05:03:48 MESZ,Scraper Logs (TF Play History)
Ana Sofia Varela,Fado Vadio (Má Fama),Station-Specific,18,7,0,2026-10-08 08:57:53Z,2026-10-08 10:57:53 MESZ,Scraper Logs (TF Play History)
Andrew W.K.,Party Hard (Album Version),Station-Specific,6,2,0,2026-10-06 13:31:01Z,2026-10-06 15:31:01 MESZ,Scraper Logs (TF Play History)
Andrés Calamaro,Flaca,Station-Specific,25,6,0,2026-10-08 14:25:24Z,2026-10-08 16:25:24 MESZ,Scraper Logs (TF Play History)
Angus & Julia Stone,You're The One That I Want,Station-Specific,20,3,1,2026-10-10 04:57:31Z,2026-10-10 06:57:31 MESZ,Scraper Logs (TF Play History)
Angèle Dubeau,The Mission – Buona Fortuna Jack (Live),Station-Specific,2,2,0,2026-09-27 18:54:44Z,2026-09-27 20:54:44 MESZ,Scraper Logs (TF Play History)
Angélique Kidjo,Agolo,Station-Specific,3,3,1,2026-10-09 12:33:01Z,2026-10-09 14:33:01 MESZ,Scraper Logs (TF Play History)
Anita Baker,Angel (LP Version),Station-Specific,44,4,0,2026-09-30 09:16:34Z,2026-09-30 11:16:34 MESZ,Scraper Logs (TF Play History)
Anita Baker,Caught Up in the Rapture (LP Version),Station-Specific,89,7,1,2026-10-09 19:31:02Z,2026-10-09 21:31:02 MESZ,Scraper Logs (TF Play History)
Anita Baker,Sweet Love,Station-Specific,111,9,1,2026-10-10 01:25:31Z,2026-10-10 03:25:31 MESZ,Scraper Logs (TF Play History)
Anne Clark,Our Darkness,Station-Specific,4,4,0,2026-10-02 21:07:23Z,2026-10-02 23:07:23 MESZ,Scraper Logs (TF Play History)
Annenmaykantereit,Oft gefragt,Station-Specific,14,3,0,2026-10-03 12:37:54Z,2026-10-03 14:37:54 MESZ,Scraper Logs (TF Play History)
ANNIE,Heartbeat,Station-Specific,10,6,0,2026-10-07 15:57:12Z,2026-10-07 17:57:12 MESZ,Scraper Logs (TF Play History)
ANORAQUE,Ivy,Station-Specific,8,3,1,2026-10-10 04:29:31Z,2026-10-10 06:29:31 MESZ,Scraper Logs (TF Play History)
Antonio Campo,I Need You More and More  (Remastered),Station-Specific,6,0,0,2026-09-08 10:20:35Z,2026-09-08 12:20:35 MESZ,Scraper Logs (TF Play History)
Antonio Carlos Jobim,The Girl From Ipanema,Station-Specific,44,8,0,2026-10-04 04:49:32Z,2026-10-04 06:49:32 MESZ,Scraper Logs (TF Play History)
Antonio Carlos Jobim,Wave,Station-Specific,89,7,0,2026-10-02 11:10:22Z,2026-10-02 13:10:22 MESZ,Scraper Logs (TF Play History)
Aphex Twin,Avril 14th,Station-Specific,86,4,0,2026-10-05 08:56:36Z,2026-10-05 10:56:36 MESZ,Scraper Logs (TF Play History)
Aphex Twin,Flim,Station-Specific,6,4,0,2026-09-29 01:10:20Z,2026-09-29 03:10:20 MESZ,Scraper Logs (TF Play History)
Aphex Twin,Rhubarb Orc. 19.53 Rev,Station-Specific,65,4,0,2026-10-08 06:40:22Z,2026-10-08 08:40:22 MESZ,Scraper Logs (TF Play History)
Aphex Twin,Xtal,Station-Specific,35,4,0,2026-09-30 09:33:34Z,2026-09-30 11:33:34 MESZ,Scraper Logs (TF Play History)
Apo Hiking Society,When I Met You,Station-Specific,8,4,0,2026-10-08 17:36:53Z,2026-10-08 19:36:53 MESZ,Scraper Logs (TF Play History)
Arcadia,The Promise  (2010 Remaster),Station-Specific,1,1,0,2026-10-02 19:24:23Z,2026-10-02 21:24:23 MESZ,Scraper Logs (TF Play History)
Archivio Storico Fondazione Isabella Scelsi,Anahit Concerto per due ondiole,Station-Specific,1,1,0,2026-10-02 03:03:49Z,2026-10-02 05:03:49 MESZ,Scraper Logs (TF Play History)
Arctic Monkeys,505,Station-Specific,29,6,0,2026-10-07 19:13:12Z,2026-10-07 21:13:12 MESZ,Scraper Logs (TF Play History)
Arctic Monkeys,Fake Tales Of San Francisco,Station-Specific,15,7,0,2026-10-04 19:23:05Z,2026-10-04 21:23:05 MESZ,Scraper Logs (TF Play History)
Arctic Monkeys,No. 1 Party Anthem,Station-Specific,17,5,1,2026-10-09 22:18:02Z,2026-10-10 00:18:02 MESZ,Scraper Logs (TF Play History)
Aretha Franklin,Day Dreaming (Album Version),Station-Specific,126,8,1,2026-10-10 03:40:01Z,2026-10-10 05:40:01 MESZ,Scraper Logs (TF Play History)
Aretha Franklin,I Say a Little Prayer,Station-Specific,47,9,0,2026-10-07 16:26:12Z,2026-10-07 18:26:12 MESZ,Scraper Logs (TF Play History)
Aretha Franklin,Precious Lord (Take My Hand) (Part One),Station-Specific,16,4,0,2026-09-27 12:33:42Z,2026-09-27 14:33:42 MESZ,Scraper Logs (TF Play History)
Aretha Franklin,Rock Steady (Album Version),Station-Specific,59,10,0,2026-10-09 00:09:24Z,2026-10-09 02:09:24 MESZ,Scraper Logs (TF Play History)
Aretha Franklin,Wholy Holy,Station-Specific,20,4,0,2026-10-08 12:47:53Z,2026-10-08 14:47:53 MESZ,Scraper Logs (TF Play History)
Armin van Buuren,Set Me Free,Station-Specific,3,1,0,2026-09-27 11:05:10Z,2026-09-27 13:05:10 MESZ,Scraper Logs (TF Play History)
Arvo Pärt,Spiegel im spiegel,Station-Specific,81,5,0,2026-10-09 06:50:00Z,2026-10-09 08:50:00 MESZ,Scraper Logs (TF Play History)
Ashley Tisdale,Bop to the Top,Station-Specific,3,0,0,2026-08-01 15:33:02Z,2026-08-01 17:33:02 MESZ,Scraper Logs (TF Play History)
Ashra,Kazoo,Station-Specific,25,6,0,2026-10-02 08:51:52Z,2026-10-02 10:51:52 MESZ,Scraper Logs (TF Play History)
Ashra,Midnight On Mars,Station-Specific,16,4,0,2026-10-06 06:08:56Z,2026-10-06 08:08:56 MESZ,Scraper Logs (TF Play History)
Ashra,Sunrain,Station-Specific,30,4,0,2026-09-29 01:42:21Z,2026-09-29 03:42:21 MESZ,Scraper Logs (TF Play History)
Aster Aweke,Tizita,Station-Specific,33,8,0,2026-10-08 09:56:23Z,2026-10-08 11:56:23 MESZ,Scraper Logs (TF Play History)
Astor Piazzolla,Adiós Nonino,Station-Specific,6,5,0,2026-09-20 09:24:10Z,2026-09-20 11:24:10 MESZ,Scraper Logs (TF Play History)
Astor Piazzolla,Milonga Del Angel,Station-Specific,23,7,0,2026-10-08 09:04:23Z,2026-10-08 11:04:23 MESZ,Scraper Logs (TF Play History)
AUN J-Classic Orchestra,Kimi Wo Nosete (Castle in the Sky),Station-Specific,9,2,0,2026-10-08 17:45:23Z,2026-10-08 19:45:23 MESZ,Scraper Logs (TF Play History)
Auringon Lapset,Etäpäivä,Station-Specific,12,2,0,2026-10-03 08:28:24Z,2026-10-03 10:28:24 MESZ,Scraper Logs (TF Play History)
Autechre,Gantz Graf,Station-Specific,2,0,0,2026-09-10 03:23:46Z,2026-09-10 05:23:46 MESZ,Scraper Logs (TF Play History)
Avril Lavigne,Sk8er Boi,Station-Specific,9,4,0,2026-10-04 13:31:33Z,2026-10-04 15:31:33 MESZ,Scraper Logs (TF Play History)
AWOLNATION,Burn It Down,Station-Specific,2,2,0,2026-10-03 07:13:54Z,2026-10-03 09:13:54 MESZ,Scraper Logs (TF Play History)
Azam Ali,La Serena,Station-Specific,17,7,1,2026-10-09 12:20:31Z,2026-10-09 14:20:31 MESZ,Scraper Logs (TF Play History)
Azawi,Make a Wish,Station-Specific,28,8,0,2026-10-09 04:36:29Z,2026-10-09 06:36:29 MESZ,Scraper Logs (TF Play History)
B.B. King,The Thrill Is Gone,Station-Specific,26,6,0,2026-10-07 13:20:41Z,2026-10-07 15:20:41 MESZ,Scraper Logs (TF Play History)
Baby Face Willette,At Last,Station-Specific,9,4,0,2026-09-26 09:07:56Z,2026-09-26 11:07:56 MESZ,Scraper Logs (TF Play History)
Backyard Babies,Minus Celsius,Station-Specific,4,4,0,2026-09-22 13:09:59Z,2026-09-22 15:09:59 MESZ,Scraper Logs (TF Play History)
Bad Religion,21st Century (Digital Boy),Station-Specific,7,3,0,2026-09-24 21:11:12Z,2026-09-24 23:11:12 MESZ,Scraper Logs (TF Play History)
Banners,Shine A Light,Station-Specific,14,4,1,2026-10-10 01:41:31Z,2026-10-10 03:41:31 MESZ,Scraper Logs (TF Play History)
Barbara Pravi,Voilà,Station-Specific,19,7,1,2026-10-10 03:37:01Z,2026-10-10 05:37:01 MESZ,Scraper Logs (TF Play History)
Barbra Streisand,Woman in Love (Album Version),Station-Specific,9,3,0,2026-10-08 01:55:17Z,2026-10-08 03:55:17 MESZ,Scraper Logs (TF Play History)
Barrington Levy,Black Roses,Station-Specific,12,7,0,2026-10-09 07:15:30Z,2026-10-09 09:15:30 MESZ,Scraper Logs (TF Play History)
Bauhaus,Ziggy Stardust,Station-Specific,16,7,0,2026-10-03 18:47:24Z,2026-10-03 20:47:24 MESZ,Scraper Logs (TF Play History)
Beach House,Bluebird,Station-Specific,45,10,0,2026-10-07 16:53:12Z,2026-10-07 18:53:12 MESZ,Scraper Logs (TF Play History)
Beach House,Space Song,Station-Specific,108,7,0,2026-10-08 18:58:53Z,2026-10-08 20:58:53 MESZ,Scraper Logs (TF Play History)
Beatrice Rana,"Keyboard Concerto No. 1 in D Minor, BWV 1052: I. Allegro",Station-Specific,1,1,1,2026-10-10 05:57:01Z,2026-10-10 07:57:01 MESZ,Scraper Logs (TF Play History)
Beatrice Rana,Libertango (Arr. Yamamoto for Piano 4-Hands),Station-Specific,41,7,0,2026-10-03 08:56:24Z,2026-10-03 10:56:24 MESZ,Scraper Logs (TF Play History)
Beats by Luca,52 CHICKEN NUGGET (McRave),Station-Specific,4,2,0,2026-09-12 18:15:36Z,2026-09-12 20:15:36 MESZ,Scraper Logs (TF Play History)
Bebel Gilberto,Samba Da Benção,Station-Specific,74,7,0,2026-10-08 14:41:23Z,2026-10-08 16:41:23 MESZ,Scraper Logs (TF Play History)
Becky Levi and the Nightjars,Wake Me Up,Station-Specific,2,0,0,2026-06-14 19:57:49Z,2026-06-14 21:57:49 MESZ,Scraper Logs (TF Play History)
Bee Gees,"Night Fever (From ""Saturday Night Fever"" Soundtrack)",Station-Specific,19,8,0,2026-10-06 16:28:32Z,2026-10-06 18:28:32 MESZ,Scraper Logs (TF Play History)
Beenie Man,Feel It Boy,Station-Specific,9,3,0,2026-10-07 00:29:36Z,2026-10-07 02:29:36 MESZ,Scraper Logs (TF Play History)
Belcea Quartet,"Quatuor à cordes n° 4, Sz. 91 - String Quartet No. 4 in C Major, Sz. 91: IV. Allegretto pizzicato",Station-Specific,5,2,0,2026-09-17 23:10:14Z,2026-09-18 01:10:14 MESZ,Scraper Logs (TF Play History)
Belle and Sebastian,The Boy with the Arab Strap,Station-Specific,26,7,0,2026-10-09 01:48:56Z,2026-10-09 03:48:56 MESZ,Scraper Logs (TF Play History)
Ben Allison,D.A.V.E.,Station-Specific,17,4,0,2026-09-28 12:24:16Z,2026-09-28 14:24:16 MESZ,Scraper Logs (TF Play History)
Ben E. King,Stand By Me,Station-Specific,31,8,0,2026-10-08 22:45:23Z,2026-10-09 00:45:23 MESZ,Scraper Logs (TF Play History)
Benny Goodman,Sing Sing Sing (With A Swing) (live),Station-Specific,14,3,0,2026-09-24 09:41:41Z,2026-09-24 11:41:41 MESZ,Scraper Logs (TF Play History)
Benny Sings,Rolled Up,Station-Specific,17,2,0,2026-09-30 07:21:34Z,2026-09-30 09:21:34 MESZ,Scraper Logs (TF Play History)
Benny Sings,Sailing,Station-Specific,16,6,0,2026-10-08 22:52:53Z,2026-10-09 00:52:53 MESZ,Scraper Logs (TF Play History)
Berlin,Take My Breath Away,Station-Specific,17,5,0,2026-10-07 05:37:40Z,2026-10-07 07:37:40 MESZ,Scraper Logs (TF Play History)
Bernard Purdie,Cool Down,Station-Specific,19,7,1,2026-10-09 10:07:31Z,2026-10-09 12:07:31 MESZ,Scraper Logs (TF Play History)
Bert Kaempfert,A Swingin' Safari,Station-Specific,10,1,0,2026-10-08 16:05:53Z,2026-10-08 18:05:53 MESZ,Scraper Logs (TF Play History)
Betty Carter,Moonlight in Vermont,Station-Specific,20,7,0,2026-10-08 01:33:17Z,2026-10-08 03:33:17 MESZ,Scraper Logs (TF Play History)
BETWEEN FRIENDS,affection,Station-Specific,6,2,1,2026-10-09 15:33:01Z,2026-10-09 17:33:01 MESZ,Scraper Logs (TF Play History)
Big Data,Put Me to Work,Station-Specific,14,4,0,2026-10-07 04:30:40Z,2026-10-07 06:30:40 MESZ,Scraper Logs (TF Play History)
Big Thief,Mary,Station-Specific,88,8,1,2026-10-10 03:44:01Z,2026-10-10 05:44:01 MESZ,Scraper Logs (TF Play History)
Bikini Kill,Rebel Girl,Station-Specific,9,6,0,2026-10-04 21:25:34Z,2026-10-04 23:25:34 MESZ,Scraper Logs (TF Play History)
Bill Callahan,Riding For The Feeling,Station-Specific,36,9,1,2026-10-10 05:27:01Z,2026-10-10 07:27:01 MESZ,Scraper Logs (TF Play History)
Bill Evans,Peace Piece (Album Version),Station-Specific,167,9,0,2026-10-01 19:42:44Z,2026-10-01 21:42:44 MESZ,Scraper Logs (TF Play History)
Bill Monroe & His Blue Grass Boys,Blue Moon Of Kentucky,Station-Specific,8,3,0,2026-09-16 18:16:34Z,2026-09-16 20:16:34 MESZ,Scraper Logs (TF Play History)
Bill Withers,Ain't No Sunshine (Album Version),Station-Specific,96,8,0,2026-10-04 22:53:04Z,2026-10-05 00:53:04 MESZ,Scraper Logs (TF Play History)
Bill Withers,Lovely Day,Station-Specific,144,9,1,2026-10-09 23:34:31Z,2026-10-10 01:34:31 MESZ,Scraper Logs (TF Play History)
Billie Eilish,Lo Vas A Olvidar,Station-Specific,5,3,0,2026-10-06 14:04:32Z,2026-10-06 16:04:32 MESZ,Scraper Logs (TF Play History)
Billie Eilish,"What Was I Made For? [From The Motion Picture ""Barbie""]",Station-Specific,10,2,1,2026-10-09 09:55:01Z,2026-10-09 11:55:01 MESZ,Scraper Logs (TF Play History)
Billie Eilish,when the party's over,Station-Specific,9,2,0,2026-09-19 08:17:03Z,2026-09-19 10:17:03 MESZ,Scraper Logs (TF Play History)
Billy Crystal,"If I Didn't Have You (From ""Monsters, Inc.""/Soundtrack Version)",Station-Specific,9,3,0,2026-10-06 02:44:53Z,2026-10-06 04:44:53 MESZ,Scraper Logs (TF Play History)
Billy Joel,Get It Right the First Time (Album Version),Station-Specific,9,3,0,2026-10-02 05:51:22Z,2026-10-02 07:51:22 MESZ,Scraper Logs (TF Play History)
Billy Joel,Honesty (Album Version),Station-Specific,7,3,0,2026-10-02 17:47:53Z,2026-10-02 19:47:53 MESZ,Scraper Logs (TF Play History)
Billy Joel,Scenes from an Italian Restaurant (Album Version),Station-Specific,14,3,0,2026-10-06 17:02:03Z,2026-10-06 19:02:03 MESZ,Scraper Logs (TF Play History)
Billy Joel,The River of Dreams (Album Version),Station-Specific,6,5,0,2026-10-05 00:30:33Z,2026-10-05 02:30:33 MESZ,Scraper Logs (TF Play History)
Billy Joel,Vienna (Album Version),Station-Specific,28,5,0,2026-10-05 13:47:41Z,2026-10-05 15:47:41 MESZ,Scraper Logs (TF Play History)
Björk,Army Of Me,Station-Specific,18,7,0,2026-10-08 11:32:23Z,2026-10-08 13:32:23 MESZ,Scraper Logs (TF Play History)
Björk,Hyperballad,Station-Specific,23,2,0,2026-10-07 07:16:10Z,2026-10-07 09:16:10 MESZ,Scraper Logs (TF Play History)
Björk,I’ve Seen It All,Station-Specific,9,5,1,2026-10-10 03:24:31Z,2026-10-10 05:24:31 MESZ,Scraper Logs (TF Play History)
Björk,Pagan Poetry,Station-Specific,11,5,0,2026-10-03 04:40:23Z,2026-10-03 06:40:23 MESZ,Scraper Logs (TF Play History)
Björk,Unravel,Station-Specific,22,7,0,2026-10-09 03:10:27Z,2026-10-09 05:10:27 MESZ,Scraper Logs (TF Play History)
Björk,Venus As A Boy (Live),Station-Specific,10,4,0,2026-09-21 15:24:48Z,2026-09-21 17:24:48 MESZ,Scraper Logs (TF Play History)
Black Sabbath,Paranoid,Station-Specific,6,4,0,2026-10-05 16:08:43Z,2026-10-05 18:08:43 MESZ,Scraper Logs (TF Play History)
Blake Shelton,Austin,Station-Specific,7,3,0,2026-10-05 02:51:33Z,2026-10-05 04:51:33 MESZ,Scraper Logs (TF Play History)
Blank & Jones,Get Down  (Rediscovered),Station-Specific,10,3,0,2026-10-08 11:39:53Z,2026-10-08 13:39:53 MESZ,Scraper Logs (TF Play History)
Blind Guardian,Mirror Mirror (Remastered 2007),Station-Specific,6,1,0,2026-09-12 12:43:06Z,2026-09-12 14:43:06 MESZ,Scraper Logs (TF Play History)
blink-182,All The Small Things,Station-Specific,10,4,0,2026-10-08 20:32:53Z,2026-10-08 22:32:53 MESZ,Scraper Logs (TF Play History)
Bloodhound Gang,Mope (Album Version),Station-Specific,1,1,0,2026-09-25 14:02:19Z,2026-09-25 16:02:19 MESZ,Scraper Logs (TF Play History)
Blossom Dearie,It Amazes Me,Station-Specific,18,6,0,2026-10-01 04:50:11Z,2026-10-01 06:50:11 MESZ,Scraper Logs (TF Play History)
Blue Murder,"Still Of The Night (Live In Tokyo, Japan / 1993)",Station-Specific,1,1,0,2026-09-22 16:01:29Z,2026-09-22 18:01:29 MESZ,Scraper Logs (TF Play History)
Blue Öyster Cult,(Don't Fear) The Reaper,Station-Specific,9,2,0,2026-10-02 05:09:52Z,2026-10-02 07:09:52 MESZ,Scraper Logs (TF Play History)
Blur,Song 2,Station-Specific,10,8,0,2026-10-06 22:01:33Z,2026-10-07 00:01:33 MESZ,Scraper Logs (TF Play History)
Boards of Canada,Blood In The Labyrinth,Station-Specific,15,5,1,2026-10-09 18:10:01Z,2026-10-09 20:10:01 MESZ,Scraper Logs (TF Play History)
Boards of Canada,Dayvan Cowboy,Station-Specific,46,9,0,2026-10-08 05:52:21Z,2026-10-08 07:52:21 MESZ,Scraper Logs (TF Play History)
Boards of Canada,Olson,Station-Specific,52,5,0,2026-09-26 05:24:26Z,2026-09-26 07:24:26 MESZ,Scraper Logs (TF Play History)
Boards of Canada,Roygbiv,Station-Specific,32,4,0,2026-09-24 17:15:11Z,2026-09-24 19:15:11 MESZ,Scraper Logs (TF Play History)
Bob Dylan,Girl from the North Country,Station-Specific,17,8,1,2026-10-09 18:00:32Z,2026-10-09 20:00:32 MESZ,Scraper Logs (TF Play History)
Bobby Caldwell,Coming Down from Love,Station-Specific,22,8,1,2026-10-10 05:09:01Z,2026-10-10 07:09:01 MESZ,Scraper Logs (TF Play History)
Bobby Caldwell,What You Won't Do for Love,Station-Specific,20,9,1,2026-10-09 21:42:01Z,2026-10-09 23:42:01 MESZ,Scraper Logs (TF Play History)
Bobby Darin,Beyond the Sea,Station-Specific,21,4,0,2026-10-08 00:58:16Z,2026-10-08 02:58:16 MESZ,Scraper Logs (TF Play History)
Bobby Hutcherson,Stardust,Station-Specific,6,6,0,2026-10-02 02:04:18Z,2026-10-02 04:04:18 MESZ,Scraper Logs (TF Play History)
Bobby McFerrin,Common Threads,Station-Specific,11,3,0,2026-10-06 09:18:59Z,2026-10-06 11:18:59 MESZ,Scraper Logs (TF Play History)
Bobby Vinton,Blue Velvet,Station-Specific,5,3,0,2026-10-01 23:39:15Z,2026-10-02 01:39:15 MESZ,Scraper Logs (TF Play History)
Boney M.,Sunny,Station-Specific,17,4,0,2026-10-08 11:59:23Z,2026-10-08 13:59:23 MESZ,Scraper Logs (TF Play History)
Bonnie Tyler,"Holding Out for a Hero (From ""Footloose"" Soundtrack)",Station-Specific,21,4,1,2026-10-09 15:50:31Z,2026-10-09 17:50:31 MESZ,Scraper Logs (TF Play History)
Bonnie Tyler,Total Eclipse of the Heart,Station-Specific,4,4,0,2026-10-07 09:17:11Z,2026-10-07 11:17:11 MESZ,Scraper Logs (TF Play History)
Booker T. & The M.G.'s,Green Onions,Station-Specific,34,6,1,2026-10-09 09:18:31Z,2026-10-09 11:18:31 MESZ,Scraper Logs (TF Play History)
Booker T. & The M.G.'s,Time Is Tight  (Live),Station-Specific,12,5,0,2026-09-27 03:37:02Z,2026-09-27 05:37:02 MESZ,Scraper Logs (TF Play History)
Booker T. Jones,Everything Is Everything,Station-Specific,17,7,1,2026-10-09 19:35:32Z,2026-10-09 21:35:32 MESZ,Scraper Logs (TF Play History)
Bootsy Collins,Psychoticbumpschool (LP Version),Station-Specific,43,7,0,2026-10-07 21:19:12Z,2026-10-07 23:19:12 MESZ,Scraper Logs (TF Play History)
Bowling For Soup,1985,Station-Specific,9,1,0,2026-10-03 03:13:53Z,2026-10-03 05:13:53 MESZ,Scraper Logs (TF Play History)
Boy Throb,Finger,Station-Specific,3,0,0,2026-08-01 16:32:31Z,2026-08-01 18:32:31 MESZ,Scraper Logs (TF Play History)
Boyz II Men,End Of The Road (Album Version),Station-Specific,16,4,0,2026-10-08 04:59:20Z,2026-10-08 06:59:20 MESZ,Scraper Logs (TF Play History)
Boz Scaggs,JoJo (2023 Remaster),Station-Specific,12,4,0,2026-10-08 21:53:23Z,2026-10-08 23:53:23 MESZ,Scraper Logs (TF Play History)
Boz Scaggs,Lowdown (2023 Remaster),Station-Specific,55,5,0,2026-10-09 02:19:26Z,2026-10-09 04:19:26 MESZ,Scraper Logs (TF Play History)
Boz Scaggs,Simone (2023 Remaster),Station-Specific,20,3,0,2026-10-06 07:13:27Z,2026-10-06 09:13:27 MESZ,Scraper Logs (TF Play History)
Brainstory,Mnemophobia,Station-Specific,22,5,1,2026-10-09 13:30:01Z,2026-10-09 15:30:01 MESZ,Scraper Logs (TF Play History)
Brandi Carlile,The Joke,Station-Specific,62,5,0,2026-10-06 00:49:51Z,2026-10-06 02:49:51 MESZ,Scraper Logs (TF Play History)
Breakbot,Baby I'm Yours,Station-Specific,20,6,0,2026-10-07 21:24:43Z,2026-10-07 23:24:43 MESZ,Scraper Logs (TF Play History)
Breakestra,Back At The Boathouse,Station-Specific,30,8,1,2026-10-09 10:04:31Z,2026-10-09 12:04:31 MESZ,Scraper Logs (TF Play History)
Brian Eno,Capsule,Station-Specific,12,7,0,2026-10-06 06:43:27Z,2026-10-06 08:43:27 MESZ,Scraper Logs (TF Play History)
Brian Eno,Deep Blue Day (Remastered 2019),Station-Specific,75,7,0,2026-10-08 06:03:51Z,2026-10-08 08:03:51 MESZ,Scraper Logs (TF Play History)
Brian Eno,Fullness Of Wind (Variation On 'The Canon In D Major' By Johann Pachelbel) (Remastered 2004),Station-Specific,43,6,0,2026-10-04 06:31:03Z,2026-10-04 08:31:03 MESZ,Scraper Logs (TF Play History)
Brian Eno,Spinning Away,Station-Specific,1,1,0,2026-09-16 18:24:34Z,2026-09-16 20:24:34 MESZ,Scraper Logs (TF Play History)
Brian Eno,The Big Ship (2004 Remaster),Station-Specific,14,7,0,2026-10-09 05:59:30Z,2026-10-09 07:59:30 MESZ,Scraper Logs (TF Play History)
Brijean,Counting Sheep,Station-Specific,23,6,1,2026-10-09 22:00:02Z,2026-10-10 00:00:02 MESZ,Scraper Logs (TF Play History)
Bring Me The Horizon,Blessed with a Curse,Station-Specific,4,4,0,2026-09-25 20:49:19Z,2026-09-25 22:49:19 MESZ,Scraper Logs (TF Play History)
Bruce Kaphan,Clouds,Station-Specific,45,5,0,2026-09-22 16:52:59Z,2026-09-22 18:52:59 MESZ,Scraper Logs (TF Play History)
Bruce Springsteen,Born in the U.S.A.,Station-Specific,19,6,0,2026-10-04 14:23:04Z,2026-10-04 16:23:04 MESZ,Scraper Logs (TF Play History)
Bruce Springsteen,Born to Run,Station-Specific,6,6,0,2026-10-09 03:26:57Z,2026-10-09 05:26:57 MESZ,Scraper Logs (TF Play History)
Bruce Springsteen,No Surrender,Station-Specific,3,3,0,2026-09-29 18:43:27Z,2026-09-29 20:43:27 MESZ,Scraper Logs (TF Play History)
Bruce Springsteen,The River,Station-Specific,3,3,0,2026-10-03 15:14:54Z,2026-10-03 17:14:54 MESZ,Scraper Logs (TF Play History)
Bruce Springsteen,Thunder Road,Station-Specific,42,7,0,2026-10-04 09:23:04Z,2026-10-04 11:23:04 MESZ,Scraper Logs (TF Play History)
Bruno Battisti D'Amario,Omaggio a giuliani,Station-Specific,6,2,0,2026-09-20 18:26:10Z,2026-09-20 20:26:10 MESZ,Scraper Logs (TF Play History)
Bryan Ferry,Reason or Rhyme,Station-Specific,3,3,0,2026-09-29 02:14:51Z,2026-09-29 04:14:51 MESZ,Scraper Logs (TF Play History)
Buckcherry,Crazy Bitch,Station-Specific,1,1,0,2026-09-15 19:59:27Z,2026-09-15 21:59:27 MESZ,Scraper Logs (TF Play History)
Buddy Guy,"Damn Right, I've Got the Blues",Station-Specific,6,1,0,2026-09-12 19:44:06Z,2026-09-12 21:44:06 MESZ,Scraper Logs (TF Play History)
Buena Vista Social Club,Chan Chan,Station-Specific,73,9,0,2026-10-09 07:52:31Z,2026-10-09 09:52:31 MESZ,Scraper Logs (TF Play History)
Bulgarian State Television Female Choir,"Nazdrave ti, Chorbadjiio (Cheers to You, Master of the House)",Station-Specific,11,8,1,2026-10-10 04:34:01Z,2026-10-10 06:34:01 MESZ,Scraper Logs (TF Play History)
Burial,Archangel,Station-Specific,80,6,0,2026-10-04 05:19:03Z,2026-10-04 07:19:03 MESZ,Scraper Logs (TF Play History)
Burial,Etched Headplate,Station-Specific,15,5,0,2026-09-30 17:37:35Z,2026-09-30 19:37:35 MESZ,Scraper Logs (TF Play History)
Burial,Ghost Hardware,Station-Specific,15,6,0,2026-10-05 08:51:36Z,2026-10-05 10:51:36 MESZ,Scraper Logs (TF Play History)
Burial,Near Dark,Station-Specific,13,3,0,2026-09-26 04:58:26Z,2026-09-26 06:58:26 MESZ,Scraper Logs (TF Play History)
Burna Boy,Last Last,Station-Specific,39,9,1,2026-10-09 22:22:01Z,2026-10-10 00:22:01 MESZ,Scraper Logs (TF Play History)
Bush,Everything Zen (Remastered),Station-Specific,4,4,0,2026-10-09 02:29:27Z,2026-10-09 04:29:27 MESZ,Scraper Logs (TF Play History)
Busta Rhymes,Gimme Some More,Station-Specific,3,3,0,2026-10-06 23:13:35Z,2026-10-07 01:13:35 MESZ,Scraper Logs (TF Play History)
ByeAlex,Kedvesem  (Original),Station-Specific,13,3,0,2026-10-08 16:36:53Z,2026-10-08 18:36:53 MESZ,Scraper Logs (TF Play History)
Caetano Veloso,O Leãozinho (Ao Vivo),Station-Specific,70,7,0,2026-10-03 02:38:23Z,2026-10-03 04:38:23 MESZ,Scraper Logs (TF Play History)
Caetano Veloso,Tropicália (Remastered 2006),Station-Specific,62,9,1,2026-10-09 15:25:31Z,2026-10-09 17:25:31 MESZ,Scraper Logs (TF Play History)
Café Tacvba,Eres (Album Version),Station-Specific,27,10,0,2026-10-08 17:55:23Z,2026-10-08 19:55:23 MESZ,Scraper Logs (TF Play History)
Cage The Elephant,What I'm Becoming,Station-Specific,5,3,0,2026-10-04 14:40:34Z,2026-10-04 16:40:34 MESZ,Scraper Logs (TF Play History)
Caifanes,Afuera,Station-Specific,5,5,1,2026-10-10 03:57:31Z,2026-10-10 05:57:31 MESZ,Scraper Logs (TF Play History)
Caifanes,La Negra Tomasa (Bilongo - Version Tropical),Station-Specific,9,6,1,2026-10-09 14:05:31Z,2026-10-09 16:05:31 MESZ,Scraper Logs (TF Play History)
Camille,Ta douleur,Station-Specific,5,5,0,2026-10-08 07:35:22Z,2026-10-08 09:35:22 MESZ,Scraper Logs (TF Play History)
Canned Heat,On The Road Again,Station-Specific,1,1,0,2026-10-07 13:01:11Z,2026-10-07 15:01:11 MESZ,Scraper Logs (TF Play History)
Cardiacs,Big Ship,Station-Specific,12,4,1,2026-10-10 02:21:31Z,2026-10-10 04:21:31 MESZ,Scraper Logs (TF Play History)
Carlos Gardel,Por una Cabeza,Station-Specific,21,7,0,2026-10-07 14:47:41Z,2026-10-07 16:47:41 MESZ,Scraper Logs (TF Play History)
Carole King,It's Too Late,Station-Specific,77,7,0,2026-10-06 09:56:29Z,2026-10-06 11:56:29 MESZ,Scraper Logs (TF Play History)
Carole King,So Far Away,Station-Specific,29,8,0,2026-10-08 07:07:52Z,2026-10-08 09:07:52 MESZ,Scraper Logs (TF Play History)
Caroline Polachek,Bunny Is A Rider,Station-Specific,28,1,0,2026-10-03 05:30:53Z,2026-10-03 07:30:53 MESZ,Scraper Logs (TF Play History)
Carter Vail,Ants In My Room,Station-Specific,5,3,0,2026-10-05 19:58:47Z,2026-10-05 21:58:47 MESZ,Scraper Logs (TF Play History)
Cartola,As Rosas Não Falam,Station-Specific,23,8,0,2026-10-08 14:51:23Z,2026-10-08 16:51:23 MESZ,Scraper Logs (TF Play History)
Cascada,Everytime We Touch,Station-Specific,6,1,0,2026-10-03 00:36:53Z,2026-10-03 02:36:53 MESZ,Scraper Logs (TF Play History)
Cate Le Bon,Are You with Me Now?,Station-Specific,13,5,0,2026-10-08 07:54:23Z,2026-10-08 09:54:23 MESZ,Scraper Logs (TF Play History)
Caterina Barbieri,Fantas,Station-Specific,45,5,0,2026-10-08 11:21:23Z,2026-10-08 13:21:23 MESZ,Scraper Logs (TF Play History)
Celtic Siren Noreen,Penelope's Song The Odyssey,Station-Specific,17,2,0,2026-09-18 03:54:48Z,2026-09-18 05:54:48 MESZ,Scraper Logs (TF Play History)
Cesária Evora,Petit pays,Station-Specific,8,8,0,2026-10-08 20:18:53Z,2026-10-08 22:18:53 MESZ,Scraper Logs (TF Play History)
Cesária Evora,Sodade,Station-Specific,38,10,1,2026-10-09 08:19:31Z,2026-10-09 10:19:31 MESZ,Scraper Logs (TF Play History)
Chaka Khan,What Cha' Gonna Do for Me,Station-Specific,39,7,1,2026-10-10 03:53:31Z,2026-10-10 05:53:31 MESZ,Scraper Logs (TF Play History)
Charles Lloyd,You Are So Beautiful,Station-Specific,1,1,0,2026-10-07 07:24:40Z,2026-10-07 09:24:40 MESZ,Scraper Logs (TF Play History)
Charles Lloyd & The Marvels,You Are So Beautiful,Station-Specific,1,1,0,2026-10-07 07:38:11Z,2026-10-07 09:38:11 MESZ,Scraper Logs (TF Play History)
Charles Mingus,Goodbye Pork Pie Hat (Album Version),Station-Specific,28,5,0,2026-10-08 15:46:23Z,2026-10-08 17:46:23 MESZ,Scraper Logs (TF Play History)
Charles Mingus,Medley: Mode D - Trio And Group Dancers / Mode E - Single Solos And Group Dance / Mode F - Group And Solo Dance (Album Version),Station-Specific,21,5,0,2026-09-28 07:39:45Z,2026-09-28 09:39:45 MESZ,Scraper Logs (TF Play History)
Charles Mingus,"Track A - Solo Dancer (Stop! Look! And Listen, Sinner Jim Whitney!) (Album Version)",Station-Specific,16,6,0,2026-10-01 04:05:40Z,2026-10-01 06:05:40 MESZ,Scraper Logs (TF Play History)
Charles Wright & The Watts 103rd Street Rhythm Band,Express Yourself (Album Version),Station-Specific,27,8,0,2026-10-09 04:16:58Z,2026-10-09 06:16:58 MESZ,Scraper Logs (TF Play History)
Charly García,Demoliendo Hoteles (Live),Station-Specific,18,6,0,2026-10-08 20:05:23Z,2026-10-08 22:05:23 MESZ,Scraper Logs (TF Play History)
Chavela Vargas,La llorona,Station-Specific,23,8,0,2026-10-08 09:16:53Z,2026-10-08 11:16:53 MESZ,Scraper Logs (TF Play History)
Chet Atkins,Why Worry (Album Version),Station-Specific,10,3,0,2026-10-06 06:26:26Z,2026-10-06 08:26:26 MESZ,Scraper Logs (TF Play History)
Chet Baker,Almost Blue,Station-Specific,43,5,0,2026-09-26 21:03:57Z,2026-09-26 23:03:57 MESZ,Scraper Logs (TF Play History)
Chet Baker,My Funny Valentine,Station-Specific,108,5,0,2026-10-08 01:07:46Z,2026-10-08 03:07:46 MESZ,Scraper Logs (TF Play History)
Chet Baker,You Don't Know What Love Is,Station-Specific,19,6,0,2026-09-29 10:41:56Z,2026-09-29 12:41:56 MESZ,Scraper Logs (TF Play History)
Chic,Good Times  (2018 Remaster),Station-Specific,74,7,0,2026-10-07 21:06:12Z,2026-10-07 23:06:12 MESZ,Scraper Logs (TF Play History)
Chicago,Hard to Say I'M Sorry / Get Away,Station-Specific,35,6,0,2026-10-07 16:47:42Z,2026-10-07 18:47:42 MESZ,Scraper Logs (TF Play History)
Chico Buarque,Construção,Station-Specific,40,9,1,2026-10-09 08:29:31Z,2026-10-09 10:29:31 MESZ,Scraper Logs (TF Play History)
Child Seat,Heart To Heart,Station-Specific,7,3,1,2026-10-09 20:34:01Z,2026-10-09 22:34:01 MESZ,Scraper Logs (TF Play History)
Child Seat,Hyperphantasia,Station-Specific,4,2,0,2026-10-06 19:48:33Z,2026-10-06 21:48:33 MESZ,Scraper Logs (TF Play History)
Chris Christodoulou,The Rain Formerly Known as Purple,Station-Specific,9,1,0,2026-09-14 02:24:50Z,2026-09-14 04:24:50 MESZ,Scraper Logs (TF Play History)
Chris Huelsbeck,GSTD Ingame 4,Station-Specific,2,0,0,2026-09-05 17:39:48Z,2026-09-05 19:39:48 MESZ,Scraper Logs (TF Play History)
Chris Isaak,Blue Hotel  (Remastered Album Version),Station-Specific,6,5,0,2026-10-06 00:19:51Z,2026-10-06 02:19:51 MESZ,Scraper Logs (TF Play History)
Chris Isaak,Wicked Game  (Remastered Album Version),Station-Specific,4,4,0,2026-09-22 19:39:30Z,2026-09-22 21:39:30 MESZ,Scraper Logs (TF Play History)
Chris Snelling,Le onde,Station-Specific,13,6,0,2026-10-07 06:29:10Z,2026-10-07 08:29:10 MESZ,Scraper Logs (TF Play History)
Chris Whitley,Big Sky Country (Album Version),Station-Specific,33,8,1,2026-10-09 21:47:01Z,2026-10-09 23:47:01 MESZ,Scraper Logs (TF Play History)
Christian Löffler,Lid,Station-Specific,34,3,0,2026-09-29 09:58:57Z,2026-09-29 11:58:57 MESZ,Scraper Logs (TF Play History)
Christina Aguilera,Genie In a Bottle,Station-Specific,4,2,0,2026-10-07 00:18:06Z,2026-10-07 02:18:06 MESZ,Scraper Logs (TF Play History)
Christopher Cross,I Really Don't Know Anymore  (2019 Remaster),Station-Specific,9,2,0,2026-10-05 08:21:05Z,2026-10-05 10:21:05 MESZ,Scraper Logs (TF Play History)
Christopher Cross,Ride Like the Wind (Album Version),Station-Specific,32,5,0,2026-10-06 07:58:58Z,2026-10-06 09:58:58 MESZ,Scraper Logs (TF Play History)
Christopher Cross,Sailing,Station-Specific,49,4,0,2026-10-05 17:07:45Z,2026-10-05 19:07:45 MESZ,Scraper Logs (TF Play History)
Chuck Berry,Johnny B. Goode,Station-Specific,22,6,0,2026-10-07 13:44:41Z,2026-10-07 15:44:41 MESZ,Scraper Logs (TF Play History)
Chuck Mangione,Feels So Good,Station-Specific,23,1,0,2026-09-19 14:46:33Z,2026-09-19 16:46:33 MESZ,Scraper Logs (TF Play History)
CHVRCHES,Clearest Blue,Station-Specific,13,5,0,2026-10-08 07:22:52Z,2026-10-08 09:22:52 MESZ,Scraper Logs (TF Play History)
Cibo Matto,Sugar Water (Album Version),Station-Specific,25,6,0,2026-10-05 13:37:11Z,2026-10-05 15:37:11 MESZ,Scraper Logs (TF Play History)
Cigarettes After Sex,Apocalypse,Station-Specific,98,6,0,2026-10-08 19:51:53Z,2026-10-08 21:51:53 MESZ,Scraper Logs (TF Play History)
Cigarettes After Sex,Nothing's Gonna Hurt You Baby,Station-Specific,22,6,0,2026-10-07 17:38:12Z,2026-10-07 19:38:12 MESZ,Scraper Logs (TF Play History)
City,Am Fenster,Station-Specific,2,2,0,2026-09-21 00:24:42Z,2026-09-21 02:24:42 MESZ,Scraper Logs (TF Play History)
Claire Chevallier,Je te veux,Station-Specific,18,6,0,2026-10-04 06:53:33Z,2026-10-04 08:53:33 MESZ,Scraper Logs (TF Play History)
Clannad,Theme From Harry's Game,Station-Specific,29,9,1,2026-10-09 19:16:32Z,2026-10-09 21:16:32 MESZ,Scraper Logs (TF Play History)
Claude Debussy,Clair de Lune: I,Station-Specific,13,3,0,2026-10-05 06:07:34Z,2026-10-05 08:07:34 MESZ,Scraper Logs (TF Play History)
Claudio Constantini,Noctilune No. 1 (Bandoneon Solo),Station-Specific,16,9,1,2026-10-09 21:19:01Z,2026-10-09 23:19:01 MESZ,Scraper Logs (TF Play History)
Club Nouveau,Lean On Me,Station-Specific,20,5,0,2026-10-06 21:30:33Z,2026-10-06 23:30:33 MESZ,Scraper Logs (TF Play History)
Cocteau Twins,Cherry-coloured Funk,Station-Specific,67,8,0,2026-10-08 05:10:20Z,2026-10-08 07:10:20 MESZ,Scraper Logs (TF Play History)
Cocteau Twins,Ivo,Station-Specific,11,9,0,2026-10-05 11:35:08Z,2026-10-05 13:35:08 MESZ,Scraper Logs (TF Play History)
Cocteau Twins,Whales Tails,Station-Specific,23,6,0,2026-10-06 06:22:56Z,2026-10-06 08:22:56 MESZ,Scraper Logs (TF Play History)
Cognitron,Low Frequency Thunderstorm Shield,Station-Specific,3,0,0,2026-08-10 00:35:05Z,2026-08-10 02:35:05 MESZ,Scraper Logs (TF Play History)
Colbie Caillat,Try,Station-Specific,2,2,1,2026-10-09 12:51:31Z,2026-10-09 14:51:31 MESZ,Scraper Logs (TF Play History)
Coldplay,Talk,Station-Specific,16,2,0,2026-10-05 13:42:11Z,2026-10-05 15:42:11 MESZ,Scraper Logs (TF Play History)
Coldplay,Yellow,Station-Specific,12,4,0,2026-10-04 19:13:04Z,2026-10-04 21:13:04 MESZ,Scraper Logs (TF Play History)
Coleman Hawkins & His Orchestra,Body and Soul,Station-Specific,26,9,0,2026-10-04 02:12:29Z,2026-10-04 04:12:29 MESZ,Scraper Logs (TF Play History)
Colin Currie,Music for 18 Musicians - Pulses,Station-Specific,41,7,0,2026-10-02 10:58:52Z,2026-10-02 12:58:52 MESZ,Scraper Logs (TF Play History)
Conchita Wurst,Rise Like a Phoenix,Station-Specific,10,3,0,2026-10-05 00:44:03Z,2026-10-05 02:44:03 MESZ,Scraper Logs (TF Play History)
Cornelius,New Music Machine (Buffalo Daughter Remix),Station-Specific,27,5,0,2026-10-06 07:44:27Z,2026-10-06 09:44:27 MESZ,Scraper Logs (TF Play History)
Cornelius,Star Fruit Surf Rider (Damon Albarn Remix),Station-Specific,30,6,0,2026-10-08 11:04:53Z,2026-10-08 13:04:53 MESZ,Scraper Logs (TF Play History)
Cover Vocals BPM 122 Acapellas,This Is Your Life (Originally Performed by Banderas),Station-Specific,7,2,0,2026-09-21 02:20:13Z,2026-09-21 04:20:13 MESZ,Scraper Logs (TF Play History)
Crazy Town,Butterfly,Station-Specific,5,2,0,2026-10-07 09:08:41Z,2026-10-07 11:08:41 MESZ,Scraper Logs (TF Play History)
Creed,With Arms Wide Open,Station-Specific,6,3,0,2026-10-06 22:57:04Z,2026-10-07 00:57:04 MESZ,Scraper Logs (TF Play History)
Creedence Clearwater Revival,Bad Moon Rising (Remastered 1985),Station-Specific,8,3,0,2026-09-24 19:55:41Z,2026-09-24 21:55:41 MESZ,Scraper Logs (TF Play History)
Creedence Clearwater Revival,Cotton Fields,Station-Specific,8,4,0,2026-10-03 16:04:54Z,2026-10-03 18:04:54 MESZ,Scraper Logs (TF Play History)
"Crosby, Stills, Nash & Young",Helpless,Station-Specific,8,7,1,2026-10-10 02:38:31Z,2026-10-10 04:38:31 MESZ,Scraper Logs (TF Play History)
Crowded House,Don't Dream It's Over,Station-Specific,6,6,0,2026-10-08 13:16:53Z,2026-10-08 15:16:53 MESZ,Scraper Logs (TF Play History)
Cuco,One and Only,Station-Specific,16,6,1,2026-10-09 18:40:31Z,2026-10-09 20:40:31 MESZ,Scraper Logs (TF Play History)
Cult With No Name,You Know Me Better Than I Know Myself,Station-Specific,2,0,0,2026-09-08 20:14:06Z,2026-09-08 22:14:06 MESZ,Scraper Logs (TF Play History)
Cults,Gilded Lily,Station-Specific,12,4,1,2026-10-09 20:46:33Z,2026-10-09 22:46:33 MESZ,Scraper Logs (TF Play History)
Cunninlynguists,My Habit (I Haven't Changed),Station-Specific,10,3,0,2026-10-07 23:24:45Z,2026-10-08 01:24:45 MESZ,Scraper Logs (TF Play History)
Curtis Mayfield,The Makings of You (2019 Remaster) (Remastered),Station-Specific,150,10,0,2026-10-08 04:10:19Z,2026-10-08 06:10:19 MESZ,Scraper Logs (TF Play History)
Curve,Fait Accompli,Station-Specific,9,7,0,2026-10-08 05:19:21Z,2026-10-08 07:19:21 MESZ,Scraper Logs (TF Play History)
Cyndi Lauper,At Last (Album Version),Station-Specific,1,0,0,2026-08-27 14:57:19Z,2026-08-27 16:57:19 MESZ,Scraper Logs (TF Play History)
Cyndi Lauper,Girls Just Want to Have Fun,Station-Specific,23,6,0,2026-10-06 23:59:35Z,2026-10-07 01:59:35 MESZ,Scraper Logs (TF Play History)
Cyndi Lauper,Time After Time,Station-Specific,7,5,0,2026-10-08 13:32:23Z,2026-10-08 15:32:23 MESZ,Scraper Logs (TF Play History)
Cynthia Harrell,SNAKE EATER Δ,Station-Specific,11,1,0,2026-10-06 05:27:25Z,2026-10-06 07:27:25 MESZ,Scraper Logs (TF Play History)
Czech Philharmonic,The Moldau Má Vlast: II. Vltava Moldau,Station-Specific,13,4,0,2026-09-23 04:25:30Z,2026-09-23 06:25:30 MESZ,Scraper Logs (TF Play History)
D'Angelo,Untitled (How Does It Feel),Station-Specific,127,6,0,2026-10-08 04:14:19Z,2026-10-08 06:14:19 MESZ,Scraper Logs (TF Play History)
Daft Punk,Around the World,Station-Specific,36,7,0,2026-10-09 01:00:58Z,2026-10-09 03:00:58 MESZ,Scraper Logs (TF Play History)
Daft Punk,Face to Face,Station-Specific,12,5,0,2026-10-03 12:57:24Z,2026-10-03 14:57:24 MESZ,Scraper Logs (TF Play History)
Daft Punk,Something About Us,Station-Specific,50,6,0,2026-10-04 17:37:34Z,2026-10-04 19:37:34 MESZ,Scraper Logs (TF Play History)
Daft Punk,Touch It / Technologic,Station-Specific,12,4,0,2026-10-06 15:05:32Z,2026-10-06 17:05:32 MESZ,Scraper Logs (TF Play History)
Daft Punk,Voyager,Station-Specific,11,5,0,2026-10-01 12:21:43Z,2026-10-01 14:21:43 MESZ,Scraper Logs (TF Play History)
Daft Punk feat. Julian Casablancas,Instant Crush (feat. Julian Casablancas),Station-Specific,15,7,0,2026-10-08 20:49:23Z,2026-10-08 22:49:23 MESZ,Scraper Logs (TF Play History)
Dafuniks,The Dance,Station-Specific,19,7,1,2026-10-09 16:39:01Z,2026-10-09 18:39:01 MESZ,Scraper Logs (TF Play History)
Daikaiju,Magic Wanda,Station-Specific,6,3,0,2026-10-03 05:02:23Z,2026-10-03 07:02:23 MESZ,Scraper Logs (TF Play History)
Dalida,Paroles paroles (Album Version),Station-Specific,9,4,0,2026-10-06 09:35:29Z,2026-10-06 11:35:29 MESZ,Scraper Logs (TF Play History)
Damien Rice,The Blower's Daughter,Station-Specific,78,7,1,2026-10-10 04:47:31Z,2026-10-10 06:47:31 MESZ,Scraper Logs (TF Play History)
Daniel Barenboim,"Nocturne n° 2 in E flat, op. 9 n° 2 - Nocturne No. 2 in E-Flat Major, Op. 9 No. 2",Station-Specific,43,7,0,2026-10-04 18:04:04Z,2026-10-04 20:04:04 MESZ,Scraper Logs (TF Play History)
Daniel Pemberton,"Amaze Amaze Amaze (Life on Erid) (from ""Project Hail Mary"")",Station-Specific,3,1,0,2026-09-30 20:07:04Z,2026-09-30 22:07:04 MESZ,Scraper Logs (TF Play History)
Dara,Bangaranga,Station-Specific,8,3,1,2026-10-09 15:37:01Z,2026-10-09 17:37:01 MESZ,Scraper Logs (TF Play History)
Daryl Hall & John Oates,I Can't Go For That (No Can Do) (Remastered 2003),Station-Specific,93,6,0,2026-10-08 20:27:23Z,2026-10-08 22:27:23 MESZ,Scraper Logs (TF Play History)
Database,Vice II,Station-Specific,2,2,1,2026-10-09 11:05:01Z,2026-10-09 13:05:01 MESZ,Scraper Logs (TF Play History)
David Bowie,"""Heroes"" (2017 Remaster)",Station-Specific,52,8,0,2026-10-04 22:30:34Z,2026-10-05 00:30:34 MESZ,Scraper Logs (TF Play History)
David Bowie,Breaking Glass  (2017 Remaster),Station-Specific,9,3,0,2026-10-01 09:15:13Z,2026-10-01 11:15:13 MESZ,Scraper Logs (TF Play History)
David Bowie,Dancing in the Street (2002 Remaster),Station-Specific,5,3,0,2026-10-07 11:22:41Z,2026-10-07 13:22:41 MESZ,Scraper Logs (TF Play History)
David Bowie,Dollar Days,Station-Specific,18,6,0,2026-09-30 17:09:04Z,2026-09-30 19:09:04 MESZ,Scraper Logs (TF Play History)
David Bowie,Let's Dance  (2018 Remaster),Station-Specific,24,5,0,2026-10-08 13:57:53Z,2026-10-08 15:57:53 MESZ,Scraper Logs (TF Play History)
David Bowie,Moonage Daydream (2012 Remaster),Station-Specific,15,5,1,2026-10-09 11:33:01Z,2026-10-09 13:33:01 MESZ,Scraper Logs (TF Play History)
David Bowie,Rebel Rebel,Station-Specific,22,5,0,2026-10-04 12:56:34Z,2026-10-04 14:56:34 MESZ,Scraper Logs (TF Play History)
David Bowie,Slip Away,Station-Specific,15,3,0,2026-09-24 16:25:11Z,2026-09-24 18:25:11 MESZ,Scraper Logs (TF Play History)
David Bowie,Slow Burn,Station-Specific,4,4,0,2026-10-06 17:21:03Z,2026-10-06 19:21:03 MESZ,Scraper Logs (TF Play History)
David Bowie,Subterraneans  (2017 Remaster),Station-Specific,32,9,1,2026-10-10 06:13:01Z,2026-10-10 08:13:01 MESZ,Scraper Logs (TF Play History)
David Bowie,Warszawa  (2017 Remaster),Station-Specific,1,1,0,2026-09-25 15:07:19Z,2026-09-25 17:07:19 MESZ,Scraper Logs (TF Play History)
David Bowie,Wild Is the Wind  (2016 Remaster),Station-Specific,6,4,0,2026-09-23 16:00:03Z,2026-09-23 18:00:03 MESZ,Scraper Logs (TF Play History)
David Byrne,Everybody's Coming to My House (Live),Station-Specific,1,1,0,2026-10-02 15:35:23Z,2026-10-02 17:35:23 MESZ,Scraper Logs (TF Play History)
David Soul,Silver Lady,Station-Specific,1,0,0,2026-09-09 18:37:43Z,2026-09-09 20:37:43 MESZ,Scraper Logs (TF Play History)
David Sylvian,Darkest Dreaming,Station-Specific,7,2,0,2026-09-28 09:35:16Z,2026-09-28 11:35:16 MESZ,Scraper Logs (TF Play History)
De La Soul,Me Myself and I,Station-Specific,26,7,0,2026-10-06 09:27:29Z,2026-10-06 11:27:29 MESZ,Scraper Logs (TF Play History)
Dead Can Dance,The Host of Seraphim (Remastered),Station-Specific,13,7,0,2026-10-02 06:41:22Z,2026-10-02 08:41:22 MESZ,Scraper Logs (TF Play History)
Dean Martin,Everybody Loves Somebody,Station-Specific,21,1,0,2026-09-11 09:25:00Z,2026-09-11 11:25:00 MESZ,Scraper Logs (TF Play History)
Deathbrain,the empty space is stuck in my head,Station-Specific,5,1,0,2026-10-03 18:09:24Z,2026-10-03 20:09:24 MESZ,Scraper Logs (TF Play History)
DEEN,Ride On Time,Station-Specific,8,2,0,2026-10-07 03:08:39Z,2026-10-07 05:08:39 MESZ,Scraper Logs (TF Play History)
Def Leppard,Photograph,Station-Specific,8,5,1,2026-10-09 13:26:01Z,2026-10-09 15:26:01 MESZ,Scraper Logs (TF Play History)
Deftones,Change (In the House of Flies),Station-Specific,1,1,0,2026-09-15 03:11:25Z,2026-09-15 05:11:25 MESZ,Scraper Logs (TF Play History)
Deftones,Cherry Waves,Station-Specific,7,5,0,2026-10-07 17:43:12Z,2026-10-07 19:43:12 MESZ,Scraper Logs (TF Play History)
Delia Derbyshire,"Doctor Who Opening Titles (“In Colour” Mix, Daleks Version)",Station-Specific,8,1,0,2026-09-13 21:26:45Z,2026-09-13 23:26:45 MESZ,Scraper Logs (TF Play History)
Dennis Edwards,Don't Look Any Further (Single Version),Station-Specific,46,6,0,2026-10-05 12:42:40Z,2026-10-05 14:42:40 MESZ,Scraper Logs (TF Play History)
Depeche Mode,Enjoy the Silence,Station-Specific,15,7,0,2026-10-08 13:53:23Z,2026-10-08 15:53:23 MESZ,Scraper Logs (TF Play History)
Depeche Mode,Just Can't Get Enough,Station-Specific,10,7,0,2026-10-06 09:23:29Z,2026-10-06 11:23:29 MESZ,Scraper Logs (TF Play History)
Depeche Mode,Policy of Truth,Station-Specific,9,4,0,2026-10-06 03:04:23Z,2026-10-06 05:04:23 MESZ,Scraper Logs (TF Play History)
Depeche Mode,Precious,Station-Specific,5,1,0,2026-09-24 15:09:11Z,2026-09-24 17:09:11 MESZ,Scraper Logs (TF Play History)
Diana Krall,How Deep Is The Ocean,Station-Specific,3,3,0,2026-10-07 06:10:10Z,2026-10-07 08:10:10 MESZ,Scraper Logs (TF Play History)
Diana Ross,I'm Coming Out,Station-Specific,53,5,0,2026-10-06 15:30:06Z,2026-10-06 17:30:06 MESZ,Scraper Logs (TF Play History)
Diana Ross,Muscles,Station-Specific,24,9,1,2026-10-10 02:14:31Z,2026-10-10 04:14:31 MESZ,Scraper Logs (TF Play History)
Die Fantastischen Vier,MfG - Mit freundlichen Grüßen  (2022),Station-Specific,7,7,0,2026-10-07 23:17:44Z,2026-10-08 01:17:44 MESZ,Scraper Logs (TF Play History)
DIIV,Doused,Station-Specific,23,5,0,2026-10-08 19:23:53Z,2026-10-08 21:23:53 MESZ,Scraper Logs (TF Play History)
Dire Straits,Sultans Of Swing,Station-Specific,1,0,0,2026-06-11 20:23:55Z,2026-06-11 22:23:55 MESZ,Scraper Logs (TF Play History)
Dire Straits,Your Latest Trick,Station-Specific,16,3,0,2026-10-06 11:44:00Z,2026-10-06 13:44:00 MESZ,Scraper Logs (TF Play History)
Disclosure,Help Me Lose My Mind,Station-Specific,30,5,1,2026-10-09 15:12:01Z,2026-10-09 17:12:01 MESZ,Scraper Logs (TF Play History)
Disturbed,Won't Back Down,Station-Specific,5,1,0,2026-09-15 17:52:58Z,2026-09-15 19:52:58 MESZ,Scraper Logs (TF Play History)
DJ Benjii,Aykedashem Lebe,Station-Specific,12,4,1,2026-10-09 15:29:01Z,2026-10-09 17:29:01 MESZ,Scraper Logs (TF Play History)
DJ Cam Quartet,Boss Guitar,Station-Specific,19,6,0,2026-10-04 02:31:30Z,2026-10-04 04:31:30 MESZ,Scraper Logs (TF Play History)
DJ Cam Quartet,Everybody Loves the Sunshine,Station-Specific,26,5,0,2026-09-27 15:35:14Z,2026-09-27 17:35:14 MESZ,Scraper Logs (TF Play History)
Djivan Gasparyan,Fallen Star,Station-Specific,25,6,0,2026-10-08 03:25:19Z,2026-10-08 05:25:19 MESZ,Scraper Logs (TF Play History)
Djivan Gasparyan,Take My Heart,Station-Specific,23,7,1,2026-10-10 08:08:31Z,2026-10-10 10:08:31 MESZ,Scraper Logs (TF Play History)
Djivan Gasparyan,They Took My Love Away,Station-Specific,2,1,0,2026-10-09 03:21:57Z,2026-10-09 05:21:57 MESZ,Scraper Logs (TF Play History)
Djivan Gasparyan,Together Forever,Station-Specific,54,7,1,2026-10-09 13:02:01Z,2026-10-09 15:02:01 MESZ,Scraper Logs (TF Play History)
Dolly Parton,Coat of Many Colors,Station-Specific,10,3,0,2026-09-29 18:01:27Z,2026-09-29 20:01:27 MESZ,Scraper Logs (TF Play History)
Dolly Parton,I Dreamed About Elvis,Station-Specific,7,4,0,2026-10-09 03:43:28Z,2026-10-09 05:43:28 MESZ,Scraper Logs (TF Play History)
Dolly Parton,I Will Always Love You,Station-Specific,12,8,0,2026-10-06 02:16:22Z,2026-10-06 04:16:22 MESZ,Scraper Logs (TF Play History)
Dolly Parton,Jolene,Station-Specific,12,7,0,2026-10-08 09:25:22Z,2026-10-08 11:25:22 MESZ,Scraper Logs (TF Play History)
Don McLean,Vincent,Station-Specific,9,7,1,2026-10-10 00:38:30Z,2026-10-10 02:38:30 MESZ,Scraper Logs (TF Play History)
Donald Fagen,The Nightfly,Station-Specific,13,1,0,2026-09-17 22:15:13Z,2026-09-18 00:15:13 MESZ,Scraper Logs (TF Play History)
Donna De Lory,Praying For Love,Station-Specific,6,2,0,2026-10-03 13:16:24Z,2026-10-03 15:16:24 MESZ,Scraper Logs (TF Play History)
Donna Summer,I Feel Love,Station-Specific,38,6,0,2026-10-05 15:08:12Z,2026-10-05 17:08:12 MESZ,Scraper Logs (TF Play History)
Donny Hathaway,A Song for You,Station-Specific,140,8,1,2026-10-09 22:42:01Z,2026-10-10 00:42:01 MESZ,Scraper Logs (TF Play History)
Donny Hathaway,Jealous Guy  (Live),Station-Specific,14,3,0,2026-09-21 13:10:18Z,2026-09-21 15:10:18 MESZ,Scraper Logs (TF Play History)
Dope Lemon,Honey Bones,Station-Specific,17,7,1,2026-10-09 22:47:34Z,2026-10-10 00:47:34 MESZ,Scraper Logs (TF Play History)
Dorian Electra,Bizarre Love Triangle,Station-Specific,3,0,0,2026-08-20 13:35:56Z,2026-08-20 15:35:56 MESZ,Scraper Logs (TF Play History)
Dorian Electra,Feel Good Inc.,Station-Specific,12,2,0,2026-09-21 02:16:43Z,2026-09-21 04:16:43 MESZ,Scraper Logs (TF Play History)
Dorian Electra,Hella Good,Station-Specific,5,2,0,2026-10-03 16:47:24Z,2026-10-03 18:47:24 MESZ,Scraper Logs (TF Play History)
Dot Allison,Bleached By The Sun,Station-Specific,9,4,0,2026-10-08 19:11:23Z,2026-10-08 21:11:23 MESZ,Scraper Logs (TF Play History)
Dragonforce,Through The Fire And Flames,Station-Specific,5,1,0,2026-09-12 13:22:06Z,2026-09-12 15:22:06 MESZ,Scraper Logs (TF Play History)
Dream Theater,Panic Attack (Album Version),Station-Specific,1,1,0,2026-09-15 17:08:57Z,2026-09-15 19:08:57 MESZ,Scraper Logs (TF Play History)
Dua Lipa,Don't Start Now,Station-Specific,15,5,0,2026-10-04 20:05:34Z,2026-10-04 22:05:34 MESZ,Scraper Logs (TF Play History)
Duke Ellington,In A Sentimental Mood,Station-Specific,108,7,0,2026-10-01 04:13:10Z,2026-10-01 06:13:10 MESZ,Scraper Logs (TF Play History)
Duncan Laurence,Arcade (feat. FLETCHER),Station-Specific,9,3,0,2026-10-08 20:39:53Z,2026-10-08 22:39:53 MESZ,Scraper Logs (TF Play History)
Duncan Sheik,Barely Breathing,Station-Specific,1,1,0,2026-09-19 22:14:04Z,2026-09-20 00:14:04 MESZ,Scraper Logs (TF Play History)
Duran Duran,Notorious  (2010 Remaster),Station-Specific,3,3,0,2026-09-28 13:45:17Z,2026-09-28 15:45:17 MESZ,Scraper Logs (TF Play History)
Duran Duran,Ordinary World,Station-Specific,7,4,1,2026-10-09 10:59:31Z,2026-10-09 12:59:31 MESZ,Scraper Logs (TF Play History)
Duran Duran,PSYCHO KILLER (feat. Victoria De Angelis) (Cover),Station-Specific,8,4,0,2026-10-08 12:28:23Z,2026-10-08 14:28:23 MESZ,Scraper Logs (TF Play History)
Durand Jones & The Indications,Witchoo,Station-Specific,50,5,0,2026-10-03 18:33:55Z,2026-10-03 20:33:55 MESZ,Scraper Logs (TF Play History)
Dutyyaknow,Close in the Distance (FFXIV Endwalker) [Synthwave],Station-Specific,3,1,0,2026-09-29 01:53:51Z,2026-09-29 03:53:51 MESZ,Scraper Logs (TF Play History)
Dúné,Hardcore Vibes,Station-Specific,4,2,0,2026-10-03 07:21:54Z,2026-10-03 09:21:54 MESZ,Scraper Logs (TF Play History)
Eagles,I Can't Tell You Why  (2013 Remaster),Station-Specific,4,2,0,2026-10-02 14:48:23Z,2026-10-02 16:48:23 MESZ,Scraper Logs (TF Play History)
Eagles,Take It Easy,Station-Specific,18,3,0,2026-10-06 13:46:02Z,2026-10-06 15:46:02 MESZ,Scraper Logs (TF Play History)
"Earth, Wind & Fire",Let's Groove (Album Version),Station-Specific,29,8,1,2026-10-09 09:59:01Z,2026-10-09 11:59:01 MESZ,Scraper Logs (TF Play History)
"Earth, Wind & Fire",September,Station-Specific,85,6,0,2026-10-07 15:00:42Z,2026-10-07 17:00:42 MESZ,Scraper Logs (TF Play History)
"Earth, Wind & Fire",Shining Star,Station-Specific,60,7,0,2026-10-06 21:10:03Z,2026-10-06 23:10:03 MESZ,Scraper Logs (TF Play History)
Echo And The Bunnymen,The Killing Moon,Station-Specific,12,7,0,2026-10-06 04:59:25Z,2026-10-06 06:59:25 MESZ,Scraper Logs (TF Play History)
Ed Sheeran,Perfect,Station-Specific,6,4,1,2026-10-09 18:21:01Z,2026-10-09 20:21:01 MESZ,Scraper Logs (TF Play History)
Edie Brickell & New Bohemians,Circle (Album Version),Station-Specific,12,5,0,2026-10-04 20:37:05Z,2026-10-04 22:37:05 MESZ,Scraper Logs (TF Play History)
Edith Piaf,La Vie en rose,Station-Specific,29,6,0,2026-10-04 06:59:33Z,2026-10-04 08:59:33 MESZ,Scraper Logs (TF Play History)
Ednaswap,Torn,Station-Specific,12,8,0,2026-10-04 21:55:04Z,2026-10-04 23:55:04 MESZ,Scraper Logs (TF Play History)
Edwin Rosen,Vertigo,Station-Specific,16,6,0,2026-10-02 07:25:22Z,2026-10-02 09:25:22 MESZ,Scraper Logs (TF Play History)
Edwin Starr,War,Station-Specific,16,6,0,2026-10-09 07:39:00Z,2026-10-09 09:39:00 MESZ,Scraper Logs (TF Play History)
Eiffel 65,Blue (Flume Remix),Station-Specific,8,4,0,2026-10-04 05:27:03Z,2026-10-04 07:27:03 MESZ,Scraper Logs (TF Play History)
Electric Light Orchestra,Evil Woman,Station-Specific,17,8,0,2026-10-05 13:21:10Z,2026-10-05 15:21:10 MESZ,Scraper Logs (TF Play History)
Electric Light Orchestra,"Yours Truly, 2095",Station-Specific,13,4,0,2026-10-03 04:04:23Z,2026-10-03 06:04:23 MESZ,Scraper Logs (TF Play History)
Elis Regina,Águas De Marco,Station-Specific,52,8,0,2026-10-08 17:04:23Z,2026-10-08 19:04:23 MESZ,Scraper Logs (TF Play History)
Ella Fitzgerald,"Bewitched, Bothered And Bewildered",Station-Specific,26,0,0,2026-09-09 13:14:12Z,2026-09-09 15:14:12 MESZ,Scraper Logs (TF Play History)
Ella Fitzgerald,"Bewitched, Bothered And Bewildered  (Ella Fitzgerald and Her Famous Orchestra Bewitched, Bothered And Bewildered)",Station-Specific,15,5,0,2026-10-02 02:42:19Z,2026-10-02 04:42:19 MESZ,Scraper Logs (TF Play History)
Ella Fitzgerald,Summertime,Station-Specific,91,6,0,2026-10-08 01:14:16Z,2026-10-08 03:14:16 MESZ,Scraper Logs (TF Play History)
Elliott Smith,Angeles,Station-Specific,15,8,0,2026-10-08 23:52:24Z,2026-10-09 01:52:24 MESZ,Scraper Logs (TF Play History)
Elliott Smith,Independence Day,Station-Specific,9,7,1,2026-10-10 02:59:01Z,2026-10-10 04:59:01 MESZ,Scraper Logs (TF Play History)
Eluvium,Indoor Swimming At The Space Station,Station-Specific,98,7,0,2026-10-04 18:45:34Z,2026-10-04 20:45:34 MESZ,Scraper Logs (TF Play History)
Eluvium,Surrounded by Illusion,Station-Specific,25,8,0,2026-10-07 06:22:10Z,2026-10-07 08:22:10 MESZ,Scraper Logs (TF Play History)
Eluvium,Taken,Station-Specific,39,2,0,2026-09-18 03:23:48Z,2026-09-18 05:23:48 MESZ,Scraper Logs (TF Play History)
Elvis Costello,Almost Blue,Station-Specific,8,4,0,2026-10-03 11:49:24Z,2026-10-03 13:49:24 MESZ,Scraper Logs (TF Play History)
Elvis Costello,Watching The Detectives (Single Version),Station-Specific,14,6,0,2026-10-08 21:45:23Z,2026-10-08 23:45:23 MESZ,Scraper Logs (TF Play History)
Elvis Presley,Can't Help Falling in Love,Station-Specific,10,4,0,2026-10-06 16:58:03Z,2026-10-06 18:58:03 MESZ,Scraper Logs (TF Play History)
Emancipator,Soon It Will Be Cold Enough to Build Fires,Station-Specific,9,2,0,2026-09-25 00:10:13Z,2026-09-25 02:10:13 MESZ,Scraper Logs (TF Play History)
Emmylou Harris,Mister Sandman,Station-Specific,18,6,0,2026-10-05 02:42:33Z,2026-10-05 04:42:33 MESZ,Scraper Logs (TF Play History)
Enjambre,Vida En El Espejo,Station-Specific,15,7,0,2026-10-07 14:04:11Z,2026-10-07 16:04:11 MESZ,Scraper Logs (TF Play History)
Ennio Morricone,"Once Upon a Time in the West (From ""Once Upon a Time in the West"")",Station-Specific,10,7,0,2026-10-07 05:20:40Z,2026-10-07 07:20:40 MESZ,Scraper Logs (TF Play History)
Ennio Morricone,The Ecstasy of Gold,Station-Specific,14,5,0,2026-10-04 01:18:28Z,2026-10-04 03:18:28 MESZ,Scraper Logs (TF Play History)
Enya,Caribbean Blue (2009 Remaster) (Remastered 2009),Station-Specific,15,6,0,2026-10-01 05:50:13Z,2026-10-01 07:50:13 MESZ,Scraper Logs (TF Play History)
Eric B. & Rakim,Paid In Full,Station-Specific,17,7,0,2026-10-07 23:08:44Z,2026-10-08 01:08:44 MESZ,Scraper Logs (TF Play History)
Eric Clapton,Change the World,Station-Specific,10,5,1,2026-10-09 21:09:31Z,2026-10-09 23:09:31 MESZ,Scraper Logs (TF Play History)
Erik Grönwall,House of the Rising Sun,Station-Specific,2,1,0,2026-09-29 16:13:27Z,2026-09-29 18:13:27 MESZ,Scraper Logs (TF Play History)
Erik Wøllo,Computerlove,Station-Specific,9,2,0,2026-09-19 23:58:05Z,2026-09-20 01:58:05 MESZ,Scraper Logs (TF Play History)
Erykah Badu,Tyrone (Live Version),Station-Specific,4,0,0,2026-08-19 19:59:19Z,2026-08-19 21:59:19 MESZ,Scraper Logs (TF Play History)
Erykah Badu,Window Seat,Station-Specific,75,8,1,2026-10-10 07:36:32Z,2026-10-10 09:36:32 MESZ,Scraper Logs (TF Play History)
Eskimo Joe,"Black Fingernails, Red Wine",Station-Specific,10,5,0,2026-10-09 00:48:55Z,2026-10-09 02:48:55 MESZ,Scraper Logs (TF Play History)
Etta James,At Last,Station-Specific,10,7,0,2026-10-02 22:33:23Z,2026-10-03 00:33:23 MESZ,Scraper Logs (TF Play History)
Etta James,I'd Rather Go Blind,Station-Specific,50,7,0,2026-10-07 18:40:13Z,2026-10-07 20:40:13 MESZ,Scraper Logs (TF Play History)
Euology,Logic,Station-Specific,5,2,1,2026-10-09 09:21:31Z,2026-10-09 11:21:31 MESZ,Scraper Logs (TF Play History)
Eva Cassidy,At Last (Acoustic),Station-Specific,5,3,0,2026-10-02 20:34:23Z,2026-10-02 22:34:23 MESZ,Scraper Logs (TF Play History)
Evan Fong,pe$o$,Station-Specific,1,0,0,2026-08-01 10:00:31Z,2026-08-01 12:00:31 MESZ,Scraper Logs (TF Play History)
Evanescence,Bring Me To Life,Station-Specific,7,1,0,2026-10-03 00:24:53Z,2026-10-03 02:24:53 MESZ,Scraper Logs (TF Play History)
Evergrey,In Orbit,Station-Specific,9,5,0,2026-09-28 22:28:17Z,2026-09-29 00:28:17 MESZ,Scraper Logs (TF Play History)
Ewan Maccoll,The First Time Ever I Saw Your Face,Station-Specific,19,7,1,2026-10-09 14:44:01Z,2026-10-09 16:44:01 MESZ,Scraper Logs (TF Play History)
Explosions In The Sky,Your Hand in Mine,Station-Specific,16,5,0,2026-10-06 05:47:56Z,2026-10-06 07:47:56 MESZ,Scraper Logs (TF Play History)
Extreme,More Than Words,Station-Specific,1,1,0,2026-10-06 13:40:04Z,2026-10-06 15:40:04 MESZ,Scraper Logs (TF Play History)
Fabrizio De Andrè,Bocca di rosa,Station-Specific,10,4,0,2026-10-03 08:31:24Z,2026-10-03 10:31:24 MESZ,Scraper Logs (TF Play History)
Faith No More,Stripsearch,Station-Specific,2,2,0,2026-10-03 17:11:54Z,2026-10-03 19:11:54 MESZ,Scraper Logs (TF Play History)
Faith No More,Surprise! You're Dead!,Station-Specific,2,2,0,2026-10-06 13:04:31Z,2026-10-06 15:04:31 MESZ,Scraper Logs (TF Play History)
Falco,Vienna Calling,Station-Specific,19,8,0,2026-10-07 11:12:41Z,2026-10-07 13:12:41 MESZ,Scraper Logs (TF Play History)
Fall Out Boy,Uma Thurman,Station-Specific,9,4,0,2026-10-09 05:47:00Z,2026-10-09 07:47:00 MESZ,Scraper Logs (TF Play History)
Fanfare Ciocarlia,Asfalt Tango,Station-Specific,5,5,1,2026-10-09 19:24:31Z,2026-10-09 21:24:31 MESZ,Scraper Logs (TF Play History)
Fat Bard,Crashlands!,Station-Specific,2,0,0,2026-09-05 17:22:18Z,2026-09-05 19:22:18 MESZ,Scraper Logs (TF Play History)
Fat Bard,The Tendraam,Station-Specific,2,0,0,2026-09-05 17:26:18Z,2026-09-05 19:26:18 MESZ,Scraper Logs (TF Play History)
Father John Misty,Just Dumb Enough to Try,Station-Specific,4,1,0,2026-10-03 09:38:24Z,2026-10-03 11:38:24 MESZ,Scraper Logs (TF Play History)
Federico Aubele,Postales,Station-Specific,80,5,0,2026-10-07 06:37:10Z,2026-10-07 08:37:10 MESZ,Scraper Logs (TF Play History)
Fela Kuti,Water No Get Enemy,Station-Specific,39,9,0,2026-10-09 07:42:31Z,2026-10-09 09:42:31 MESZ,Scraper Logs (TF Play History)
Fennesz,Endless Summer,Station-Specific,80,10,1,2026-10-10 06:55:31Z,2026-10-10 08:55:31 MESZ,Scraper Logs (TF Play History)
Ferrante & Teicher,Exodus,Station-Specific,15,1,0,2026-10-03 06:45:24Z,2026-10-03 08:45:24 MESZ,Scraper Logs (TF Play History)
Filippo Beck Peccoz,Desperados III Main Theme,Station-Specific,3,0,0,2026-09-05 17:08:48Z,2026-09-05 19:08:48 MESZ,Scraper Logs (TF Play History)
Filippo Beck Peccoz,Main Theme,Station-Specific,4,2,0,2026-09-22 07:48:59Z,2026-09-22 09:48:59 MESZ,Scraper Logs (TF Play History)
Filippo Beck Peccoz,The Thieves of Imai,Station-Specific,3,0,0,2026-09-05 17:05:18Z,2026-09-05 19:05:18 MESZ,Scraper Logs (TF Play History)
Filippo Beck Peccoz,Until Death Do Us Part,Station-Specific,4,2,0,2026-09-22 07:51:59Z,2026-09-22 09:51:59 MESZ,Scraper Logs (TF Play History)
Fiona Apple,Slow Like Honey,Station-Specific,17,6,0,2026-10-06 22:27:04Z,2026-10-07 00:27:04 MESZ,Scraper Logs (TF Play History)
Fito Páez,El amor después del amor,Station-Specific,17,7,0,2026-10-08 14:13:53Z,2026-10-08 16:13:53 MESZ,Scraper Logs (TF Play History)
Fleet Foxes,Helplessness Blues,Station-Specific,21,9,0,2026-10-05 02:05:33Z,2026-10-05 04:05:33 MESZ,Scraper Logs (TF Play History)
Fleet Foxes,Mykonos,Station-Specific,104,7,0,2026-10-07 08:05:41Z,2026-10-07 10:05:41 MESZ,Scraper Logs (TF Play History)
Fleetwood Mac,Albatross,Station-Specific,32,8,0,2026-10-05 18:17:15Z,2026-10-05 20:17:15 MESZ,Scraper Logs (TF Play History)
Fleetwood Mac,Dreams  (2001 Remaster),Station-Specific,102,8,0,2026-10-07 16:16:12Z,2026-10-07 18:16:12 MESZ,Scraper Logs (TF Play History)
Fleetwood Mac,I Know I'm Not Wrong,Station-Specific,13,5,0,2026-10-06 20:25:03Z,2026-10-06 22:25:03 MESZ,Scraper Logs (TF Play History)
Fleetwood Mac,Sara,Station-Specific,17,7,0,2026-10-06 20:03:32Z,2026-10-06 22:03:32 MESZ,Scraper Logs (TF Play History)
Fleetwood Mac,That's All for Everyone,Station-Specific,13,4,0,2026-10-06 20:17:33Z,2026-10-06 22:17:33 MESZ,Scraper Logs (TF Play History)
Fleetwood Mac,The Ledge,Station-Specific,14,5,0,2026-10-06 20:00:33Z,2026-10-06 22:00:33 MESZ,Scraper Logs (TF Play History)
Fleetwood Mac,Tusk,Station-Specific,17,8,0,2026-10-06 20:42:33Z,2026-10-06 22:42:33 MESZ,Scraper Logs (TF Play History)
Floating Points,Birth4000,Station-Specific,60,4,0,2026-10-01 16:48:43Z,2026-10-01 18:48:43 MESZ,Scraper Logs (TF Play History)
Floating Points,Last Bloom,Station-Specific,88,7,1,2026-10-09 10:15:01Z,2026-10-09 12:15:01 MESZ,Scraper Logs (TF Play History)
Foo Fighters,Everlong,Station-Specific,25,8,0,2026-10-09 05:31:30Z,2026-10-09 07:31:30 MESZ,Scraper Logs (TF Play History)
Foster The People,Sit Next to Me,Station-Specific,11,5,1,2026-10-10 00:50:00Z,2026-10-10 02:50:00 MESZ,Scraper Logs (TF Play History)
Fountains Of Wayne,Stacy's Mom,Station-Specific,2,2,0,2026-10-06 13:15:32Z,2026-10-06 15:15:32 MESZ,Scraper Logs (TF Play History)
Four Tet,Two Thousand and Seventeen,Station-Specific,88,10,1,2026-10-10 06:21:02Z,2026-10-10 08:21:02 MESZ,Scraper Logs (TF Play History)
France Clidat,"Pièces froides No.1 ""Trois airs à faire fuir""",Station-Specific,6,2,0,2026-09-22 07:47:29Z,2026-09-22 09:47:29 MESZ,Scraper Logs (TF Play History)
Frank Ocean,Pink + White,Station-Specific,56,6,0,2026-10-01 02:35:09Z,2026-10-01 04:35:09 MESZ,Scraper Logs (TF Play History)
Frank Ocean,Pyramids,Station-Specific,52,4,0,2026-09-24 19:45:13Z,2026-09-24 21:45:13 MESZ,Scraper Logs (TF Play History)
Frank Sinatra,Fly Me To The Moon (Remastered 2008),Station-Specific,62,5,0,2026-10-08 01:30:17Z,2026-10-08 03:30:17 MESZ,Scraper Logs (TF Play History)
Franko Mladen,Jamboree  (Remastered),Station-Specific,4,0,0,2026-09-08 10:45:35Z,2026-09-08 12:45:35 MESZ,Scraper Logs (TF Play History)
Fraunhofer Diffraction,Kvrt in Space,Station-Specific,8,3,1,2026-10-09 21:51:31Z,2026-10-09 23:51:31 MESZ,Scraper Logs (TF Play History)
Fred again..,Victory Lap,Station-Specific,14,4,0,2026-10-09 00:53:25Z,2026-10-09 02:53:25 MESZ,Scraper Logs (TF Play History)
Freddie King,Going Down,Station-Specific,13,9,0,2026-10-05 18:25:45Z,2026-10-05 20:25:45 MESZ,Scraper Logs (TF Play History)
Freddie Mercury,Love Kills,Station-Specific,4,4,0,2026-10-04 11:38:04Z,2026-10-04 13:38:04 MESZ,Scraper Logs (TF Play History)
Fredo Bang,Oouuh,Station-Specific,3,3,0,2026-10-04 23:20:05Z,2026-10-05 01:20:05 MESZ,Scraper Logs (TF Play History)
Free,Wild Indian Woman,Station-Specific,10,3,0,2026-10-03 19:18:24Z,2026-10-03 21:18:24 MESZ,Scraper Logs (TF Play History)
Fugazi,Waiting Room,Station-Specific,10,5,0,2026-10-04 21:28:34Z,2026-10-04 23:28:34 MESZ,Scraper Logs (TF Play History)
Fugees,Killing Me Softly,Station-Specific,15,5,0,2026-10-08 22:18:53Z,2026-10-09 00:18:53 MESZ,Scraper Logs (TF Play History)
G.Rag & die Landlergschwister,Odessa,Station-Specific,27,7,0,2026-10-09 03:53:58Z,2026-10-09 05:53:58 MESZ,Scraper Logs (TF Play History)
Gal Costa,Baby (Original Album),Station-Specific,31,8,0,2026-10-08 10:27:23Z,2026-10-08 12:27:23 MESZ,Scraper Logs (TF Play History)
Garbage,Only Happy When It Rains,Station-Specific,14,3,0,2026-10-04 21:45:34Z,2026-10-04 23:45:34 MESZ,Scraper Logs (TF Play History)
Gary Jules,Mad World,Station-Specific,24,7,0,2026-10-08 12:37:23Z,2026-10-08 14:37:23 MESZ,Scraper Logs (TF Play History)
Gary Moore,Parisienne Walkways,Station-Specific,6,4,0,2026-09-23 04:12:01Z,2026-09-23 06:12:01 MESZ,Scraper Logs (TF Play History)
Gary Numan,Cars,Station-Specific,8,8,0,2026-10-07 04:23:10Z,2026-10-07 06:23:10 MESZ,Scraper Logs (TF Play History)
Geese,Cowboy Nudes,Station-Specific,1,1,0,2026-09-15 19:48:57Z,2026-09-15 21:48:57 MESZ,Scraper Logs (TF Play History)
Gene Kelly,Singin' in the Rain,Station-Specific,6,1,0,2026-09-22 15:50:00Z,2026-09-22 17:50:00 MESZ,Scraper Logs (TF Play History)
Gene Watson,At Last,Station-Specific,1,0,0,2026-08-27 14:31:49Z,2026-08-27 16:31:49 MESZ,Scraper Logs (TF Play History)
Genesis,I Know What I Like (In Your Wardrobe) (2007 Stereo Mix),Station-Specific,3,3,1,2026-10-09 13:12:32Z,2026-10-09 15:12:32 MESZ,Scraper Logs (TF Play History)
Geoffrey Oryema,Solitude,Station-Specific,22,8,1,2026-10-09 11:15:31Z,2026-10-09 13:15:31 MESZ,Scraper Logs (TF Play History)
George Benson,Affirmation (Album Version),Station-Specific,12,2,0,2026-10-06 12:40:01Z,2026-10-06 14:40:01 MESZ,Scraper Logs (TF Play History)
George Benson,Dreamin' (Album Version),Station-Specific,13,5,0,2026-10-01 19:32:43Z,2026-10-01 21:32:43 MESZ,Scraper Logs (TF Play History)
George Michael,Somebody to Love (Album Version),Station-Specific,4,3,0,2026-10-08 00:47:46Z,2026-10-08 02:47:46 MESZ,Scraper Logs (TF Play History)
George Michael Duet with Mary J. Blige,As (Album Version),Station-Specific,15,5,2,2026-10-10 08:00:02Z,2026-10-10 10:00:02 MESZ,Scraper Logs (TF Play History)
Geowulf,Saltwater,Station-Specific,13,3,0,2026-10-08 05:29:21Z,2026-10-08 07:29:21 MESZ,Scraper Logs (TF Play History)
Geraint Watkins,At Last,Station-Specific,3,1,0,2026-09-15 23:34:58Z,2026-09-16 01:34:58 MESZ,Scraper Logs (TF Play History)
Gerry Rafferty,Baker Street,Station-Specific,29,4,0,2026-10-06 20:10:33Z,2026-10-06 22:10:33 MESZ,Scraper Logs (TF Play History)
Gerry Rafferty,Right Down the Line,Station-Specific,20,5,0,2026-10-08 21:37:23Z,2026-10-08 23:37:23 MESZ,Scraper Logs (TF Play History)
Gesu No Kiwami Otome,Revenge of Instinct,Station-Specific,11,1,0,2026-10-03 07:25:24Z,2026-10-03 09:25:24 MESZ,Scraper Logs (TF Play History)
gesunokiwamiotome,watashi igai watashi ja naino,Station-Specific,8,4,0,2026-10-08 08:23:23Z,2026-10-08 10:23:23 MESZ,Scraper Logs (TF Play History)
Getatchèw Mèkurya,Shellela,Station-Specific,32,9,1,2026-10-10 05:37:02Z,2026-10-10 07:37:02 MESZ,Scraper Logs (TF Play History)
Gilbert Bécaud,Le Pianiste de Varsovie,Station-Specific,5,3,0,2026-10-04 15:54:04Z,2026-10-04 17:54:04 MESZ,Scraper Logs (TF Play History)
Gilbert Bécaud,Nathalie,Station-Specific,10,7,0,2026-10-06 10:41:30Z,2026-10-06 12:41:30 MESZ,Scraper Logs (TF Play History)
Gilberto Gil,Aquele Abraço,Station-Specific,59,8,0,2026-10-07 01:40:38Z,2026-10-07 03:40:38 MESZ,Scraper Logs (TF Play History)
Gipsy Kings,Bamboleo,Station-Specific,18,5,0,2026-10-03 02:21:53Z,2026-10-03 04:21:53 MESZ,Scraper Logs (TF Play History)
Girls' Generation,Gee,Station-Specific,14,6,0,2026-10-08 13:09:53Z,2026-10-08 15:09:53 MESZ,Scraper Logs (TF Play History)
Glasperlenspiel,Nie vergessen,Station-Specific,8,6,0,2026-10-03 12:41:24Z,2026-10-03 14:41:24 MESZ,Scraper Logs (TF Play History)
Glass Animals,Heat Waves (Stripped Back),Station-Specific,8,5,1,2026-10-10 01:22:30Z,2026-10-10 03:22:30 MESZ,Scraper Logs (TF Play History)
Glass Animals,Life Itself,Station-Specific,16,6,0,2026-10-08 01:59:18Z,2026-10-08 03:59:18 MESZ,Scraper Logs (TF Play History)
Glen Hansard and Marketa Irglova,Falling Slowly (Album Version),Station-Specific,20,9,0,2026-10-08 22:48:23Z,2026-10-09 00:48:23 MESZ,Scraper Logs (TF Play History)
Glenn Gould,"3 Klavierstücke, Op. 11 - No. 1, Massig",Station-Specific,16,6,0,2026-10-09 06:16:31Z,2026-10-09 08:16:31 MESZ,Scraper Logs (TF Play History)
Glenn Gould,"3 Klavierstücke, Op. 11 - No. 2, Mässige Achtel (Instrumental)",Station-Specific,14,7,0,2026-10-03 06:08:53Z,2026-10-03 08:08:53 MESZ,Scraper Logs (TF Play History)
Glenn Gould,"3 Klavierstücke, Op. 11 - No. 3, Bewegte Achtel (Instrumental)",Station-Specific,4,2,0,2026-09-20 18:11:40Z,2026-09-20 20:11:40 MESZ,Scraper Logs (TF Play History)
Glenn Miller & His Orchestra,(I've Got A Gal In) Kalamazoo,Station-Specific,17,5,0,2026-09-30 18:54:05Z,2026-09-30 20:54:05 MESZ,Scraper Logs (TF Play History)
Glenn Miller & His Orchestra,At Last,Station-Specific,5,3,0,2026-10-02 02:49:19Z,2026-10-02 04:49:19 MESZ,Scraper Logs (TF Play History)
Gloria Estefan,Rhythm Is Gonna Get You,Station-Specific,11,8,0,2026-10-09 01:18:55Z,2026-10-09 03:18:55 MESZ,Scraper Logs (TF Play History)
Gloria Gaynor,I Will Survive,Station-Specific,3,3,0,2026-10-06 00:27:50Z,2026-10-06 02:27:50 MESZ,Scraper Logs (TF Play History)
Go_A,SHUM,Station-Specific,14,7,0,2026-10-07 04:27:40Z,2026-10-07 06:27:40 MESZ,Scraper Logs (TF Play History)
Goldmund,Threnody,Station-Specific,106,6,0,2026-10-04 05:59:03Z,2026-10-04 07:59:03 MESZ,Scraper Logs (TF Play History)
Gonzales,Gogol,Station-Specific,11,4,0,2026-09-22 07:31:29Z,2026-09-22 09:31:29 MESZ,Scraper Logs (TF Play History)
Gordon Lightfoot,Wherefore and Why (LP Version),Station-Specific,4,4,0,2026-10-09 03:50:28Z,2026-10-09 05:50:28 MESZ,Scraper Logs (TF Play History)
Gorillaz,Damascus (feat. Omar Souleyman and Yasiin Bey),Station-Specific,12,5,1,2026-10-09 10:28:31Z,2026-10-09 12:28:31 MESZ,Scraper Logs (TF Play History)
Gorillaz,Empire Ants (feat. Little Dragon),Station-Specific,4,4,0,2026-10-08 23:42:24Z,2026-10-09 01:42:24 MESZ,Scraper Logs (TF Play History)
Gorillaz,Hong Kong,Station-Specific,22,3,0,2026-10-02 07:59:52Z,2026-10-02 09:59:52 MESZ,Scraper Logs (TF Play History)
Gorillaz,"Orange County (feat. Bizarrap, Kara Jackson and Anoushka Shankar)",Station-Specific,16,5,0,2026-10-08 07:38:22Z,2026-10-08 09:38:22 MESZ,Scraper Logs (TF Play History)
Gorillaz,Pac-Man (feat. ScHoolboy Q),Station-Specific,4,4,0,2026-10-07 23:37:45Z,2026-10-08 01:37:45 MESZ,Scraper Logs (TF Play History)
Gorillaz,Rock the House,Station-Specific,6,6,0,2026-10-04 19:38:05Z,2026-10-04 21:38:05 MESZ,Scraper Logs (TF Play History)
Gorillaz,Souk Eye,Station-Specific,12,4,0,2026-10-03 16:27:25Z,2026-10-03 18:27:25 MESZ,Scraper Logs (TF Play History)
Gorillaz,"The Empty Dream Machine (feat. Black Thought, Johnny Marr and Anoushka Shankar)",Station-Specific,10,3,0,2026-10-03 04:52:53Z,2026-10-03 06:52:53 MESZ,Scraper Logs (TF Play History)
Gotan Project,Santa María (del Buen Ayre),Station-Specific,9,9,1,2026-10-10 07:11:31Z,2026-10-10 09:11:31 MESZ,Scraper Logs (TF Play History)
Grace Jones,I've Seen That Face Before (Libertango),Station-Specific,19,8,1,2026-10-09 08:24:31Z,2026-10-09 10:24:31 MESZ,Scraper Logs (TF Play History)
Grace Jones,Slave To The Rhythm (Hot Blooded Version),Station-Specific,10,2,0,2026-10-08 20:55:23Z,2026-10-08 22:55:23 MESZ,Scraper Logs (TF Play History)
Grateful Dead,Eyes of the World,Station-Specific,20,6,1,2026-10-10 00:17:00Z,2026-10-10 02:17:00 MESZ,Scraper Logs (TF Play History)
Green Day,American Idiot (Album Version),Station-Specific,7,0,0,2026-09-08 00:21:04Z,2026-09-08 02:21:04 MESZ,Scraper Logs (TF Play History)
Greg Shilling,Shampoo,Station-Specific,2,0,0,2026-08-22 18:07:43Z,2026-08-22 20:07:43 MESZ,Scraper Logs (TF Play History)
Grethe & Jørgen Ingmann,Dansevise,Station-Specific,11,4,0,2026-10-03 08:18:54Z,2026-10-03 10:18:54 MESZ,Scraper Logs (TF Play History)
Grimes,Oblivion,Station-Specific,2,2,1,2026-10-09 16:30:31Z,2026-10-09 18:30:31 MESZ,Scraper Logs (TF Play History)
Groove Armada,At the River,Station-Specific,27,4,0,2026-10-08 04:52:20Z,2026-10-08 06:52:20 MESZ,Scraper Logs (TF Play History)
Groove Armada,Madder,Station-Specific,9,5,0,2026-10-09 04:38:59Z,2026-10-09 06:38:59 MESZ,Scraper Logs (TF Play History)
Groove Armada,My Friend (Album Version),Station-Specific,10,2,0,2026-10-01 09:25:43Z,2026-10-01 11:25:43 MESZ,Scraper Logs (TF Play History)
Grossstadtgeflüster,Fickt-Euch-Allee,Station-Specific,8,2,0,2026-09-18 10:29:54Z,2026-09-18 12:29:54 MESZ,Scraper Logs (TF Play History)
Grouper,Alien Observer,Station-Specific,125,8,1,2026-10-10 07:04:31Z,2026-10-10 09:04:31 MESZ,Scraper Logs (TF Play History)
Grouper,Holding,Station-Specific,108,5,1,2026-10-09 09:40:01Z,2026-10-09 11:40:01 MESZ,Scraper Logs (TF Play History)
Grover Washington Jr.,Mister Magic,Station-Specific,40,6,0,2026-10-06 01:21:51Z,2026-10-06 03:21:51 MESZ,Scraper Logs (TF Play History)
Guitar Tribute Players,Angel of Small Death and the Codeine Scene,Station-Specific,1,0,0,2026-08-12 16:17:23Z,2026-08-12 18:17:23 MESZ,Scraper Logs (TF Play History)
Gus Dapperton,Ditch,Station-Specific,17,6,1,2026-10-09 20:50:06Z,2026-10-09 22:50:06 MESZ,Scraper Logs (TF Play History)
Gustavo Cerati,Crimen,Station-Specific,21,7,0,2026-10-05 23:32:20Z,2026-10-06 01:32:20 MESZ,Scraper Logs (TF Play History)
Gustavo Cerati,Puente,Station-Specific,26,7,0,2026-10-08 14:30:23Z,2026-10-08 16:30:23 MESZ,Scraper Logs (TF Play History)
Guts,Laisser Lucie faire,Station-Specific,6,1,0,2026-10-07 23:02:44Z,2026-10-08 01:02:44 MESZ,Scraper Logs (TF Play History)
Haddaway,"What Is Love (7"" Mix) (Remastered 2025) (7"" Mix / Remastered 2025)",Station-Specific,10,5,0,2026-10-07 09:03:41Z,2026-10-07 11:03:41 MESZ,Scraper Logs (TF Play History)
Haddaway,What Is Love (Lynx & Pico Remix),Station-Specific,5,3,1,2026-10-09 10:11:31Z,2026-10-09 12:11:31 MESZ,Scraper Logs (TF Play History)
Hailu Mergia,Tezeta,Station-Specific,50,9,0,2026-10-08 15:24:23Z,2026-10-08 17:24:23 MESZ,Scraper Logs (TF Play History)
Halo,Halo Theme Mjolnir Mix,Station-Specific,1,1,0,2026-09-21 03:04:14Z,2026-09-21 05:04:14 MESZ,Scraper Logs (TF Play History)
Hammerfall,Hearts On Fire,Station-Specific,6,3,0,2026-10-06 09:48:29Z,2026-10-06 11:48:29 MESZ,Scraper Logs (TF Play History)
Hammock,Maybe They Will Sing for Us Tomorrow,Station-Specific,126,5,0,2026-09-30 15:19:04Z,2026-09-30 17:19:04 MESZ,Scraper Logs (TF Play History)
Hammock,Tape Recorder,Station-Specific,122,3,0,2026-09-19 09:36:32Z,2026-09-19 11:36:32 MESZ,Scraper Logs (TF Play History)
Hania Rani,Eden,Station-Specific,35,8,0,2026-10-02 15:01:23Z,2026-10-02 17:01:23 MESZ,Scraper Logs (TF Play History)
Hania Rani,Glass,Station-Specific,130,9,0,2026-10-04 06:07:33Z,2026-10-04 08:07:33 MESZ,Scraper Logs (TF Play History)
Hank Williams,I'm So Lonesome I Could Cry (Single Version),Station-Specific,14,7,0,2026-10-05 02:24:03Z,2026-10-05 04:24:03 MESZ,Scraper Logs (TF Play History)
Hans Tanz,Neues Land,Station-Specific,6,0,0,2026-09-04 02:56:37Z,2026-09-04 04:56:37 MESZ,Scraper Logs (TF Play History)
Hans Zimmer,Cornfield Chase,Station-Specific,3,3,0,2026-10-04 01:25:28Z,2026-10-04 03:25:28 MESZ,Scraper Logs (TF Play History)
Hans Zimmer,S.T.A.Y.,Station-Specific,24,5,0,2026-10-06 17:44:33Z,2026-10-06 19:44:33 MESZ,Scraper Logs (TF Play History)
Hard Life,daydreams,Station-Specific,16,5,1,2026-10-10 05:01:01Z,2026-10-10 07:01:01 MESZ,Scraper Logs (TF Play History)
Hardcore Superstar,We Don't Celebrate Sundays,Station-Specific,3,3,0,2026-09-22 13:05:29Z,2026-09-22 15:05:29 MESZ,Scraper Logs (TF Play History)
Hariprasad Chaurasia,Bhupali,Station-Specific,17,6,0,2026-10-06 10:54:00Z,2026-10-06 12:54:00 MESZ,Scraper Logs (TF Play History)
Harold Budd,A Stream With Bright Fish (2005 Digital Remaster),Station-Specific,90,7,0,2026-10-08 06:47:52Z,2026-10-08 08:47:52 MESZ,Scraper Logs (TF Play History)
Harold Budd,Lost In The Humming Air (2005 Digital Remaster),Station-Specific,92,4,0,2026-10-02 05:59:52Z,2026-10-02 07:59:52 MESZ,Scraper Logs (TF Play History)
Harris Jayaraj,"Adiyae Kolluthey (From ""Vaaranam Aayiram"")",Station-Specific,12,2,0,2026-10-08 16:09:23Z,2026-10-08 18:09:23 MESZ,Scraper Logs (TF Play History)
Haute & Freddy,Dance The Pain Away,Station-Specific,5,3,0,2026-10-03 12:19:24Z,2026-10-03 14:19:24 MESZ,Scraper Logs (TF Play History)
Haute & Freddy,Shy Girl,Station-Specific,3,1,0,2026-09-16 10:33:04Z,2026-09-16 12:33:04 MESZ,Scraper Logs (TF Play History)
Hayley Williams,Simmer  (Acoustic),Station-Specific,1,1,0,2026-10-02 12:29:52Z,2026-10-02 14:29:52 MESZ,Scraper Logs (TF Play History)
Heathered Pearls,Pacific Summits (Pulse Version),Station-Specific,57,3,0,2026-09-23 05:00:31Z,2026-09-23 07:00:31 MESZ,Scraper Logs (TF Play History)
Hector Villalobos,Bachianas Brasileiras No. 5: I Aria (Cantilena),Station-Specific,16,6,0,2026-09-29 14:21:57Z,2026-09-29 16:21:57 MESZ,Scraper Logs (TF Play History)
Heejin,Algorithm,Station-Specific,16,7,1,2026-10-10 01:19:00Z,2026-10-10 03:19:00 MESZ,Scraper Logs (TF Play History)
Helado Negro,Brown Fluorescence,Station-Specific,20,4,0,2026-10-08 14:57:23Z,2026-10-08 16:57:23 MESZ,Scraper Logs (TF Play History)
Helen Forrest,"It's Been A Long, Long Time",Station-Specific,10,1,0,2026-09-11 09:21:30Z,2026-09-11 11:21:30 MESZ,Scraper Logs (TF Play History)
Helios,First Dream Called Ocean,Station-Specific,101,6,0,2026-10-01 16:06:13Z,2026-10-01 18:06:13 MESZ,Scraper Logs (TF Play History)
Helloween,Eagle Fly Free (Remastered 2024),Station-Specific,4,1,0,2026-09-12 12:32:36Z,2026-09-12 14:32:36 MESZ,Scraper Logs (TF Play History)
Hem,Betting on Trains (Remastered 2025),Station-Specific,16,9,1,2026-10-09 14:46:31Z,2026-10-09 16:46:31 MESZ,Scraper Logs (TF Play History)
Hem,Half Acre (Remastered 2025),Station-Specific,43,8,1,2026-10-10 02:27:31Z,2026-10-10 04:27:31 MESZ,Scraper Logs (TF Play History)
Henry Cow,Beautiful as the Moon; Terrible as an Army with Banners,Station-Specific,15,5,1,2026-10-09 20:13:01Z,2026-10-09 22:13:01 MESZ,Scraper Logs (TF Play History)
Henry Mancini,Moon River (Remastered),Station-Specific,24,3,0,2026-10-07 05:34:40Z,2026-10-07 07:34:40 MESZ,Scraper Logs (TF Play History)
Her's,Blue Lips,Station-Specific,23,6,0,2026-10-09 05:50:30Z,2026-10-09 07:50:30 MESZ,Scraper Logs (TF Play History)
Herb Alpert's Tijuana Brass,A Taste of Honey,Station-Specific,20,1,0,2026-09-19 17:48:33Z,2026-09-19 19:48:33 MESZ,Scraper Logs (TF Play History)
Herbert Grönemeyer,Mensch,Station-Specific,3,3,0,2026-10-08 17:07:23Z,2026-10-08 19:07:23 MESZ,Scraper Logs (TF Play History)
Herbert Grönemeyer,Mensch (Remastered 2016),Station-Specific,5,5,0,2026-10-05 14:42:12Z,2026-10-05 16:42:12 MESZ,Scraper Logs (TF Play History)
Herbert Grönemeyer,Männer (Remastered 2016),Station-Specific,4,4,1,2026-10-09 11:50:31Z,2026-10-09 13:50:31 MESZ,Scraper Logs (TF Play History)
Herbert Grönemeyer,Was soll das (Remastered 2016),Station-Specific,21,7,0,2026-10-09 00:56:25Z,2026-10-09 02:56:25 MESZ,Scraper Logs (TF Play History)
Herbert Waltl,"Brandenburg Concerto No. 3 in G Major, BWV 1048: I. Allegro",Station-Specific,9,3,0,2026-10-03 06:35:54Z,2026-10-03 08:35:54 MESZ,Scraper Logs (TF Play History)
Herbie Hancock,Chameleon,Station-Specific,24,5,0,2026-09-28 16:41:16Z,2026-09-28 18:41:16 MESZ,Scraper Logs (TF Play History)
Hikaru Utada,First Love,Station-Specific,23,5,0,2026-10-08 16:59:53Z,2026-10-08 18:59:53 MESZ,Scraper Logs (TF Play History)
Hindi Zahra,Beautiful Tango (Remastered Version),Station-Specific,21,8,1,2026-10-09 11:57:31Z,2026-10-09 13:57:31 MESZ,Scraper Logs (TF Play History)
Hiroshi Yoshimura,Feel,Station-Specific,27,7,0,2026-10-08 15:29:23Z,2026-10-08 17:29:23 MESZ,Scraper Logs (TF Play History)
Holly Herndon,Chorus,Station-Specific,26,4,1,2026-10-09 18:55:31Z,2026-10-09 20:55:31 MESZ,Scraper Logs (TF Play History)
Home,We're Finally Landing,Station-Specific,8,4,0,2026-10-06 03:25:53Z,2026-10-06 05:25:53 MESZ,Scraper Logs (TF Play History)
Hooverphonic,2 Wicky,Station-Specific,26,5,0,2026-10-08 05:24:21Z,2026-10-08 07:24:21 MESZ,Scraper Logs (TF Play History)
Horace Silver,Opus De Funk (Remastered 1998/Rudy Van Gelder Edition),Station-Specific,18,6,0,2026-10-02 02:00:18Z,2026-10-02 04:00:18 MESZ,Scraper Logs (TF Play History)
Horace Silver Quintet,Peace,Station-Specific,24,6,0,2026-09-28 16:21:46Z,2026-09-28 18:21:46 MESZ,Scraper Logs (TF Play History)
Hotel Ugly,Mice City,Station-Specific,9,1,0,2026-10-05 05:16:34Z,2026-10-05 07:16:34 MESZ,Scraper Logs (TF Play History)
Howlin' Wolf,Smokestack Lightnin',Station-Specific,22,6,0,2026-10-05 18:00:15Z,2026-10-05 20:00:15 MESZ,Scraper Logs (TF Play History)
Hozier,Angel Of Small Death & The Codeine Scene,Station-Specific,5,3,0,2026-10-05 18:58:46Z,2026-10-05 20:58:46 MESZ,Scraper Logs (TF Play History)
Hozier,Cherry Wine  (Live),Station-Specific,48,2,0,2026-09-25 12:54:49Z,2026-09-25 14:54:49 MESZ,Scraper Logs (TF Play History)
Hozier,From Eden,Station-Specific,44,4,1,2026-10-09 08:59:31Z,2026-10-09 10:59:31 MESZ,Scraper Logs (TF Play History)
Hozier,"Wasteland, Baby!",Station-Specific,10,3,0,2026-09-30 17:32:35Z,2026-09-30 19:32:35 MESZ,Scraper Logs (TF Play History)
Huey Lewis And The News,Hip To Be Square,Station-Specific,12,6,0,2026-10-08 07:15:22Z,2026-10-08 09:15:22 MESZ,Scraper Logs (TF Play History)
Huey Lewis And The News,The Power Of Love,Station-Specific,12,3,0,2026-10-06 05:30:55Z,2026-10-06 07:30:55 MESZ,Scraper Logs (TF Play History)
Human League,Don't You Want Me,Station-Specific,19,7,0,2026-10-09 05:16:29Z,2026-10-09 07:16:29 MESZ,Scraper Logs (TF Play History)
Hundreds,Black Sea  (Live at Elbphilharmonie),Station-Specific,14,4,0,2026-09-21 20:51:18Z,2026-09-21 22:51:18 MESZ,Scraper Logs (TF Play History)
HYD,Freak,Station-Specific,9,3,1,2026-10-09 19:44:31Z,2026-10-09 21:44:31 MESZ,Scraper Logs (TF Play History)
I Monster,Daydream In Blue,Station-Specific,17,4,0,2026-10-05 22:55:19Z,2026-10-06 00:55:19 MESZ,Scraper Logs (TF Play History)
Icona Pop,I Love It (feat. Charli XCX),Station-Specific,6,4,0,2026-09-29 16:23:57Z,2026-09-29 18:23:57 MESZ,Scraper Logs (TF Play History)
Ideal,Blaue Augen,Station-Specific,9,2,0,2026-10-05 11:52:09Z,2026-10-05 13:52:09 MESZ,Scraper Logs (TF Play History)
Iggy Pop,Mass Production,Station-Specific,20,4,0,2026-09-25 23:26:20Z,2026-09-26 01:26:20 MESZ,Scraper Logs (TF Play History)
In Love With a Ghost,Flowers,Station-Specific,4,4,0,2026-10-09 02:57:57Z,2026-10-09 04:57:57 MESZ,Scraper Logs (TF Play History)
indigo la End,Haru No Iutoori,Station-Specific,16,7,0,2026-10-09 08:01:31Z,2026-10-09 10:01:31 MESZ,Scraper Logs (TF Play History)
Insane Clown Posse,Cemetary Girl,Station-Specific,2,0,0,2026-07-31 18:18:59Z,2026-07-31 20:18:59 MESZ,Scraper Logs (TF Play History)
INXS,Don't Change,Station-Specific,14,9,0,2026-10-07 22:18:14Z,2026-10-08 00:18:14 MESZ,Scraper Logs (TF Play History)
INXS,Never Tear Us Apart,Station-Specific,13,7,0,2026-10-08 13:28:53Z,2026-10-08 15:28:53 MESZ,Scraper Logs (TF Play History)
Iration,Fly with Me,Station-Specific,16,7,0,2026-10-09 04:08:28Z,2026-10-09 06:08:28 MESZ,Scraper Logs (TF Play History)
Irene Cara,Flashdance...What a Feeling (Radio Edit),Station-Specific,13,6,0,2026-10-07 05:47:10Z,2026-10-07 07:47:10 MESZ,Scraper Logs (TF Play History)
Iron & Wine,Naked as We Came,Station-Specific,124,7,1,2026-10-10 02:35:30Z,2026-10-10 04:35:30 MESZ,Scraper Logs (TF Play History)
Iron & Wine,Such Great Heights,Station-Specific,6,4,1,2026-10-09 15:16:31Z,2026-10-09 17:16:31 MESZ,Scraper Logs (TF Play History)
Iron Mountain,Enthralldom,Station-Specific,3,3,1,2026-10-09 12:37:31Z,2026-10-09 14:37:31 MESZ,Scraper Logs (TF Play History)
Jack Johnson,Upside Down,Station-Specific,2,1,0,2026-10-08 23:18:54Z,2026-10-09 01:18:54 MESZ,Scraper Logs (TF Play History)
Jacquees,Won't Turn It Down,Station-Specific,2,1,0,2026-09-16 10:37:04Z,2026-09-16 12:37:04 MESZ,Scraper Logs (TF Play History)
James Blake,Retrograde,Station-Specific,59,6,0,2026-10-05 16:33:13Z,2026-10-05 18:33:13 MESZ,Scraper Logs (TF Play History)
James Brown,I Got You (I Feel Good),Station-Specific,23,5,0,2026-10-06 20:58:03Z,2026-10-06 22:58:03 MESZ,Scraper Logs (TF Play History)
James Brown,Sunny,Station-Specific,3,3,0,2026-10-08 12:04:53Z,2026-10-08 14:04:53 MESZ,Scraper Logs (TF Play History)
James Taylor,Fire and Rain  (2019 Remaster),Station-Specific,81,5,0,2026-10-06 02:48:53Z,2026-10-06 04:48:53 MESZ,Scraper Logs (TF Play History)
Jamie xx,Gosh,Station-Specific,40,7,0,2026-10-07 15:29:42Z,2026-10-07 17:29:42 MESZ,Scraper Logs (TF Play History)
Jamiroquai,Cosmic Girl (Remastered 2013),Station-Specific,70,7,1,2026-10-10 01:37:01Z,2026-10-10 03:37:01 MESZ,Scraper Logs (TF Play History)
Jan Hammer,Crockett's Theme,Station-Specific,16,5,0,2026-10-05 14:46:42Z,2026-10-05 16:46:42 MESZ,Scraper Logs (TF Play History)
Janet Jackson,"Any Time, Any Place",Station-Specific,18,3,0,2026-10-08 04:38:20Z,2026-10-08 06:38:20 MESZ,Scraper Logs (TF Play History)
Janis Joplin,Me and Bobby McGee,Station-Specific,20,6,0,2026-10-05 13:11:40Z,2026-10-05 15:11:40 MESZ,Scraper Logs (TF Play History)
Jars Of Clay,Flood,Station-Specific,6,3,0,2026-10-06 22:37:34Z,2026-10-07 00:37:34 MESZ,Scraper Logs (TF Play History)
JAWNY,true,Station-Specific,2,2,0,2026-09-23 08:03:31Z,2026-09-23 10:03:31 MESZ,Scraper Logs (TF Play History)
JAY1,Your Mrs,Station-Specific,3,3,0,2026-10-04 23:17:04Z,2026-10-05 01:17:04 MESZ,Scraper Logs (TF Play History)
Jazz Liberatorz,Always something,Station-Specific,13,6,0,2026-10-06 08:31:28Z,2026-10-06 10:31:28 MESZ,Scraper Logs (TF Play History)
Jazzy,No Bad Vibes,Station-Specific,2,1,0,2026-09-30 20:24:36Z,2026-09-30 22:24:36 MESZ,Scraper Logs (TF Play History)
Jean-Luc Ponty,Computer Incantations for World Peace,Station-Specific,27,6,0,2026-10-02 12:35:23Z,2026-10-02 14:35:23 MESZ,Scraper Logs (TF Play History)
Jeff Beck,Where Were You (Live),Station-Specific,11,4,0,2026-09-24 22:37:13Z,2026-09-25 00:37:13 MESZ,Scraper Logs (TF Play History)
Jeff Buckley,Calling You (Live),Station-Specific,18,5,0,2026-09-24 08:47:11Z,2026-09-24 10:47:11 MESZ,Scraper Logs (TF Play History)
Jeff Buckley,Hallelujah,Station-Specific,27,5,0,2026-10-08 22:04:23Z,2026-10-09 00:04:23 MESZ,Scraper Logs (TF Play History)
Jeff Buckley,Last Goodbye,Station-Specific,31,8,0,2026-10-07 22:36:14Z,2026-10-08 00:36:14 MESZ,Scraper Logs (TF Play History)
Jeff Lynne,At Last,Station-Specific,3,1,0,2026-10-03 03:31:23Z,2026-10-03 05:31:23 MESZ,Scraper Logs (TF Play History)
Jerry Cantrell,Rooster (2022 Remaster),Station-Specific,12,4,0,2026-10-05 22:21:48Z,2026-10-06 00:21:48 MESZ,Scraper Logs (TF Play History)
Jerry Cantrell,Would? (2022 Remaster),Station-Specific,8,8,0,2026-10-06 22:03:33Z,2026-10-07 00:03:33 MESZ,Scraper Logs (TF Play History)
Jesse Cook,Breathing Below Surface (Rerecorded),Station-Specific,6,6,1,2026-10-09 13:59:01Z,2026-10-09 15:59:01 MESZ,Scraper Logs (TF Play History)
Jim James,St. James Infirmary,Station-Specific,24,6,0,2026-10-02 02:26:48Z,2026-10-02 04:26:48 MESZ,Scraper Logs (TF Play History)
Jim White,Static on the Radio,Station-Specific,13,2,0,2026-10-06 18:21:33Z,2026-10-06 20:21:33 MESZ,Scraper Logs (TF Play History)
Jimi Hendrix,Voodoo Child (Slight Return),Station-Specific,5,5,0,2026-10-05 00:00:06Z,2026-10-05 02:00:06 MESZ,Scraper Logs (TF Play History)
Jimmy Eat World,The Middle,Station-Specific,9,4,1,2026-10-09 10:56:31Z,2026-10-09 12:56:31 MESZ,Scraper Logs (TF Play History)
Joan Jett & The Blackhearts,I Love Rock 'N Roll,Station-Specific,9,9,0,2026-10-08 10:01:53Z,2026-10-08 12:01:53 MESZ,Scraper Logs (TF Play History)
Jockstrap,Concrete Over Water,Station-Specific,12,3,0,2026-10-08 21:30:23Z,2026-10-08 23:30:23 MESZ,Scraper Logs (TF Play History)
Joe Cocker,With A Little Help From My Friends,Station-Specific,19,6,0,2026-10-08 21:03:23Z,2026-10-08 23:03:23 MESZ,Scraper Logs (TF Play History)
Joe Hisaishi,A Town with an Ocean View (from 'Kiki's Delivery Service'),Station-Specific,35,3,0,2026-09-27 18:13:14Z,2026-09-27 20:13:14 MESZ,Scraper Logs (TF Play History)
Joe Hisaishi,a Wish to the Moon,Station-Specific,33,4,0,2026-09-27 06:44:05Z,2026-09-27 08:44:05 MESZ,Scraper Logs (TF Play History)
Joe Hisaishi,Asian Dream Song,Station-Specific,40,6,0,2026-10-03 06:17:23Z,2026-10-03 08:17:23 MESZ,Scraper Logs (TF Play History)
Joe Hisaishi,Deep Sea Pastures (from 'Ponyo on the Cliff by the Sea'),Station-Specific,14,5,0,2026-10-01 16:53:43Z,2026-10-01 18:53:43 MESZ,Scraper Logs (TF Play History)
Joe Hisaishi,Departures (from 'Departures'),Station-Specific,53,7,0,2026-09-30 09:54:34Z,2026-09-30 11:54:34 MESZ,Scraper Logs (TF Play History)
Joe Hisaishi,Innocent (from 'Castle in the Sky'),Station-Specific,27,6,0,2026-10-01 11:06:43Z,2026-10-01 13:06:43 MESZ,Scraper Logs (TF Play History)
Joe Hisaishi,Merry-Go-Round of Life (from 'Howl’s Moving Castle'),Station-Specific,35,3,0,2026-10-07 06:34:10Z,2026-10-07 08:34:10 MESZ,Scraper Logs (TF Play History)
Joe Hisaishi,One Summer's Day (from 'Spirited Away'),Station-Specific,61,8,1,2026-10-10 06:04:01Z,2026-10-10 08:04:01 MESZ,Scraper Logs (TF Play History)
Joe Hisaishi,Ponyo's Sisters Lend a Hand - A Song for Mothers and the Sea (from 'Ponyo on the Cliff by the Sea'),Station-Specific,4,2,0,2026-10-06 05:56:27Z,2026-10-06 07:56:27 MESZ,Scraper Logs (TF Play History)
Joe Hisaishi,Summer (from 'Kikujiro'),Station-Specific,39,5,0,2026-10-05 03:33:33Z,2026-10-05 05:33:33 MESZ,Scraper Logs (TF Play History)
Joe Hisaishi,Symphonic Suite “Princess Mononoke”2021 : V. Mononoke Hime (Live),Station-Specific,17,2,0,2026-09-27 18:20:15Z,2026-09-27 20:20:15 MESZ,Scraper Logs (TF Play History)
Joe Hisaishi,The Path of the Wind (from 'My Neighbor Totoro'),Station-Specific,13,1,0,2026-09-13 19:31:15Z,2026-09-13 21:31:15 MESZ,Scraper Logs (TF Play History)
Joe Hisaishi,アシタカとサン (from 'Princess Mononoke'),Station-Specific,34,8,0,2026-10-09 06:12:30Z,2026-10-09 08:12:30 MESZ,Scraper Logs (TF Play History)
Joel Pott,Chances,Station-Specific,3,3,1,2026-10-09 13:54:01Z,2026-10-09 15:54:01 MESZ,Scraper Logs (TF Play History)
Johann Johannsson,Flight From The City - Jóhannsson: Flight from the City,Station-Specific,75,8,0,2026-10-04 06:46:33Z,2026-10-04 08:46:33 MESZ,Scraper Logs (TF Play History)
John Carpenter,Halloween Theme,Station-Specific,14,3,0,2026-10-07 05:02:10Z,2026-10-07 07:02:10 MESZ,Scraper Logs (TF Play History)
John Coltrane,Lush Life,Station-Specific,26,9,0,2026-10-02 02:52:49Z,2026-10-02 04:52:49 MESZ,Scraper Logs (TF Play History)
John Coltrane,My Favorite Things,Station-Specific,48,4,0,2026-09-28 01:34:14Z,2026-09-28 03:34:14 MESZ,Scraper Logs (TF Play History)
John Denver,"Take Me Home, Country Roads",Station-Specific,14,8,1,2026-10-09 20:30:34Z,2026-10-09 22:30:34 MESZ,Scraper Logs (TF Play History)
John Lee Hooker,Boom Boom,Station-Specific,17,6,0,2026-10-08 09:00:53Z,2026-10-08 11:00:53 MESZ,Scraper Logs (TF Play History)
John Lee Hooker,I Cover the Waterfront,Station-Specific,17,2,0,2026-10-05 18:33:46Z,2026-10-05 20:33:46 MESZ,Scraper Logs (TF Play History)
John Lennon,Give Peace A Chance (Remastered 2010),Station-Specific,1,1,1,2026-10-09 16:53:01Z,2026-10-09 18:53:01 MESZ,Scraper Logs (TF Play History)
John Lennon,Instant Karma! (We All Shine On) (Ultimate Mix),Station-Specific,1,1,1,2026-10-09 16:57:32Z,2026-10-09 18:57:32 MESZ,Scraper Logs (TF Play History)
John Lennon,Watching The Wheels (Remastered 2010),Station-Specific,1,1,1,2026-10-09 17:01:02Z,2026-10-09 19:01:02 MESZ,Scraper Logs (TF Play History)
John McLaughlin,"You Know, You Know (Album Version)",Station-Specific,22,10,0,2026-10-08 15:40:54Z,2026-10-08 17:40:54 MESZ,Scraper Logs (TF Play History)
John Prine,Your Flag Decal Won't Get You into Heaven Anymore,Station-Specific,20,9,1,2026-10-10 05:24:01Z,2026-10-10 07:24:01 MESZ,Scraper Logs (TF Play History)
John T. Williams,Anything Goes,Station-Specific,7,1,0,2026-09-18 19:01:25Z,2026-09-18 21:01:25 MESZ,Scraper Logs (TF Play History)
John Williams,Theme From Superman  (Concert Version),Station-Specific,16,3,0,2026-10-07 05:51:40Z,2026-10-07 07:51:40 MESZ,Scraper Logs (TF Play History)
Johnny Cash,Folsom Prison Blues,Station-Specific,12,6,0,2026-10-01 00:45:07Z,2026-10-01 02:45:07 MESZ,Scraper Logs (TF Play History)
Johnny Cash,Hurt (Album Version),Station-Specific,35,7,0,2026-10-08 22:14:53Z,2026-10-09 00:14:53 MESZ,Scraper Logs (TF Play History)
Johnny Cash,Ring of Fire,Station-Specific,11,5,0,2026-10-08 09:53:23Z,2026-10-08 11:53:23 MESZ,Scraper Logs (TF Play History)
Johnny Mathis,Wonderful! Wonderful!,Station-Specific,6,2,0,2026-10-03 13:20:24Z,2026-10-03 15:20:24 MESZ,Scraper Logs (TF Play History)
Joker Out,Novi Val,Station-Specific,17,5,0,2026-10-05 13:26:10Z,2026-10-05 15:26:10 MESZ,Scraper Logs (TF Play History)
Jon Hopkins,Open Eye Signal (Remaster 2023),Station-Specific,70,6,1,2026-10-09 10:20:31Z,2026-10-09 12:20:31 MESZ,Scraper Logs (TF Play History)
Jon Hopkins,Small Memory,Station-Specific,16,2,0,2026-09-22 07:34:29Z,2026-09-22 09:34:29 MESZ,Scraper Logs (TF Play History)
Jonathan Parecki,Senbonzakura (Hatsune Miku),Station-Specific,4,0,0,2026-09-02 17:36:53Z,2026-09-02 19:36:53 MESZ,Scraper Logs (TF Play History)
Joni Mitchell,A Case of You,Station-Specific,36,10,0,2026-10-07 02:15:08Z,2026-10-07 04:15:08 MESZ,Scraper Logs (TF Play History)
Joni Mitchell,At Last (LP Version),Station-Specific,5,0,0,2026-09-04 00:09:35Z,2026-09-04 02:09:35 MESZ,Scraper Logs (TF Play History)
Joni Mitchell,River,Station-Specific,18,7,1,2026-10-09 11:41:01Z,2026-10-09 13:41:01 MESZ,Scraper Logs (TF Play History)
Jorge Ben Jor,"Mas, Que Nada!",Station-Specific,43,9,0,2026-10-09 05:24:59Z,2026-10-09 07:24:59 MESZ,Scraper Logs (TF Play History)
Josh Rouse,1972,Station-Specific,18,2,0,2026-10-03 16:15:24Z,2026-10-03 18:15:24 MESZ,Scraper Logs (TF Play History)
Josh Rouse,Street Lights,Station-Specific,10,3,0,2026-10-09 03:13:57Z,2026-10-09 05:13:57 MESZ,Scraper Logs (TF Play History)
José González,Heartbeats,Station-Specific,112,5,1,2026-10-09 23:43:01Z,2026-10-10 01:43:01 MESZ,Scraper Logs (TF Play History)
Journey,Don't Stop Believin' (Album Version),Station-Specific,20,4,0,2026-10-08 20:35:23Z,2026-10-08 22:35:23 MESZ,Scraper Logs (TF Play History)
Joywave,In Clover,Station-Specific,13,6,0,2026-10-04 00:45:28Z,2026-10-04 02:45:28 MESZ,Scraper Logs (TF Play History)
Joywave,Rumors,Station-Specific,15,6,1,2026-10-09 12:29:01Z,2026-10-09 14:29:01 MESZ,Scraper Logs (TF Play History)
João Gilberto,Chega de Saudade,Station-Specific,46,11,0,2026-10-05 04:34:03Z,2026-10-05 06:34:03 MESZ,Scraper Logs (TF Play History)
João Gilberto,Garota de Ipanema (Live),Station-Specific,56,4,0,2026-09-26 00:20:51Z,2026-09-26 02:20:51 MESZ,Scraper Logs (TF Play History)
Judas Priest,Breaking the Law,Station-Specific,8,5,0,2026-09-25 20:16:19Z,2026-09-25 22:16:19 MESZ,Scraper Logs (TF Play History)
Judy Collins,Bread and Roses,Station-Specific,18,3,0,2026-10-03 11:45:24Z,2026-10-03 13:45:24 MESZ,Scraper Logs (TF Play History)
Juli,Perfekte Welle,Station-Specific,8,3,0,2026-10-03 03:27:53Z,2026-10-03 05:27:53 MESZ,Scraper Logs (TF Play History)
Julian Lage,Emily,Station-Specific,1,1,0,2026-10-03 21:43:25Z,2026-10-03 23:43:25 MESZ,Scraper Logs (TF Play History)
Julie London,Cry Me A River,Station-Specific,71,2,0,2026-09-21 03:55:15Z,2026-09-21 05:55:15 MESZ,Scraper Logs (TF Play History)
Julien Baker,Hardline,Station-Specific,24,7,0,2026-10-09 01:59:56Z,2026-10-09 03:59:56 MESZ,Scraper Logs (TF Play History)
Julio Iglesias,Quiero,Station-Specific,20,9,1,2026-10-09 14:17:01Z,2026-10-09 16:17:01 MESZ,Scraper Logs (TF Play History)
Jungle,Busy Earnin',Station-Specific,29,9,1,2026-10-09 20:43:32Z,2026-10-09 22:43:32 MESZ,Scraper Logs (TF Play History)
Jungle,Keep Moving,Station-Specific,45,6,0,2026-10-07 21:14:42Z,2026-10-07 23:14:42 MESZ,Scraper Logs (TF Play History)
Junior H,Ella,Station-Specific,7,7,0,2026-10-08 10:47:53Z,2026-10-08 12:47:53 MESZ,Scraper Logs (TF Play History)
Junkie XL,Brothers In Arms,Station-Specific,27,3,0,2026-10-07 05:42:40Z,2026-10-07 07:42:40 MESZ,Scraper Logs (TF Play History)
Jvke,golden hour,Station-Specific,13,5,1,2026-10-09 19:51:02Z,2026-10-09 21:51:02 MESZ,Scraper Logs (TF Play History)
Kacey Musgraves,Deeper Well,Station-Specific,23,2,0,2026-09-28 00:21:14Z,2026-09-28 02:21:14 MESZ,Scraper Logs (TF Play History)
Kali Uchis,For: You,Station-Specific,23,7,0,2026-10-08 14:34:53Z,2026-10-08 16:34:53 MESZ,Scraper Logs (TF Play History)
Kali Uchis,telepatía,Station-Specific,42,8,0,2026-10-09 05:03:29Z,2026-10-09 07:03:29 MESZ,Scraper Logs (TF Play History)
Kanye West,Devil In A New Dress (Album Version (Explicit)),Station-Specific,9,1,0,2026-10-03 23:55:27Z,2026-10-04 01:55:27 MESZ,Scraper Logs (TF Play History)
Karim Sulayman,Li Beirut (after Joaquín Rodrigo),Station-Specific,1,1,0,2026-09-26 21:59:57Z,2026-09-26 23:59:57 MESZ,Scraper Logs (TF Play History)
Kat Edmonson,All The Way,Station-Specific,29,5,0,2026-10-08 01:36:47Z,2026-10-08 03:36:47 MESZ,Scraper Logs (TF Play History)
Kate Bush,Coffee Homeground,Station-Specific,15,6,0,2026-10-04 19:52:35Z,2026-10-04 21:52:35 MESZ,Scraper Logs (TF Play History)
Kate Bush,Get Out Of My House  (2018 Remaster),Station-Specific,16,7,1,2026-10-09 13:17:01Z,2026-10-09 15:17:01 MESZ,Scraper Logs (TF Play History)
Kate Bush,L'Amour Looks Something Like You (2018 Remaster),Station-Specific,11,7,0,2026-10-05 20:50:18Z,2026-10-05 22:50:18 MESZ,Scraper Logs (TF Play History)
Kate Bush,Under The Ivy,Station-Specific,26,8,0,2026-10-04 11:56:04Z,2026-10-04 13:56:04 MESZ,Scraper Logs (TF Play History)
Kavinsky,Nightcall,Station-Specific,19,8,0,2026-10-07 04:53:40Z,2026-10-07 06:53:40 MESZ,Scraper Logs (TF Play History)
KAYA!,Turn It Up,Station-Specific,3,2,0,2026-10-08 16:27:24Z,2026-10-08 18:27:24 MESZ,Scraper Logs (TF Play History)
Kaytranada,LITE SPOTS,Station-Specific,20,4,0,2026-10-06 08:15:28Z,2026-10-06 10:15:28 MESZ,Scraper Logs (TF Play History)
Ken Thomson And Slow/Fast,We Are Not All in This Together,Station-Specific,12,3,0,2026-09-21 21:29:49Z,2026-09-21 23:29:49 MESZ,Scraper Logs (TF Play History)
Kenny G,At Last,Station-Specific,1,0,0,2026-08-27 15:01:49Z,2026-08-27 17:01:49 MESZ,Scraper Logs (TF Play History)
Kenny Loggins,"Danger Zone (From ""Top Gun"" Original Soundtrack)",Station-Specific,12,2,0,2026-10-06 11:10:00Z,2026-10-06 13:10:00 MESZ,Scraper Logs (TF Play History)
Kenny Loggins,Footloose (Album Version),Station-Specific,13,4,0,2026-10-07 11:42:11Z,2026-10-07 13:42:11 MESZ,Scraper Logs (TF Play History)
Kenny Loggins,"Footloose (From ""Footloose"" Soundtrack)",Station-Specific,16,3,0,2026-10-08 20:14:54Z,2026-10-08 22:14:54 MESZ,Scraper Logs (TF Play History)
Kenny Loggins,This Is It,Station-Specific,35,4,0,2026-10-05 17:42:15Z,2026-10-05 19:42:15 MESZ,Scraper Logs (TF Play History)
Kenny Rogers,The Gambler,Station-Specific,8,2,0,2026-10-06 18:01:33Z,2026-10-06 20:01:33 MESZ,Scraper Logs (TF Play History)
Kenshi Yonezu,Lemon,Station-Specific,23,5,0,2026-10-05 03:06:04Z,2026-10-05 05:06:04 MESZ,Scraper Logs (TF Play History)
Kent DuChaine,Trouble in Mind (Live),Station-Specific,7,4,0,2026-09-27 03:54:03Z,2026-09-27 05:54:03 MESZ,Scraper Logs (TF Play History)
Keola Beamer,E Ku'u Morning Dew,Station-Specific,18,3,0,2026-10-03 14:48:25Z,2026-10-03 16:48:25 MESZ,Scraper Logs (TF Play History)
Khruangbin,August 10,Station-Specific,84,7,0,2026-10-05 14:11:41Z,2026-10-05 16:11:41 MESZ,Scraper Logs (TF Play History)
Khruangbin,Friday Morning,Station-Specific,91,6,1,2026-10-09 08:35:32Z,2026-10-09 10:35:32 MESZ,Scraper Logs (TF Play History)
Khruangbin,May Ninth,Station-Specific,29,7,0,2026-10-05 03:48:03Z,2026-10-05 05:48:03 MESZ,Scraper Logs (TF Play History)
Khruangbin,People Everywhere ii,Station-Specific,60,3,0,2026-10-06 12:47:31Z,2026-10-06 14:47:31 MESZ,Scraper Logs (TF Play History)
Khruangbin,White Gloves,Station-Specific,79,7,0,2026-10-08 15:20:23Z,2026-10-08 17:20:23 MESZ,Scraper Logs (TF Play History)
Kid Cudi,Enter Galactic (Love Connection Part I) (Album Version (Explicit)),Station-Specific,7,4,0,2026-10-07 23:33:15Z,2026-10-08 01:33:15 MESZ,Scraper Logs (TF Play History)
Kim Carnes,More Love,Station-Specific,9,3,1,2026-10-09 09:51:31Z,2026-10-09 11:51:31 MESZ,Scraper Logs (TF Play History)
King Crimson,21st Century Schizoid Man (Including 'Mirrors'),Station-Specific,8,6,1,2026-10-09 18:33:31Z,2026-10-09 20:33:31 MESZ,Scraper Logs (TF Play History)
King Crimson,In the Court of the Crimson King (Abridged),Station-Specific,19,4,0,2026-10-07 22:28:45Z,2026-10-08 00:28:45 MESZ,Scraper Logs (TF Play History)
King Crimson,Matte Kudasai,Station-Specific,15,4,0,2026-10-05 11:43:39Z,2026-10-05 13:43:39 MESZ,Scraper Logs (TF Play History)
King Crimson,The Sheltering Sky,Station-Specific,9,2,0,2026-09-20 05:10:40Z,2026-09-20 07:10:40 MESZ,Scraper Logs (TF Play History)
King Gizzard & The Lizard Wizard,Crumbling Castle,Station-Specific,2,2,0,2026-10-08 18:19:54Z,2026-10-08 20:19:54 MESZ,Scraper Logs (TF Play History)
Kings Of Convenience,Rocky Trail,Station-Specific,21,8,1,2026-10-09 14:49:31Z,2026-10-09 16:49:31 MESZ,Scraper Logs (TF Play History)
Kiss,Rock And Roll All Nite,Station-Specific,4,2,0,2026-10-04 14:54:34Z,2026-10-04 16:54:34 MESZ,Scraper Logs (TF Play History)
Knocked Loose,Mistakes Like Fractures,Station-Specific,8,4,0,2026-09-25 20:23:49Z,2026-09-25 22:23:49 MESZ,Scraper Logs (TF Play History)
KOHTO,princess mononoke theme,Station-Specific,7,1,0,2026-09-13 19:28:45Z,2026-09-13 21:28:45 MESZ,Scraper Logs (TF Play History)
Korpiklaani,Vodka,Station-Specific,9,3,0,2026-09-25 20:13:19Z,2026-09-25 22:13:19 MESZ,Scraper Logs (TF Play History)
Kraftwerk,Autobahn  (2024 Single Edit),Station-Specific,19,7,0,2026-10-05 23:40:20Z,2026-10-06 01:40:20 MESZ,Scraper Logs (TF Play History)
Kraftwerk,Computer Love  (2009 Remaster),Station-Specific,39,10,0,2026-10-09 07:31:31Z,2026-10-09 09:31:31 MESZ,Scraper Logs (TF Play History)
Kraftwerk,Das Model,Station-Specific,22,6,0,2026-09-30 14:56:34Z,2026-09-30 16:56:34 MESZ,Scraper Logs (TF Play History)
Kris Kristofferson,Me and Bobby McGee,Station-Specific,28,6,0,2026-10-07 18:35:12Z,2026-10-07 20:35:12 MESZ,Scraper Logs (TF Play History)
Kygo,Heaven On Your Mind,Station-Specific,8,5,0,2026-10-06 09:10:59Z,2026-10-06 11:10:59 MESZ,Scraper Logs (TF Play History)
Kylie Minogue,Spinning Around,Station-Specific,16,6,0,2026-10-08 13:45:23Z,2026-10-08 15:45:23 MESZ,Scraper Logs (TF Play History)
Käärijä,Cha Cha Cha,Station-Specific,15,3,0,2026-10-08 11:36:53Z,2026-10-08 13:36:53 MESZ,Scraper Logs (TF Play History)
L'Impératrice,Sonate Pacifique,Station-Specific,28,7,0,2026-10-08 18:06:53Z,2026-10-08 20:06:53 MESZ,Scraper Logs (TF Play History)
L.T.D.,(Every Time I Turn Around) Back In Love Again (Album Version),Station-Specific,17,5,0,2026-10-05 15:32:42Z,2026-10-05 17:32:42 MESZ,Scraper Logs (TF Play History)
La Fenice,Le Chant des oiseaux,Station-Specific,1,1,0,2026-10-02 15:12:53Z,2026-10-02 17:12:53 MESZ,Scraper Logs (TF Play History)
La Rappresentante di Lista,Ciao Ciao,Station-Specific,11,3,0,2026-10-08 16:01:23Z,2026-10-08 18:01:23 MESZ,Scraper Logs (TF Play History)
Lady Gaga,Just Dance,Station-Specific,12,6,0,2026-10-06 00:07:20Z,2026-10-06 02:07:20 MESZ,Scraper Logs (TF Play History)
Laibach,The Whistleblowers,Station-Specific,18,6,0,2026-09-29 22:27:28Z,2026-09-30 00:27:28 MESZ,Scraper Logs (TF Play History)
Laith Al-Deen,Dein Lied,Station-Specific,14,3,0,2026-10-09 04:27:58Z,2026-10-09 06:27:58 MESZ,Scraper Logs (TF Play History)
Lamb,Bonfire,Station-Specific,25,6,0,2026-10-08 19:35:23Z,2026-10-08 21:35:23 MESZ,Scraper Logs (TF Play History)
Lamb,Gorecki,Station-Specific,21,5,0,2026-10-07 20:19:12Z,2026-10-07 22:19:12 MESZ,Scraper Logs (TF Play History)
Lana Del Rey,Heroin,Station-Specific,21,4,1,2026-10-09 20:06:35Z,2026-10-09 22:06:35 MESZ,Scraper Logs (TF Play History)
Lana Del Rey,Salvatore,Station-Specific,10,3,1,2026-10-10 01:45:00Z,2026-10-10 03:45:00 MESZ,Scraper Logs (TF Play History)
Lana Del Rey,Venice Bitch,Station-Specific,15,3,0,2026-09-24 04:37:11Z,2026-09-24 06:37:11 MESZ,Scraper Logs (TF Play History)
Lana Del Rey,Young And Beautiful,Station-Specific,30,2,0,2026-09-25 05:36:18Z,2026-09-25 07:36:18 MESZ,Scraper Logs (TF Play History)
Lang Lang,Joe Hisaishi: Spring,Station-Specific,32,7,0,2026-09-27 18:04:44Z,2026-09-27 20:04:44 MESZ,Scraper Logs (TF Play History)
Laufey,Madwoman,Station-Specific,40,8,0,2026-10-08 23:03:54Z,2026-10-09 01:03:54 MESZ,Scraper Logs (TF Play History)
Laurie Anderson,Sharkey's Day (Album Version),Station-Specific,15,3,0,2026-10-06 04:19:54Z,2026-10-06 06:19:54 MESZ,Scraper Logs (TF Play History)
Lauryn Hill,Ex-Factor,Station-Specific,34,9,1,2026-10-09 23:52:34Z,2026-10-10 01:52:34 MESZ,Scraper Logs (TF Play History)
Lawrence,23,Station-Specific,14,6,0,2026-10-06 21:57:33Z,2026-10-06 23:57:33 MESZ,Scraper Logs (TF Play History)
LeAnn Rimes,Blue,Station-Specific,6,3,0,2026-10-05 02:14:03Z,2026-10-05 04:14:03 MESZ,Scraper Logs (TF Play History)
Lebanon Hanover,Babes of the 80s (She Past Away),Station-Specific,10,2,1,2026-10-09 18:15:02Z,2026-10-09 20:15:02 MESZ,Scraper Logs (TF Play History)
Led Zeppelin,Going to California  (Remaster),Station-Specific,12,11,1,2026-10-10 03:50:01Z,2026-10-10 05:50:01 MESZ,Scraper Logs (TF Play History)
Ledward Kaapana,Salomila  (Live),Station-Specific,13,4,0,2026-10-03 02:34:53Z,2026-10-03 04:34:53 MESZ,Scraper Logs (TF Play History)
Lemon Jelly,Ramblin' Man,Station-Specific,33,2,0,2026-09-20 15:48:40Z,2026-09-20 17:48:40 MESZ,Scraper Logs (TF Play History)
Leon Larregui,Locos,Station-Specific,12,3,0,2026-10-07 07:48:10Z,2026-10-07 09:48:10 MESZ,Scraper Logs (TF Play History)
Leonard Bernstein,The Rite of Spring (1913 Version) - Le Sacre du Printemps (The Rite of Spring): Les augures printaniers (Danses des adolescentes) [The Augurs of Spring (Dance of the Young Girls)] (1913 Version),Station-Specific,5,2,0,2026-09-21 10:22:17Z,2026-09-21 12:22:17 MESZ,Scraper Logs (TF Play History)
Leonard Cohen,Anthem,Station-Specific,27,8,1,2026-10-10 02:47:02Z,2026-10-10 04:47:02 MESZ,Scraper Logs (TF Play History)
Leonard Cohen,Avalanche,Station-Specific,16,5,0,2026-10-08 09:41:53Z,2026-10-08 11:41:53 MESZ,Scraper Logs (TF Play History)
Leonard Cohen,Bird on the Wire,Station-Specific,31,5,0,2026-10-02 15:16:53Z,2026-10-02 17:16:53 MESZ,Scraper Logs (TF Play History)
Leonard Cohen,Dance Me to the End of Love,Station-Specific,33,7,0,2026-10-06 02:28:53Z,2026-10-06 04:28:53 MESZ,Scraper Logs (TF Play History)
Leonard Cohen,Famous Blue Raincoat,Station-Specific,34,6,0,2026-10-07 02:25:38Z,2026-10-07 04:25:38 MESZ,Scraper Logs (TF Play History)
Leonard Cohen,Hallelujah,Station-Specific,32,5,0,2026-10-08 21:59:23Z,2026-10-08 23:59:23 MESZ,Scraper Logs (TF Play History)
Leonard Cohen,"So Long, Marianne",Station-Specific,25,5,0,2026-10-04 12:29:04Z,2026-10-04 14:29:04 MESZ,Scraper Logs (TF Play History)
Leonard Cohen,Suzanne,Station-Specific,48,12,0,2026-10-09 07:11:31Z,2026-10-09 09:11:31 MESZ,Scraper Logs (TF Play History)
Leonard Cohen,Treaty,Station-Specific,6,6,0,2026-09-30 16:59:34Z,2026-09-30 18:59:34 MESZ,Scraper Logs (TF Play History)
"Lester Flatt, Earl Scruggs",Foggy Mountain Breakdown,Station-Specific,5,4,0,2026-10-05 02:21:03Z,2026-10-05 04:21:03 MESZ,Scraper Logs (TF Play History)
Levante,SEI TU,Station-Specific,9,3,0,2026-10-07 10:50:11Z,2026-10-07 12:50:11 MESZ,Scraper Logs (TF Play History)
Liam Comerford,Front Line (action),Station-Specific,2,0,0,2026-09-05 17:34:48Z,2026-09-05 19:34:48 MESZ,Scraper Logs (TF Play History)
Lianne La Havas,Sour Flower,Station-Specific,63,7,0,2026-10-09 08:06:00Z,2026-10-09 10:06:00 MESZ,Scraper Logs (TF Play History)
Limp Bizkit,Rollin' (Air Raid Vehicle),Station-Specific,6,2,0,2026-10-03 07:37:24Z,2026-10-03 09:37:24 MESZ,Scraper Logs (TF Play History)
Lindsey Buckingham,Trouble,Station-Specific,15,6,0,2026-10-05 11:20:38Z,2026-10-05 13:20:38 MESZ,Scraper Logs (TF Play History)
Linkin Park,In the End,Station-Specific,14,3,0,2026-10-03 00:29:23Z,2026-10-03 02:29:23 MESZ,Scraper Logs (TF Play History)
Linkin Park,Numb,Station-Specific,10,2,0,2026-10-03 05:34:23Z,2026-10-03 07:34:23 MESZ,Scraper Logs (TF Play History)
Lionel Richie,You Are,Station-Specific,16,6,1,2026-10-09 18:44:31Z,2026-10-09 20:44:31 MESZ,Scraper Logs (TF Play History)
Lisa Gerrard,Sanvean - I Am Your Shadow,Station-Specific,17,5,1,2026-10-09 08:13:01Z,2026-10-09 10:13:01 MESZ,Scraper Logs (TF Play History)
Lisa Gerrard,Until We Meet Again,Station-Specific,20,7,0,2026-10-01 11:34:43Z,2026-10-01 13:34:43 MESZ,Scraper Logs (TF Play History)
Lita Ford & Ozzy Osborne,Close My Eyes Forever,Station-Specific,5,5,0,2026-10-05 13:56:41Z,2026-10-05 15:56:41 MESZ,Scraper Logs (TF Play History)
Little Axe,Ride On (Fight On),Station-Specific,10,9,0,2026-10-08 09:10:53Z,2026-10-08 11:10:53 MESZ,Scraper Logs (TF Play History)
Little People,Start Shootin',Station-Specific,14,3,0,2026-09-28 05:32:16Z,2026-09-28 07:32:16 MESZ,Scraper Logs (TF Play History)
Little River Band,Cool Change,Station-Specific,11,3,0,2026-10-07 00:43:07Z,2026-10-07 02:43:07 MESZ,Scraper Logs (TF Play History)
Little River Band,Reminiscing (2002 Digital Remaster),Station-Specific,24,3,0,2026-10-08 16:18:53Z,2026-10-08 18:18:53 MESZ,Scraper Logs (TF Play History)
Lofi Fruits Music,Plastic Love,Station-Specific,2,1,0,2026-09-13 19:17:45Z,2026-09-13 21:17:45 MESZ,Scraper Logs (TF Play History)
Lofi Lia,"Tell Your World (From ""Hatsune Miku"")  (Lofi Remix)",Station-Specific,2,0,0,2026-08-13 11:48:12Z,2026-08-13 13:48:12 MESZ,Scraper Logs (TF Play History)
London Symphony Orchestra,Duel of the Fates,Station-Specific,8,3,0,2026-10-06 05:22:55Z,2026-10-06 07:22:55 MESZ,Scraper Logs (TF Play History)
LoneGray,Tell Your World,Station-Specific,5,2,1,2026-10-10 04:15:31Z,2026-10-10 06:15:31 MESZ,Scraper Logs (TF Play History)
Lord Huron,Life Is Strange,Station-Specific,43,7,1,2026-10-09 21:01:01Z,2026-10-09 23:01:01 MESZ,Scraper Logs (TF Play History)
Lordi,Hard Rock Hallelujah,Station-Specific,9,2,0,2026-09-21 08:06:47Z,2026-09-21 10:06:47 MESZ,Scraper Logs (TF Play History)
Loreen,Euphoria,Station-Specific,15,6,0,2026-10-04 16:10:33Z,2026-10-04 18:10:33 MESZ,Scraper Logs (TF Play History)
Los Enanitos Verdes,Lamento Boliviano,Station-Specific,19,8,0,2026-10-07 22:41:14Z,2026-10-08 00:41:14 MESZ,Scraper Logs (TF Play History)
Los Rodriguez,Milonga del marinero y el capitán,Station-Specific,24,9,1,2026-10-09 14:13:31Z,2026-10-09 16:13:31 MESZ,Scraper Logs (TF Play History)
Loscil,Estuarine,Station-Specific,143,4,0,2026-09-23 05:05:31Z,2026-09-23 07:05:31 MESZ,Scraper Logs (TF Play History)
Lou Rawls,At Last,Station-Specific,10,5,0,2026-10-03 13:51:54Z,2026-10-03 15:51:54 MESZ,Scraper Logs (TF Play History)
Lou Reed,Goodnight Ladies,Station-Specific,11,6,0,2026-10-03 19:52:54Z,2026-10-03 21:52:54 MESZ,Scraper Logs (TF Play History)
Louis Clark,Teo Torriatte (Let Us Cling Together),Station-Specific,7,4,0,2026-09-20 13:39:10Z,2026-09-20 15:39:10 MESZ,Scraper Logs (TF Play History)
Lovage,Anger Management (Instrumental),Station-Specific,1,1,0,2026-09-25 16:39:49Z,2026-09-25 18:39:49 MESZ,Scraper Logs (TF Play History)
Love and Rockets,Haunted When the Minutes Drag,Station-Specific,4,3,0,2026-10-08 19:03:24Z,2026-10-08 21:03:24 MESZ,Scraper Logs (TF Play History)
Love and Rockets,Saudade,Station-Specific,17,4,0,2026-10-07 17:32:42Z,2026-10-07 19:32:42 MESZ,Scraper Logs (TF Play History)
Love and Rockets,So Alive,Station-Specific,6,6,0,2026-10-03 18:42:25Z,2026-10-03 20:42:25 MESZ,Scraper Logs (TF Play History)
Loverboy,Lovin' Every Minute of It,Station-Specific,3,3,0,2026-10-04 13:08:05Z,2026-10-04 15:08:05 MESZ,Scraper Logs (TF Play History)
LP,Lost on You,Station-Specific,13,3,1,2026-10-09 12:47:01Z,2026-10-09 14:47:01 MESZ,Scraper Logs (TF Play History)
Lubomyr Melnyk,The Six Day Moment,Station-Specific,64,6,1,2026-10-10 06:35:02Z,2026-10-10 08:35:02 MESZ,Scraper Logs (TF Play History)
Luca Di Sabatino,Switched-on Wendy,Station-Specific,3,1,0,2026-10-09 00:12:54Z,2026-10-09 02:12:54 MESZ,Scraper Logs (TF Play History)
Ludovico Einaudi,Einaudi: Canzone Africana IV,Station-Specific,2,2,0,2026-09-28 03:15:14Z,2026-09-28 05:15:14 MESZ,Scraper Logs (TF Play History)
Ludovico Einaudi,Nuvole Bianche,Station-Specific,21,8,0,2026-10-09 06:58:31Z,2026-10-09 08:58:31 MESZ,Scraper Logs (TF Play History)
Ludovico Einaudi,Primavera,Station-Specific,10,9,0,2026-10-05 06:45:34Z,2026-10-05 08:45:34 MESZ,Scraper Logs (TF Play History)
Luis Alberto Spinetta,Muchacha Ojos De Papel (Live),Station-Specific,24,6,0,2026-09-29 21:29:57Z,2026-09-29 23:29:57 MESZ,Scraper Logs (TF Play History)
Luis Miguel,La Mentira,Station-Specific,10,7,1,2026-10-10 05:17:31Z,2026-10-10 07:17:31 MESZ,Scraper Logs (TF Play History)
Luther Vandross,A House Is Not A Home,Station-Specific,81,6,0,2026-10-07 03:43:10Z,2026-10-07 05:43:10 MESZ,Scraper Logs (TF Play History)
Lyres,Help You Ann,Station-Specific,8,3,0,2026-10-04 20:58:34Z,2026-10-04 22:58:34 MESZ,Scraper Logs (TF Play History)
M/A/R/R/S,"Pump Up The Volume (UK 12"" Remix)",Station-Specific,17,5,1,2026-10-09 11:08:31Z,2026-10-09 13:08:31 MESZ,Scraper Logs (TF Play History)
M83,Wait,Station-Specific,12,7,0,2026-10-09 03:34:28Z,2026-10-09 05:34:28 MESZ,Scraper Logs (TF Play History)
Mac DeMarco,Chamber Of Reflection,Station-Specific,61,6,0,2026-10-08 02:24:17Z,2026-10-08 04:24:17 MESZ,Scraper Logs (TF Play History)
Mac DeMarco,My Kind of Woman,Station-Specific,19,7,0,2026-10-09 05:28:00Z,2026-10-09 07:28:00 MESZ,Scraper Logs (TF Play History)
Mac DeMarco,No Other Heart,Station-Specific,21,6,1,2026-10-10 00:47:00Z,2026-10-10 02:47:00 MESZ,Scraper Logs (TF Play History)
Madness,Our House,Station-Specific,9,9,0,2026-10-09 00:39:55Z,2026-10-09 02:39:55 MESZ,Scraper Logs (TF Play History)
Mahalia Jackson,How I Got Over (Live),Station-Specific,17,4,0,2026-09-25 09:21:19Z,2026-09-25 11:21:19 MESZ,Scraper Logs (TF Play History)
Mahavishnu Orchestra,I Wonder (Album Version),Station-Specific,19,5,0,2026-10-01 03:04:10Z,2026-10-01 05:04:10 MESZ,Scraper Logs (TF Play History)
Mahmoud Ahmed,Ere Mela Mela / Meche Neu,Station-Specific,31,8,0,2026-10-08 14:59:23Z,2026-10-08 16:59:23 MESZ,Scraper Logs (TF Play History)
Mana,Rayando el Sol,Station-Specific,7,7,0,2026-10-08 14:46:23Z,2026-10-08 16:46:23 MESZ,Scraper Logs (TF Play History)
Manal,MORAK,Station-Specific,2,2,0,2026-10-07 10:54:11Z,2026-10-07 12:54:11 MESZ,Scraper Logs (TF Play History)
Manau,Je Jazz Les Couleurs (Album Version),Station-Specific,13,5,0,2026-10-05 07:12:35Z,2026-10-05 09:12:35 MESZ,Scraper Logs (TF Play History)
Marc Rebillet,Late To Work,Station-Specific,5,3,1,2026-10-09 16:38:31Z,2026-10-09 18:38:31 MESZ,Scraper Logs (TF Play History)
Margaret Berger,I Feed You My Love (Extended Version),Station-Specific,3,1,0,2026-10-03 06:56:24Z,2026-10-03 08:56:24 MESZ,Scraper Logs (TF Play History)
Maria McKee,Absolutely Barking Stars,Station-Specific,10,6,0,2026-10-03 17:41:55Z,2026-10-03 19:41:55 MESZ,Scraper Logs (TF Play History)
Maria McKee,Life Is Sweet,Station-Specific,8,3,0,2026-10-08 21:11:24Z,2026-10-08 23:11:24 MESZ,Scraper Logs (TF Play History)
Marie Vaunt,That Acid,Station-Specific,4,2,0,2026-09-18 09:16:53Z,2026-09-18 11:16:53 MESZ,Scraper Logs (TF Play History)
Marija Šerifović,Molitva,Station-Specific,11,4,0,2026-10-08 13:25:23Z,2026-10-08 15:25:23 MESZ,Scraper Logs (TF Play History)
Marilyn Manson,The Love Song,Station-Specific,4,1,0,2026-09-14 11:35:23Z,2026-09-14 13:35:23 MESZ,Scraper Logs (TF Play History)
Marisa Monte,Beija Eu,Station-Specific,47,9,1,2026-10-09 20:23:01Z,2026-10-09 22:23:01 MESZ,Scraper Logs (TF Play History)
Mariya Takeuchi,Plastic Love,Station-Specific,19,9,0,2026-10-07 11:01:41Z,2026-10-07 13:01:41 MESZ,Scraper Logs (TF Play History)
Mariza,Ó gente da minha terra,Station-Specific,27,8,0,2026-10-08 17:24:23Z,2026-10-08 19:24:23 MESZ,Scraper Logs (TF Play History)
Mark Hollis,A Life (1895 - 1915),Station-Specific,16,4,0,2026-09-22 06:53:59Z,2026-09-22 08:53:59 MESZ,Scraper Logs (TF Play History)
Mark Hollis,The Colour Of Spring,Station-Specific,21,5,0,2026-10-06 01:41:52Z,2026-10-06 03:41:52 MESZ,Scraper Logs (TF Play History)
Mark Knopfler,The Long Road,Station-Specific,10,3,0,2026-10-06 05:39:56Z,2026-10-06 07:39:56 MESZ,Scraper Logs (TF Play History)
marshall4,i get gender envy from shadow the hedgehog,Station-Specific,3,0,0,2026-08-08 07:35:32Z,2026-08-08 09:35:32 MESZ,Scraper Logs (TF Play History)
Martha And The Muffins,Echo Beach,Station-Specific,7,5,0,2026-10-07 00:33:36Z,2026-10-07 02:33:36 MESZ,Scraper Logs (TF Play History)
Martin Ditcham,Maureen,Station-Specific,7,0,0,2026-08-18 22:36:45Z,2026-08-19 00:36:45 MESZ,Scraper Logs (TF Play History)
Martin Garrix,Carry You,Station-Specific,5,3,0,2026-10-03 13:01:54Z,2026-10-03 15:01:54 MESZ,Scraper Logs (TF Play History)
Martina McBride,Independence Day,Station-Specific,8,5,0,2026-10-05 02:39:03Z,2026-10-05 04:39:03 MESZ,Scraper Logs (TF Play History)
Marty Friedman,Senbonzakura,Station-Specific,13,4,0,2026-10-08 12:53:54Z,2026-10-08 14:53:54 MESZ,Scraper Logs (TF Play History)
Marvin Gaye,Distant Lover,Station-Specific,36,8,0,2026-10-09 00:16:55Z,2026-10-09 02:16:55 MESZ,Scraper Logs (TF Play History)
Marvin Gaye,I Heard It Through The Grapevine (SACD Stereo),Station-Specific,45,7,0,2026-10-04 10:33:04Z,2026-10-04 12:33:04 MESZ,Scraper Logs (TF Play History)
Marvin Gaye,Inner City Blues (Make Me Wanna Holler),Station-Specific,128,9,0,2026-10-07 12:48:41Z,2026-10-07 14:48:41 MESZ,Scraper Logs (TF Play History)
Marvin Gaye,Let's Get It On,Station-Specific,7,2,1,2026-10-10 00:27:00Z,2026-10-10 02:27:00 MESZ,Scraper Logs (TF Play History)
Marvin Gaye,Mercy Mercy Me (The Ecology),Station-Specific,20,6,0,2026-10-04 22:16:34Z,2026-10-05 00:16:34 MESZ,Scraper Logs (TF Play History)
Marvin Gaye,Save The Children,Station-Specific,21,5,0,2026-10-05 12:19:09Z,2026-10-05 14:19:09 MESZ,Scraper Logs (TF Play History)
Marvin Gaye,Sexual Healing (Album Version),Station-Specific,44,1,0,2026-10-06 11:58:01Z,2026-10-06 13:58:01 MESZ,Scraper Logs (TF Play History)
Marvin Gaye,Wholy Holy,Station-Specific,16,6,0,2026-10-08 12:44:23Z,2026-10-08 14:44:23 MESZ,Scraper Logs (TF Play History)
Mary Halvorson,About Ghosts,Station-Specific,13,6,0,2026-10-02 23:26:23Z,2026-10-03 01:26:23 MESZ,Scraper Logs (TF Play History)
Massive Attack,Angel,Station-Specific,55,6,0,2026-10-07 11:51:11Z,2026-10-07 13:51:11 MESZ,Scraper Logs (TF Play History)
Massive Attack,Protection,Station-Specific,34,3,0,2026-10-06 16:07:03Z,2026-10-06 18:07:03 MESZ,Scraper Logs (TF Play History)
Massive Attack,Teardrop,Station-Specific,88,7,0,2026-10-05 01:19:03Z,2026-10-05 03:19:03 MESZ,Scraper Logs (TF Play History)
Massive Attack,Unfinished Sympathy (2012 Mix/Master),Station-Specific,45,7,0,2026-10-04 19:17:34Z,2026-10-04 21:17:34 MESZ,Scraper Logs (TF Play History)
Matt Nathanson,All We Are,Station-Specific,8,3,0,2026-10-06 09:31:59Z,2026-10-06 11:31:59 MESZ,Scraper Logs (TF Play History)
Matt Nathanson,Come On Get Higher,Station-Specific,2,1,0,2026-09-12 19:09:08Z,2026-09-12 21:09:08 MESZ,Scraper Logs (TF Play History)
Matt Nathanson,Faster,Station-Specific,2,1,0,2026-09-16 10:13:04Z,2026-09-16 12:13:04 MESZ,Scraper Logs (TF Play History)
Mavis Staples,We're Gonna Make It,Station-Specific,42,7,1,2026-10-09 13:43:01Z,2026-10-09 15:43:01 MESZ,Scraper Logs (TF Play History)
Max Richter,Dream 3 (in the midst of my life),Station-Specific,103,7,0,2026-10-04 18:35:04Z,2026-10-04 20:35:04 MESZ,Scraper Logs (TF Play History)
Max Richter,On the Nature of Daylight,Station-Specific,143,8,0,2026-10-04 18:18:34Z,2026-10-04 20:18:34 MESZ,Scraper Logs (TF Play History)
Max Specter,Just Asking (Day Theme I),Station-Specific,7,1,0,2026-10-06 08:46:58Z,2026-10-06 10:46:58 MESZ,Scraper Logs (TF Play History)
Maxwell,"Ascension (No One's Gonna Love You, So Don't Ever Wonder)[The Tribute][Cut]",Station-Specific,42,0,0,2026-09-05 10:34:18Z,2026-09-05 12:34:18 MESZ,Scraper Logs (TF Play History)
Maxwell,Pretty Wings (uncut),Station-Specific,110,10,1,2026-10-10 04:52:31Z,2026-10-10 06:52:31 MESZ,Scraper Logs (TF Play History)
Maxwell,This Woman's Work (Uncut),Station-Specific,88,6,0,2026-10-08 01:42:47Z,2026-10-08 03:42:47 MESZ,Scraper Logs (TF Play History)
Maxwell,Whenever Wherever Whatever (Remastered 2021) (Album Version),Station-Specific,7,3,1,2026-10-09 15:46:31Z,2026-10-09 17:46:31 MESZ,Scraper Logs (TF Play History)
Mazzy Star,Fade Into You,Station-Specific,90,7,0,2026-10-08 19:40:23Z,2026-10-08 21:40:23 MESZ,Scraper Logs (TF Play History)
Mazzy Star,Halah,Station-Specific,25,8,0,2026-10-07 17:11:42Z,2026-10-07 19:11:42 MESZ,Scraper Logs (TF Play History)
MC WINDHUND,Uschi (Trance Edit),Station-Specific,4,0,0,2026-09-04 09:18:39Z,2026-09-04 11:18:39 MESZ,Scraper Logs (TF Play History)
Meat Beat Manifesto,Prime Audio Soup,Station-Specific,4,4,0,2026-09-29 01:30:51Z,2026-09-29 03:30:51 MESZ,Scraper Logs (TF Play History)
Meat Loaf,Dead Ringer For Love (Album Version),Station-Specific,4,4,0,2026-10-02 18:34:53Z,2026-10-02 20:34:53 MESZ,Scraper Logs (TF Play History)
Megan Moroney,Tennessee Orange,Station-Specific,3,3,0,2026-10-06 18:32:33Z,2026-10-06 20:32:33 MESZ,Scraper Logs (TF Play History)
Melody Gardot,If I Tell You I Love You,Station-Specific,3,3,0,2026-10-05 22:18:19Z,2026-10-06 00:18:19 MESZ,Scraper Logs (TF Play History)
Melody Gardot,If You Love Me,Station-Specific,2,2,0,2026-10-08 04:00:19Z,2026-10-08 06:00:19 MESZ,Scraper Logs (TF Play History)
Melody Gardot,La chanson des vieux amants,Station-Specific,5,5,0,2026-10-05 06:57:34Z,2026-10-05 08:57:34 MESZ,Scraper Logs (TF Play History)
Melody Gardot,Moon River,Station-Specific,2,2,0,2026-10-01 11:21:13Z,2026-10-01 13:21:13 MESZ,Scraper Logs (TF Play History)
Melody Gardot,Over The Rainbow (Live),Station-Specific,6,6,0,2026-09-26 21:51:27Z,2026-09-26 23:51:27 MESZ,Scraper Logs (TF Play History)
Melody Gardot,Perhaps You'll Wonder Why (The Paris Sessions),Station-Specific,1,1,0,2026-09-30 07:34:04Z,2026-09-30 09:34:04 MESZ,Scraper Logs (TF Play History)
Melody Gardot,This Foolish Heart Could Love You,Station-Specific,1,1,0,2026-09-30 20:02:35Z,2026-09-30 22:02:35 MESZ,Scraper Logs (TF Play History)
Melody Gardot,Worrisome Heart (Album Version),Station-Specific,18,4,0,2026-10-01 08:27:43Z,2026-10-01 10:27:43 MESZ,Scraper Logs (TF Play History)
Men At Work,Down Under,Station-Specific,5,5,0,2026-10-04 11:08:33Z,2026-10-04 13:08:33 MESZ,Scraper Logs (TF Play History)
Men At Work,Overkill,Station-Specific,11,7,0,2026-10-08 13:48:53Z,2026-10-08 15:48:53 MESZ,Scraper Logs (TF Play History)
Men I Trust,Show Me How,Station-Specific,53,5,0,2026-10-08 19:20:23Z,2026-10-08 21:20:23 MESZ,Scraper Logs (TF Play History)
Mercedes Sosa,Gracias a la Vida (En Vivo NY),Station-Specific,49,8,0,2026-10-08 17:32:23Z,2026-10-08 19:32:23 MESZ,Scraper Logs (TF Play History)
Mercury Rev,Little Rhymes,Station-Specific,2,2,0,2026-10-06 01:10:21Z,2026-10-06 03:10:21 MESZ,Scraper Logs (TF Play History)
Metallica,Enter Sandman,Station-Specific,8,6,0,2026-10-07 22:12:43Z,2026-10-08 00:12:43 MESZ,Scraper Logs (TF Play History)
Metallica,"Master of Puppets  (Live at Irvine Meadows Amphitheatre, Irvine, CA, 8/4/1996)",Station-Specific,11,2,0,2026-09-21 02:24:13Z,2026-09-21 04:24:13 MESZ,Scraper Logs (TF Play History)
Metallica,Spit Out The Bone,Station-Specific,10,3,0,2026-09-22 22:44:30Z,2026-09-23 00:44:30 MESZ,Scraper Logs (TF Play History)
MGMT,Electric Feel (Album Version),Station-Specific,23,4,1,2026-10-10 05:33:01Z,2026-10-10 07:33:01 MESZ,Scraper Logs (TF Play History)
MGMT,Time to Pretend (Album Version),Station-Specific,20,8,0,2026-10-09 01:44:26Z,2026-10-09 03:44:26 MESZ,Scraper Logs (TF Play History)
Mica Levi,Love,Station-Specific,13,4,0,2026-10-07 05:28:40Z,2026-10-07 07:28:40 MESZ,Scraper Logs (TF Play History)
Michael Brook,Ultramarine,Station-Specific,15,6,0,2026-09-30 06:34:04Z,2026-09-30 08:34:04 MESZ,Scraper Logs (TF Play History)
Michael Bublé,Crazy (with Jon Batiste & Stay Human)  (Live),Station-Specific,7,0,0,2026-08-24 16:43:27Z,2026-08-24 18:43:27 MESZ,Scraper Logs (TF Play History)
Michael Damian,Rock On,Station-Specific,4,2,0,2026-10-03 18:23:25Z,2026-10-03 20:23:25 MESZ,Scraper Logs (TF Play History)
Michael Hedges,Aerial Boundaries,Station-Specific,33,12,1,2026-10-10 00:03:32Z,2026-10-10 02:03:32 MESZ,Scraper Logs (TF Play History)
Michael Hutchence,Slide Away,Station-Specific,10,6,1,2026-10-09 19:40:01Z,2026-10-09 21:40:01 MESZ,Scraper Logs (TF Play History)
Michael Jackson,Jam,Station-Specific,3,1,0,2026-09-12 19:37:36Z,2026-09-12 21:37:36 MESZ,Scraper Logs (TF Play History)
Michael Jackson,Morphine (Album Version),Station-Specific,3,0,0,2026-09-09 11:37:11Z,2026-09-09 13:37:11 MESZ,Scraper Logs (TF Play History)
Michael Jackson,Rock with You (Single Version),Station-Specific,49,7,1,2026-10-09 21:38:01Z,2026-10-09 23:38:01 MESZ,Scraper Logs (TF Play History)
Michael Jackson,Stranger in Moscow,Station-Specific,13,2,0,2026-09-14 06:58:52Z,2026-09-14 08:58:52 MESZ,Scraper Logs (TF Play History)
Michael Jackson,Thriller,Station-Specific,4,2,0,2026-10-08 20:43:23Z,2026-10-08 22:43:23 MESZ,Scraper Logs (TF Play History)
Michael Jackson,Who Is It,Station-Specific,4,1,0,2026-10-06 12:08:01Z,2026-10-06 14:08:01 MESZ,Scraper Logs (TF Play History)
Michael McDonald,I Keep Forgettin' (Every Time You're Near),Station-Specific,59,7,0,2026-10-07 07:07:40Z,2026-10-07 09:07:40 MESZ,Scraper Logs (TF Play History)
MIKA,Grace Kelly,Station-Specific,20,7,0,2026-10-08 16:48:24Z,2026-10-08 18:48:24 MESZ,Scraper Logs (TF Play History)
Mike Marshall,Big Country (Instrumental),Station-Specific,9,3,0,2026-09-17 07:45:42Z,2026-09-17 09:45:42 MESZ,Scraper Logs (TF Play History)
Mike Oldfield,Moonlight Shadow,Station-Specific,4,4,0,2026-10-03 22:12:56Z,2026-10-04 00:12:56 MESZ,Scraper Logs (TF Play History)
Mikis Theodorakis,Zorba the Greek:  Zorba's Dance,Station-Specific,22,9,0,2026-10-08 09:28:53Z,2026-10-08 11:28:53 MESZ,Scraper Logs (TF Play History)
Miles Davis,Blue in Green,Station-Specific,99,6,0,2026-09-30 00:58:29Z,2026-09-30 02:58:29 MESZ,Scraper Logs (TF Play History)
Miles Davis,Flamenco Sketches,Station-Specific,8,6,0,2026-10-02 10:12:52Z,2026-10-02 12:12:52 MESZ,Scraper Logs (TF Play History)
Miles Davis,So What,Station-Specific,19,6,0,2026-10-01 19:09:43Z,2026-10-01 21:09:43 MESZ,Scraper Logs (TF Play History)
Miley Cyrus,Party In The U.S.A.,Station-Specific,6,3,0,2026-10-05 00:40:33Z,2026-10-05 02:40:33 MESZ,Scraper Logs (TF Play History)
Milt Jackson,Bag's New Groove,Station-Specific,13,4,0,2026-09-30 01:30:00Z,2026-09-30 03:30:00 MESZ,Scraper Logs (TF Play History)
Milton Nascimento,Bridges (Travessia),Station-Specific,56,10,0,2026-10-07 07:11:40Z,2026-10-07 09:11:40 MESZ,Scraper Logs (TF Play History)
Ministry,Just One Fix (Album Version),Station-Specific,7,2,0,2026-09-12 14:33:36Z,2026-09-12 16:33:36 MESZ,Scraper Logs (TF Play History)
Minnie Riperton,Lovin' You,Station-Specific,75,7,1,2026-10-09 16:00:31Z,2026-10-09 18:00:31 MESZ,Scraper Logs (TF Play History)
Miracles of Modern Science,Dear Pressure,Station-Specific,15,2,0,2026-10-05 19:29:17Z,2026-10-05 21:29:17 MESZ,Scraper Logs (TF Play History)
Miriam Makeba,Pata Pata,Station-Specific,33,12,1,2026-10-09 17:44:06Z,2026-10-09 19:44:06 MESZ,Scraper Logs (TF Play History)
Missio,I See You,Station-Specific,3,2,0,2026-10-06 19:20:05Z,2026-10-06 21:20:05 MESZ,Scraper Logs (TF Play History)
Mitski,My Love Mine All Mine,Station-Specific,12,5,1,2026-10-10 02:19:00Z,2026-10-10 04:19:00 MESZ,Scraper Logs (TF Play History)
Mizuki Tomoda,Marunouchi sadistic (Cover),Station-Specific,6,1,0,2026-10-03 08:24:24Z,2026-10-03 10:24:24 MESZ,Scraper Logs (TF Play History)
Moby,One of These Mornings,Station-Specific,2,2,0,2026-09-22 08:17:59Z,2026-09-22 10:17:59 MESZ,Scraper Logs (TF Play History)
Modest Mouse,Float On,Station-Specific,3,3,1,2026-10-09 17:47:31Z,2026-10-09 19:47:31 MESZ,Scraper Logs (TF Play History)
Moes Haven,Shut Up Your Monkey,Station-Specific,4,1,0,2026-09-13 19:26:15Z,2026-09-13 21:26:15 MESZ,Scraper Logs (TF Play History)
Moloko,Being Is Bewildering,Station-Specific,2,2,0,2026-10-08 05:37:51Z,2026-10-08 07:37:51 MESZ,Scraper Logs (TF Play History)
Moloko,Over & Over,Station-Specific,16,4,0,2026-10-07 20:44:12Z,2026-10-07 22:44:12 MESZ,Scraper Logs (TF Play History)
Moloko,The Time Is Now,Station-Specific,2,2,0,2026-10-06 23:33:35Z,2026-10-07 01:33:35 MESZ,Scraper Logs (TF Play History)
Montaigne,I Am Not an End,Station-Specific,2,2,0,2026-10-06 02:33:53Z,2026-10-06 04:33:53 MESZ,Scraper Logs (TF Play History)
Montaigne,Technicolour,Station-Specific,1,1,0,2026-10-02 15:45:23Z,2026-10-02 17:45:23 MESZ,Scraper Logs (TF Play History)
Morcheeba,Trigger Hippie,Station-Specific,55,6,0,2026-10-07 20:54:42Z,2026-10-07 22:54:42 MESZ,Scraper Logs (TF Play History)
Mort Garson,Plantasia,Station-Specific,41,6,0,2026-10-07 04:12:40Z,2026-10-07 06:12:40 MESZ,Scraper Logs (TF Play History)
Mr. Bungle,The Air-Conditioned Nightmare (Album Version),Station-Specific,1,1,0,2026-09-25 17:25:19Z,2026-09-25 19:25:19 MESZ,Scraper Logs (TF Play History)
Mr. President,Don't You Ever Stop,Station-Specific,4,2,0,2026-10-08 16:23:24Z,2026-10-08 18:23:24 MESZ,Scraper Logs (TF Play History)
Mr.Kitty,After Dark,Station-Specific,10,2,0,2026-10-06 08:49:59Z,2026-10-06 10:49:59 MESZ,Scraper Logs (TF Play History)
Mree,Into the Well,Station-Specific,2,2,0,2026-10-03 09:33:54Z,2026-10-03 11:33:54 MESZ,Scraper Logs (TF Play History)
Muddy Waters,Mannish Boy,Station-Specific,20,7,0,2026-10-07 18:02:42Z,2026-10-07 20:02:42 MESZ,Scraper Logs (TF Play History)
Mulatu Astatke,Yègellé Tezeta,Station-Specific,49,10,1,2026-10-10 07:08:31Z,2026-10-10 09:08:31 MESZ,Scraper Logs (TF Play History)
Mulatu Astatqe,Yèkèrmo Sèw (A Man of Experience and Wisdom),Station-Specific,75,12,1,2026-10-09 22:25:02Z,2026-10-10 00:25:02 MESZ,Scraper Logs (TF Play History)
Murray Gold,A Good Man? (Twelve's Theme),Station-Specific,1,1,0,2026-09-22 17:42:01Z,2026-09-22 19:42:01 MESZ,Scraper Logs (TF Play History)
Murray Head,One Night In Bangkok (From “Chess” / Remastered 2016),Station-Specific,19,8,0,2026-10-08 13:06:23Z,2026-10-08 15:06:23 MESZ,Scraper Logs (TF Play History)
Muse,Feeling Good,Station-Specific,18,5,0,2026-10-09 03:18:27Z,2026-10-09 05:18:27 MESZ,Scraper Logs (TF Play History)
Muse,Won’t Stand Down,Station-Specific,11,3,0,2026-10-03 16:11:54Z,2026-10-03 18:11:54 MESZ,Scraper Logs (TF Play History)
My Chemical Romance,I'm Not Okay (I Promise),Station-Specific,7,2,0,2026-09-13 16:41:15Z,2026-09-13 18:41:15 MESZ,Scraper Logs (TF Play History)
Måneskin,Torna a casa,Station-Specific,13,5,0,2026-10-08 20:01:23Z,2026-10-08 22:01:23 MESZ,Scraper Logs (TF Play History)
Måneskin,ZITTI E BUONI,Station-Specific,16,6,0,2026-10-04 14:14:33Z,2026-10-04 16:14:33 MESZ,Scraper Logs (TF Play History)
Nancy Wilson,Guess Who I Saw Today,Station-Specific,19,7,0,2026-10-01 22:55:14Z,2026-10-02 00:55:14 MESZ,Scraper Logs (TF Play History)
Nanowar of Steel,Norwegian Reggaeton (feat. Charly Glamour & Gigatron),Station-Specific,8,2,0,2026-10-03 07:16:54Z,2026-10-03 09:16:54 MESZ,Scraper Logs (TF Play History)
Nanowar of Steel,Valhalleluja,Station-Specific,6,1,0,2026-09-25 20:42:49Z,2026-09-25 22:42:49 MESZ,Scraper Logs (TF Play History)
Napalm Death,You Suffer,Station-Specific,1,0,0,2026-08-10 11:48:10Z,2026-08-10 13:48:10 MESZ,Scraper Logs (TF Play History)
Nat King Cole,(I Love You) For Sentimental Reasons,Station-Specific,36,6,0,2026-10-01 11:25:13Z,2026-10-01 13:25:13 MESZ,Scraper Logs (TF Play History)
Nat King Cole,Autumn Leaves,Station-Specific,6,6,0,2026-10-01 04:02:40Z,2026-10-01 06:02:40 MESZ,Scraper Logs (TF Play History)
Nat King Cole,L-O-V-E,Station-Specific,23,3,0,2026-10-08 01:01:46Z,2026-10-08 03:01:46 MESZ,Scraper Logs (TF Play History)
Nat King Cole,Nature Boy,Station-Specific,43,6,0,2026-09-30 19:25:36Z,2026-09-30 21:25:36 MESZ,Scraper Logs (TF Play History)
Natalie Cole,At Last,Station-Specific,7,3,0,2026-10-01 21:20:43Z,2026-10-01 23:20:43 MESZ,Scraper Logs (TF Play History)
Natalie Imbruglia,Torn,Station-Specific,9,5,0,2026-10-07 09:47:11Z,2026-10-07 11:47:11 MESZ,Scraper Logs (TF Play History)
Nation of Language,Weak In Your Light,Station-Specific,23,6,1,2026-10-09 21:21:31Z,2026-10-09 23:21:31 MESZ,Scraper Logs (TF Play History)
Nattalia Sarria,"Last Summer Whisper (From ""Anri"")",Station-Specific,3,0,0,2026-08-02 19:45:13Z,2026-08-02 21:45:13 MESZ,Scraper Logs (TF Play History)
Neil Diamond,Be (Introduction Of Jonathan),Station-Specific,7,2,0,2026-09-19 12:21:03Z,2026-09-19 14:21:03 MESZ,Scraper Logs (TF Play History)
Neil Diamond,Sweet Caroline,Station-Specific,1,1,0,2026-10-06 21:40:03Z,2026-10-06 23:40:03 MESZ,Scraper Logs (TF Play History)
Neil Young,Harvest Moon (Album Version),Station-Specific,8,8,1,2026-10-09 23:29:31Z,2026-10-10 01:29:31 MESZ,Scraper Logs (TF Play History)
Neil Young,Heart of Gold,Station-Specific,51,7,0,2026-10-06 02:19:53Z,2026-10-06 04:19:53 MESZ,Scraper Logs (TF Play History)
Nek,Fatti avanti amore (feat. Jovanotti)  (5030 version),Station-Specific,11,4,0,2026-10-03 12:15:24Z,2026-10-03 14:15:24 MESZ,Scraper Logs (TF Play History)
Nekrogoblikon,No One Survives,Station-Specific,6,1,0,2026-09-12 12:48:36Z,2026-09-12 14:48:36 MESZ,Scraper Logs (TF Play History)
Nekrogoblikon,Powercore,Station-Specific,5,2,0,2026-09-20 01:06:36Z,2026-09-20 03:06:36 MESZ,Scraper Logs (TF Play History)
Nelson Freire,"Bachianas brasileiras No. 4, W. 264: I. Preludio (Introduçao). Lento",Station-Specific,13,9,0,2026-10-04 18:13:33Z,2026-10-04 20:13:33 MESZ,Scraper Logs (TF Play History)
Neuro-sama,Colorful Array,Station-Specific,5,2,0,2026-10-03 13:23:54Z,2026-10-03 15:23:54 MESZ,Scraper Logs (TF Play History)
Neuro-sama,LIFE,Station-Specific,3,0,0,2026-08-30 14:26:13Z,2026-08-30 16:26:13 MESZ,Scraper Logs (TF Play History)
Neuro-sama,NEVER,Station-Specific,4,0,0,2026-08-30 14:42:13Z,2026-08-30 16:42:13 MESZ,Scraper Logs (TF Play History)
Neuro-sama,Pattern Recognition (feat. ODDEEO),Station-Specific,1,1,0,2026-09-25 15:01:49Z,2026-09-25 17:01:49 MESZ,Scraper Logs (TF Play History)
Never Get Used To People,Life Letters (Slowed+Reverb),Station-Specific,2,1,0,2026-10-06 08:24:58Z,2026-10-06 10:24:58 MESZ,Scraper Logs (TF Play History)
New Found Glory,My Friends Over You,Station-Specific,3,3,0,2026-09-30 21:32:05Z,2026-09-30 23:32:05 MESZ,Scraper Logs (TF Play History)
New Order,Blue Monday  (2016 Remaster),Station-Specific,15,8,0,2026-10-05 16:46:14Z,2026-10-05 18:46:14 MESZ,Scraper Logs (TF Play History)
New Order,True Faith,Station-Specific,13,7,0,2026-10-03 22:43:56Z,2026-10-04 00:43:56 MESZ,Scraper Logs (TF Play History)
Ngo Hong Quang,Núi Xưa,Station-Specific,9,9,1,2026-10-10 03:07:00Z,2026-10-10 05:07:00 MESZ,Scraper Logs (TF Play History)
Nick Cave & The Bad Seeds,(I'll Love You) Till The End Of The World,Station-Specific,5,5,0,2026-10-08 23:32:24Z,2026-10-09 01:32:24 MESZ,Scraper Logs (TF Play History)
Nick Cave & The Bad Seeds,Henry Lee (Remastered 2011),Station-Specific,5,4,0,2026-09-29 08:11:26Z,2026-09-29 10:11:26 MESZ,Scraper Logs (TF Play History)
Nick Drake,Northern Sky,Station-Specific,122,12,0,2026-10-08 09:33:23Z,2026-10-08 11:33:23 MESZ,Scraper Logs (TF Play History)
Nickelback,How You Remind Me (- LP Mix),Station-Specific,3,1,0,2026-09-12 20:10:06Z,2026-09-12 22:10:06 MESZ,Scraper Logs (TF Play History)
Nightmares On Wax,Les Nuits,Station-Specific,58,5,1,2026-10-09 16:19:01Z,2026-10-09 18:19:01 MESZ,Scraper Logs (TF Play History)
Nightwish,Wishmaster,Station-Specific,9,3,0,2026-09-15 14:47:57Z,2026-09-15 16:47:57 MESZ,Scraper Logs (TF Play History)
Niko B,Who's That What's That,Station-Specific,4,3,0,2026-10-06 23:39:06Z,2026-10-07 01:39:06 MESZ,Scraper Logs (TF Play History)
Nils Frahm,Ambre,Station-Specific,32,8,0,2026-10-04 06:27:03Z,2026-10-04 08:27:03 MESZ,Scraper Logs (TF Play History)
Nils Frahm,Familiar,Station-Specific,120,9,0,2026-10-07 06:15:40Z,2026-10-07 08:15:40 MESZ,Scraper Logs (TF Play History)
Nina Simone,Feeling Good,Station-Specific,137,10,0,2026-10-08 01:23:46Z,2026-10-08 03:23:46 MESZ,Scraper Logs (TF Play History)
Nina Simone,Wild Is The Wind,Station-Specific,26,9,0,2026-10-08 22:32:23Z,2026-10-09 00:32:23 MESZ,Scraper Logs (TF Play History)
Nine Inch Nails,Heresy (Nine Inch Noize Version),Station-Specific,4,1,0,2026-09-11 15:23:01Z,2026-09-11 17:23:01 MESZ,Scraper Logs (TF Play History)
Nine Inch Nails,Hurt,Station-Specific,20,4,0,2026-10-06 22:47:34Z,2026-10-07 00:47:34 MESZ,Scraper Logs (TF Play History)
Nine Inch Nails,Less Than,Station-Specific,3,3,0,2026-10-03 09:09:54Z,2026-10-03 11:09:54 MESZ,Scraper Logs (TF Play History)
Nine Inch Nails,The Hand That Feeds,Station-Specific,7,3,0,2026-10-03 01:28:23Z,2026-10-03 03:28:23 MESZ,Scraper Logs (TF Play History)
Nirvana,Heart-Shaped Box (Album Version),Station-Specific,9,9,0,2026-10-03 05:48:53Z,2026-10-03 07:48:53 MESZ,Scraper Logs (TF Play History)
Nirvana,Smells Like Teen Spirit,Station-Specific,23,7,0,2026-10-07 16:30:12Z,2026-10-07 18:30:12 MESZ,Scraper Logs (TF Play History)
NMIXX,High Horse,Station-Specific,18,8,1,2026-10-10 05:42:31Z,2026-10-10 07:42:31 MESZ,Scraper Logs (TF Play History)
No Vacation,Waltzing Back,Station-Specific,12,4,1,2026-10-09 16:35:01Z,2026-10-09 18:35:01 MESZ,Scraper Logs (TF Play History)
Noisia,Pleasure Model (Rohaan Remix),Station-Specific,3,1,0,2026-09-13 09:10:14Z,2026-09-13 11:10:14 MESZ,Scraper Logs (TF Play History)
Noizu,Summer 91 (Looking Back),Station-Specific,4,1,0,2026-09-13 09:06:45Z,2026-09-13 11:06:45 MESZ,Scraper Logs (TF Play History)
Noizu,Summer 91 (Looking Back) (Acoustic),Station-Specific,8,2,0,2026-09-30 21:39:34Z,2026-09-30 23:39:34 MESZ,Scraper Logs (TF Play History)
Norah Jones,Summertime Blue,Station-Specific,11,5,0,2026-10-08 01:51:17Z,2026-10-08 03:51:17 MESZ,Scraper Logs (TF Play History)
Not Tomorrow Night,"Duel of the Fates (From ""Star Wars"")",Station-Specific,20,2,0,2026-09-21 02:10:43Z,2026-09-21 04:10:43 MESZ,Scraper Logs (TF Play History)
Nothing More,SPIRITS,Station-Specific,1,1,0,2026-10-09 04:02:28Z,2026-10-09 06:02:28 MESZ,Scraper Logs (TF Play History)
Nusantara Beat,Sifat Manusia,Station-Specific,3,3,0,2026-10-08 09:47:23Z,2026-10-08 11:47:23 MESZ,Scraper Logs (TF Play History)
Nusrat Fateh Ali Khan,Longing,Station-Specific,28,9,0,2026-10-08 23:26:54Z,2026-10-09 01:26:54 MESZ,Scraper Logs (TF Play History)
Nusrat Fateh Ali Khan,Mera Piya Ghar Aaya,Station-Specific,24,8,0,2026-10-09 07:23:01Z,2026-10-09 09:23:01 MESZ,Scraper Logs (TF Play History)
Oasis,Live Forever,Station-Specific,8,8,0,2026-10-06 16:37:04Z,2026-10-06 18:37:04 MESZ,Scraper Logs (TF Play History)
Obie Fernandez,Naked,Station-Specific,8,3,0,2026-10-03 18:18:54Z,2026-10-03 20:18:54 MESZ,Scraper Logs (TF Play History)
Obie Fernandez,Take Me Back (Extended Mix),Station-Specific,4,1,1,2026-10-09 16:08:01Z,2026-10-09 18:08:01 MESZ,Scraper Logs (TF Play History)
ODD EYE CIRCLE (ARTMS),My Secret Playlist,Station-Specific,14,8,1,2026-10-09 10:33:01Z,2026-10-09 12:33:01 MESZ,Scraper Logs (TF Play History)
ODESZA,Say My Name (feat. Zyra),Station-Specific,41,4,0,2026-10-04 05:10:03Z,2026-10-04 07:10:03 MESZ,Scraper Logs (TF Play History)
OhtoPlaya,SPACEDOG (OhtoPlaya Remix),Station-Specific,1,0,0,2026-08-16 14:01:37Z,2026-08-16 16:01:37 MESZ,Scraper Logs (TF Play History)
Okkervil River,Lost Coastlines,Station-Specific,16,6,1,2026-10-10 02:53:00Z,2026-10-10 04:53:00 MESZ,Scraper Logs (TF Play History)
Olejniczak Janusz,"Nocturne in C minor, Op. 48, No. 1",Station-Specific,2,2,0,2026-09-17 17:01:13Z,2026-09-17 19:01:13 MESZ,Scraper Logs (TF Play History)
Omara Portuondo,Guantanamera (feat. Angelique Kidjo),Station-Specific,10,10,0,2026-10-08 22:27:53Z,2026-10-09 00:27:53 MESZ,Scraper Logs (TF Play History)
Oneohtrix Point Never,Nothing’s Special,Station-Specific,6,1,0,2026-09-26 05:19:56Z,2026-09-26 07:19:56 MESZ,Scraper Logs (TF Play History)
Oneohtrix Point Never,Sleep Dealer,Station-Specific,5,3,1,2026-10-09 16:05:02Z,2026-10-09 18:05:02 MESZ,Scraper Logs (TF Play History)
Orchestral Manoeuvres in the dark (OMD),Enola Gay (Remastered 2003),Station-Specific,7,7,0,2026-10-06 04:11:54Z,2026-10-06 06:11:54 MESZ,Scraper Logs (TF Play History)
Orchestral Manoeuvres in the dark (OMD),"If You Leave (From ""Pretty In Pink"" Soundtrack)",Station-Specific,8,4,0,2026-10-06 11:25:00Z,2026-10-06 13:25:00 MESZ,Scraper Logs (TF Play History)
Os Mutantes,A Minha Menina,Station-Specific,36,9,0,2026-10-07 08:23:10Z,2026-10-07 10:23:10 MESZ,Scraper Logs (TF Play History)
P!nk,Eventually,Station-Specific,2,1,0,2026-10-02 23:48:23Z,2026-10-03 01:48:23 MESZ,Scraper Logs (TF Play History)
P!nk,Family Portrait,Station-Specific,1,1,0,2026-09-12 18:32:36Z,2026-09-12 20:32:36 MESZ,Scraper Logs (TF Play History)
P!nk,Get the Party Started,Station-Specific,5,4,0,2026-10-06 08:59:29Z,2026-10-06 10:59:29 MESZ,Scraper Logs (TF Play History)
P!nk,Glitter In the Air,Station-Specific,1,1,0,2026-09-10 21:43:21Z,2026-09-10 23:43:21 MESZ,Scraper Logs (TF Play History)
P!nk,Just Give Me a Reason,Station-Specific,1,1,0,2026-09-12 18:57:37Z,2026-09-12 20:57:37 MESZ,Scraper Logs (TF Play History)
P!nk,Please Don't Leave Me,Station-Specific,2,2,0,2026-10-09 03:01:57Z,2026-10-09 05:01:57 MESZ,Scraper Logs (TF Play History)
P!nk,Raise Your Glass,Station-Specific,1,1,0,2026-09-12 18:44:07Z,2026-09-12 20:44:07 MESZ,Scraper Logs (TF Play History)
P!nk,So What,Station-Specific,6,6,0,2026-10-08 07:42:23Z,2026-10-08 09:42:23 MESZ,Scraper Logs (TF Play History)
P!nk,TRUSTFALL,Station-Specific,1,1,0,2026-09-12 19:13:36Z,2026-09-12 21:13:36 MESZ,Scraper Logs (TF Play History)
P!nk,Try,Station-Specific,1,1,0,2026-09-12 18:48:07Z,2026-09-12 20:48:07 MESZ,Scraper Logs (TF Play History)
P!nk,What About Us,Station-Specific,1,1,0,2026-09-10 21:47:51Z,2026-09-10 23:47:51 MESZ,Scraper Logs (TF Play History)
P!nk,Who Knew (Main Version),Station-Specific,1,1,0,2026-09-12 18:53:38Z,2026-09-12 20:53:38 MESZ,Scraper Logs (TF Play History)
Paco de Lucía,Entre Dos Aguas,Station-Specific,27,9,0,2026-10-08 14:06:23Z,2026-10-08 16:06:23 MESZ,Scraper Logs (TF Play History)
Paco de Lucía,Mediterranean sundance - Di Meola: Mediterranean sundance,Station-Specific,18,6,0,2026-10-03 05:06:53Z,2026-10-03 07:06:53 MESZ,Scraper Logs (TF Play History)
Pages,If I Saw You Again (Album Version),Station-Specific,12,4,0,2026-10-05 17:33:15Z,2026-10-05 19:33:15 MESZ,Scraper Logs (TF Play History)
Pale Saints,Kinky Love,Station-Specific,14,7,0,2026-10-07 17:24:42Z,2026-10-07 19:24:42 MESZ,Scraper Logs (TF Play History)
Paolo Conte,Via Con Me,Station-Specific,13,9,0,2026-10-08 07:04:52Z,2026-10-08 09:04:52 MESZ,Scraper Logs (TF Play History)
Papa Roach,Last Resort,Station-Specific,5,2,0,2026-09-15 17:47:58Z,2026-09-15 19:47:58 MESZ,Scraper Logs (TF Play History)
Papooz,You and I,Station-Specific,20,6,1,2026-10-09 18:25:31Z,2026-10-09 20:25:31 MESZ,Scraper Logs (TF Play History)
Paramore,Thick Skull,Station-Specific,10,6,0,2026-10-06 09:14:59Z,2026-10-06 11:14:59 MESZ,Scraper Logs (TF Play History)
Parcels,"Overnight - from Hansa Studios, Berlin",Station-Specific,40,4,0,2026-10-03 20:05:25Z,2026-10-03 22:05:25 MESZ,Scraper Logs (TF Play History)
Parliament,Give Up The Funk (Tear The Roof Off The Sucker),Station-Specific,21,8,0,2026-10-08 23:59:54Z,2026-10-09 01:59:54 MESZ,Scraper Logs (TF Play History)
Patrick Watson,Sit Down Beside Me,Station-Specific,5,5,1,2026-10-09 09:14:01Z,2026-10-09 11:14:01 MESZ,Scraper Logs (TF Play History)
Patrik Andrén,ARC Raiders,Station-Specific,3,1,0,2026-09-13 03:09:42Z,2026-09-13 05:09:42 MESZ,Scraper Logs (TF Play History)
Patsy Cline,Crazy (Single Version),Station-Specific,20,5,0,2026-10-08 22:39:53Z,2026-10-09 00:39:53 MESZ,Scraper Logs (TF Play History)
Patsy Cline,Strange,Station-Specific,6,2,0,2026-10-05 02:03:03Z,2026-10-05 04:03:03 MESZ,Scraper Logs (TF Play History)
Patti LaBelle,If Only You Knew,Station-Specific,12,8,1,2026-10-10 07:41:32Z,2026-10-10 09:41:32 MESZ,Scraper Logs (TF Play History)
Patti LaBelle,On My Own,Station-Specific,20,6,1,2026-10-09 09:30:01Z,2026-10-09 11:30:01 MESZ,Scraper Logs (TF Play History)
Paul Leonard-Morgan,She's a Pass,Station-Specific,4,0,0,2026-08-20 00:38:20Z,2026-08-20 02:38:20 MESZ,Scraper Logs (TF Play History)
Paul Mauriat,Love Is Blue (Album Version),Station-Specific,11,1,0,2026-10-01 14:01:13Z,2026-10-01 16:01:13 MESZ,Scraper Logs (TF Play History)
Paul McCartney,Maybe I’m Amazed (2011 Remaster),Station-Specific,19,9,0,2026-10-08 10:08:23Z,2026-10-08 12:08:23 MESZ,Scraper Logs (TF Play History)
Paul McCartney,Monkberry Moon Delight (2012 Remaster),Station-Specific,8,3,0,2026-09-28 22:02:47Z,2026-09-29 00:02:47 MESZ,Scraper Logs (TF Play History)
Paul Rodgers,Muddy Water Blues,Station-Specific,2,2,0,2026-09-27 03:29:03Z,2026-09-27 05:29:03 MESZ,Scraper Logs (TF Play History)
Paul Simon,Further to Fly,Station-Specific,35,3,0,2026-10-08 23:36:24Z,2026-10-09 01:36:24 MESZ,Scraper Logs (TF Play History)
Paul Simon,You Can Call Me Al,Station-Specific,74,7,0,2026-10-07 11:17:41Z,2026-10-07 13:17:41 MESZ,Scraper Logs (TF Play History)
Paula Abdul,Straight Up (Single Version),Station-Specific,9,4,0,2026-10-08 00:07:16Z,2026-10-08 02:07:16 MESZ,Scraper Logs (TF Play History)
Pearl Jam,Yellow Ledbetter,Station-Specific,22,9,0,2026-10-07 08:55:11Z,2026-10-07 10:55:11 MESZ,Scraper Logs (TF Play History)
Pebe Sebert,City's Burning,Station-Specific,14,1,0,2026-09-13 02:39:41Z,2026-09-13 04:39:41 MESZ,Scraper Logs (TF Play History)
Pedro Infante,Amorcito corazón,Station-Specific,12,10,1,2026-10-09 14:35:31Z,2026-10-09 16:35:31 MESZ,Scraper Logs (TF Play History)
Peeping Tom,Your Neighborhood Spaceman,Station-Specific,1,1,0,2026-09-25 16:18:19Z,2026-09-25 18:18:19 MESZ,Scraper Logs (TF Play History)
Pellek,Bohemian Rhapsody,Station-Specific,6,0,0,2026-08-06 04:38:42Z,2026-08-06 06:38:42 MESZ,Scraper Logs (TF Play History)
Pent Up Pup,ORDER:SCORE,Station-Specific,2,0,0,2026-08-01 19:01:02Z,2026-08-01 21:01:02 MESZ,Scraper Logs (TF Play History)
Percy Faith & His Orchestra,Black Magic Woman,Station-Specific,21,4,0,2026-10-03 13:32:24Z,2026-10-03 15:32:24 MESZ,Scraper Logs (TF Play History)
Percy Faith & His Orchestra,"Theme from ""A Summer Place""",Station-Specific,9,0,0,2026-09-08 10:07:35Z,2026-09-08 12:07:35 MESZ,Scraper Logs (TF Play History)
Perpetuum Jazzile,Africa,Station-Specific,19,7,0,2026-10-08 12:19:23Z,2026-10-08 14:19:23 MESZ,Scraper Logs (TF Play History)
Pete Seeger,Which Side are You On?,Station-Specific,11,6,1,2026-10-10 05:21:31Z,2026-10-10 07:21:31 MESZ,Scraper Logs (TF Play History)
Peter Broderick,A Little Lost,Station-Specific,5,5,1,2026-10-09 23:11:02Z,2026-10-10 01:11:02 MESZ,Scraper Logs (TF Play History)
Peter Fox,Haus am See,Station-Specific,11,6,0,2026-10-07 08:48:11Z,2026-10-07 10:48:11 MESZ,Scraper Logs (TF Play History)
Peter Gabriel,Don't Give Up  (2012 Remaster),Station-Specific,25,7,0,2026-10-06 04:51:55Z,2026-10-06 06:51:55 MESZ,Scraper Logs (TF Play History)
Peter Gabriel,Sky Blue,Station-Specific,28,5,0,2026-10-03 14:03:24Z,2026-10-03 16:03:24 MESZ,Scraper Logs (TF Play History)
Peter Gabriel,Sledgehammer,Station-Specific,13,7,0,2026-10-06 11:34:30Z,2026-10-06 13:34:30 MESZ,Scraper Logs (TF Play History)
Peter Gabriel,The Feeling Begins (Remastered 2002),Station-Specific,20,7,0,2026-10-09 04:32:28Z,2026-10-09 06:32:28 MESZ,Scraper Logs (TF Play History)
Peter Jablonski,"Waltz No.19 in A minor, Op.posth. - Chopin: Waltz No. 19 in A minor, Op. posth.",Station-Specific,16,5,1,2026-10-10 06:18:31Z,2026-10-10 08:18:31 MESZ,Scraper Logs (TF Play History)
Petra,This Means War,Station-Specific,3,1,0,2026-09-16 00:49:30Z,2026-09-16 02:49:30 MESZ,Scraper Logs (TF Play History)
Petra Haden,Moon River,Station-Specific,10,3,0,2026-10-08 01:40:17Z,2026-10-08 03:40:17 MESZ,Scraper Logs (TF Play History)
Phil Collins,In the Air Tonight  (2015 Remaster),Station-Specific,5,5,0,2026-10-06 02:58:23Z,2026-10-06 04:58:23 MESZ,Scraper Logs (TF Play History)
Phoebe Bridgers,Kyoto,Station-Specific,14,7,1,2026-10-10 07:18:02Z,2026-10-10 09:18:02 MESZ,Scraper Logs (TF Play History)
Phoebe Bridgers,Moon Song,Station-Specific,71,10,1,2026-10-09 15:20:31Z,2026-10-09 17:20:31 MESZ,Scraper Logs (TF Play History)
Phoebe Bridgers,Smoke Signals,Station-Specific,53,8,0,2026-10-07 19:07:13Z,2026-10-07 21:07:13 MESZ,Scraper Logs (TF Play History)
Phoenix,Lisztomania,Station-Specific,33,7,0,2026-10-08 18:47:53Z,2026-10-08 20:47:53 MESZ,Scraper Logs (TF Play History)
Phosphorescent,Song for Zula,Station-Specific,9,3,1,2026-10-10 07:30:02Z,2026-10-10 09:30:02 MESZ,Scraper Logs (TF Play History)
Pierre Monteux,The Fire Bird: IV. Infernal Dance of King Kastchei,Station-Specific,11,3,0,2026-09-19 23:52:35Z,2026-09-20 01:52:35 MESZ,Scraper Logs (TF Play History)
Pink Floyd,Breathe (In the Air),Station-Specific,6,6,0,2026-10-05 20:08:47Z,2026-10-05 22:08:47 MESZ,Scraper Logs (TF Play History)
Pink Floyd,Comfortably Numb,Station-Specific,9,4,0,2026-10-05 20:32:18Z,2026-10-05 22:32:18 MESZ,Scraper Logs (TF Play History)
Pink Floyd,Coming Back to Life,Station-Specific,5,3,0,2026-10-05 20:43:18Z,2026-10-05 22:43:18 MESZ,Scraper Logs (TF Play History)
Pink Floyd,Fearless,Station-Specific,18,6,1,2026-10-09 13:33:01Z,2026-10-09 15:33:01 MESZ,Scraper Logs (TF Play History)
Pink Floyd,Have a Cigar,Station-Specific,13,4,0,2026-10-05 20:18:47Z,2026-10-05 22:18:47 MESZ,Scraper Logs (TF Play History)
Pink Floyd,Money,Station-Specific,9,5,0,2026-10-05 20:11:47Z,2026-10-05 22:11:47 MESZ,Scraper Logs (TF Play History)
Pink Floyd,The Great Gig in the Sky (2023 Remaster),Station-Specific,8,5,0,2026-10-04 22:00:34Z,2026-10-05 00:00:34 MESZ,Scraper Logs (TF Play History)
Pink Floyd,Wish You Were Here,Station-Specific,12,4,0,2026-10-06 16:52:03Z,2026-10-06 18:52:03 MESZ,Scraper Logs (TF Play History)
Piotr Musial,Some Place We Called Home,Station-Specific,7,4,0,2026-10-04 09:55:04Z,2026-10-04 11:55:04 MESZ,Scraper Logs (TF Play History)
Pixies,Ana,Station-Specific,21,9,0,2026-10-09 04:20:58Z,2026-10-09 06:20:58 MESZ,Scraper Logs (TF Play History)
Player,Baby Come Back,Station-Specific,40,6,1,2026-10-09 13:49:31Z,2026-10-09 15:49:31 MESZ,Scraper Logs (TF Play History)
Playroom,Patient,Station-Specific,6,3,1,2026-10-10 00:59:30Z,2026-10-10 02:59:30 MESZ,Scraper Logs (TF Play History)
Polar Sun,Caribou,Station-Specific,27,6,0,2026-10-09 05:54:30Z,2026-10-09 07:54:30 MESZ,Scraper Logs (TF Play History)
Pop Evil,Breathe Again,Station-Specific,4,2,0,2026-10-03 13:39:24Z,2026-10-03 15:39:24 MESZ,Scraper Logs (TF Play History)
Pornophonique,Sad Robot,Station-Specific,10,2,0,2026-09-22 17:21:59Z,2026-09-22 19:21:59 MESZ,Scraper Logs (TF Play History)
Portishead,Glory Box (Album Version),Station-Specific,77,8,0,2026-10-07 21:00:42Z,2026-10-07 23:00:42 MESZ,Scraper Logs (TF Play History)
Portishead,It Could Be Sweet,Station-Specific,12,5,0,2026-10-07 20:14:43Z,2026-10-07 22:14:43 MESZ,Scraper Logs (TF Play History)
Portishead,Roads,Station-Specific,53,7,0,2026-10-07 20:31:12Z,2026-10-07 22:31:12 MESZ,Scraper Logs (TF Play History)
Portishead,Sour Times,Station-Specific,15,5,0,2026-10-06 23:05:34Z,2026-10-07 01:05:34 MESZ,Scraper Logs (TF Play History)
Portishead,Wandering Star,Station-Specific,17,8,0,2026-10-07 20:02:13Z,2026-10-07 22:02:13 MESZ,Scraper Logs (TF Play History)
Post Malone,Chemical,Station-Specific,14,1,0,2026-10-03 04:58:53Z,2026-10-03 06:58:53 MESZ,Scraper Logs (TF Play History)
Powerwolf,Demons Are a Girl's Best Friend,Station-Specific,8,2,0,2026-09-21 08:54:47Z,2026-09-21 10:54:47 MESZ,Scraper Logs (TF Play History)
Predatory Meerkats,Resist The Force,Station-Specific,3,1,0,2026-10-03 10:06:24Z,2026-10-03 12:06:24 MESZ,Scraper Logs (TF Play History)
Prince,Adore  (2020 Remaster),Station-Specific,44,6,0,2026-10-06 11:51:01Z,2026-10-06 13:51:01 MESZ,Scraper Logs (TF Play History)
Prince,Kiss (LP Version),Station-Specific,19,8,0,2026-10-08 20:11:23Z,2026-10-08 22:11:23 MESZ,Scraper Logs (TF Play History)
Prince,Moonbeam Levels  (2019 Remaster),Station-Specific,21,9,1,2026-10-10 05:13:31Z,2026-10-10 07:13:31 MESZ,Scraper Logs (TF Play History)
Prince,Nothing Compares 2 U,Station-Specific,16,8,0,2026-10-08 12:08:23Z,2026-10-08 14:08:23 MESZ,Scraper Logs (TF Play History)
Prince,Purple Rain  (2015 Paisley Park Remaster),Station-Specific,17,5,0,2026-10-04 01:48:29Z,2026-10-04 03:48:29 MESZ,Scraper Logs (TF Play History)
Prince,Sometimes It Snows in April (LP Version),Station-Specific,39,7,1,2026-10-09 23:45:31Z,2026-10-10 01:45:31 MESZ,Scraper Logs (TF Play History)
Prince,Uptown (LP Version),Station-Specific,21,7,0,2026-10-04 17:10:04Z,2026-10-04 19:10:04 MESZ,Scraper Logs (TF Play History)
Procol Harum,A Whiter Shade of Pale (Original Single Version (2007 Remaster)),Station-Specific,19,6,0,2026-10-08 22:56:23Z,2026-10-09 00:56:23 MESZ,Scraper Logs (TF Play History)
Pulp,Common People (Full Length Version; Album Version),Station-Specific,6,6,1,2026-10-09 20:37:31Z,2026-10-09 22:37:31 MESZ,Scraper Logs (TF Play History)
Pussy Riot,Straight Outta Vagina (feat. Desi Mo & Leikeli47),Station-Specific,3,2,0,2026-09-15 09:55:56Z,2026-09-15 11:55:56 MESZ,Scraper Logs (TF Play History)
Q Lazzarus,Goodbye Horses - Single,Station-Specific,21,5,0,2026-10-08 15:52:53Z,2026-10-08 17:52:53 MESZ,Scraper Logs (TF Play History)
Quad City DJ's,Space Jam,Station-Specific,5,0,0,2026-09-06 19:40:24Z,2026-09-06 21:40:24 MESZ,Scraper Logs (TF Play History)
Queen,Another One Bites The Dust,Station-Specific,18,5,0,2026-10-03 18:51:24Z,2026-10-03 20:51:24 MESZ,Scraper Logs (TF Play History)
Queen,Flash (Remastered 2011),Station-Specific,16,6,0,2026-10-06 16:15:32Z,2026-10-06 18:15:32 MESZ,Scraper Logs (TF Play History)
Queen,Somebody To Love,Station-Specific,6,5,0,2026-09-27 22:06:44Z,2026-09-28 00:06:44 MESZ,Scraper Logs (TF Play History)
Queen,The Fairy Feller's Master-Stroke (2026 Mix),Station-Specific,9,5,0,2026-10-05 13:34:11Z,2026-10-05 15:34:11 MESZ,Scraper Logs (TF Play History)
Queen,The March of the Black Queen (2026 Mix),Station-Specific,18,6,0,2026-10-03 14:10:24Z,2026-10-03 16:10:24 MESZ,Scraper Logs (TF Play History)
Queen,We Will Rock You,Station-Specific,6,6,1,2026-10-09 14:26:32Z,2026-10-09 16:26:32 MESZ,Scraper Logs (TF Play History)
Queens Of The Stone Age,No One Knows,Station-Specific,24,8,1,2026-10-09 19:06:31Z,2026-10-09 21:06:31 MESZ,Scraper Logs (TF Play History)
Queensrÿche,Silent Lucidity (Remastered 2003),Station-Specific,9,3,0,2026-10-08 08:02:53Z,2026-10-08 10:02:53 MESZ,Scraper Logs (TF Play History)
R.E.M.,Endgame,Station-Specific,6,4,0,2026-10-05 22:02:48Z,2026-10-06 00:02:48 MESZ,Scraper Logs (TF Play History)
R.E.M.,Orange Crush (Remastered),Station-Specific,7,6,0,2026-10-04 21:36:34Z,2026-10-04 23:36:34 MESZ,Scraper Logs (TF Play History)
Radiohead,Paranoid Android,Station-Specific,13,5,0,2026-10-06 16:42:33Z,2026-10-06 18:42:33 MESZ,Scraper Logs (TF Play History)
Rammstein,Deutschland,Station-Specific,11,3,0,2026-09-21 08:15:17Z,2026-09-21 10:15:17 MESZ,Scraper Logs (TF Play History)
Ramones,Blitzkrieg Bop,Station-Specific,4,4,0,2026-10-08 17:49:23Z,2026-10-08 19:49:23 MESZ,Scraper Logs (TF Play History)
Randy Crawford,One Day I'll Fly Away,Station-Specific,22,9,0,2026-10-08 23:47:24Z,2026-10-09 01:47:24 MESZ,Scraper Logs (TF Play History)
Randy Travis,"Forever and Ever, Amen",Station-Specific,11,3,0,2026-10-01 15:14:13Z,2026-10-01 17:14:13 MESZ,Scraper Logs (TF Play History)
Raquel Tavares,Como É Grande o Meu Amor por Você,Station-Specific,16,5,0,2026-10-08 09:37:23Z,2026-10-08 11:37:23 MESZ,Scraper Logs (TF Play History)
Ray Anthony,The Hokey Pokey,Station-Specific,2,0,0,2026-08-22 18:12:13Z,2026-08-22 20:12:13 MESZ,Scraper Logs (TF Play History)
Ray Parker Junior,Ghostbusters (Album Version),Station-Specific,16,3,0,2026-10-07 05:24:10Z,2026-10-07 07:24:10 MESZ,Scraper Logs (TF Play History)
Rayland Baxter,Objects In The Mirror,Station-Specific,6,3,1,2026-10-09 18:04:02Z,2026-10-09 20:04:02 MESZ,Scraper Logs (TF Play History)
Reba McEntire,Fancy,Station-Specific,10,2,0,2026-10-06 18:06:03Z,2026-10-06 20:06:03 MESZ,Scraper Logs (TF Play History)
Red Hot Chili Peppers,Californication,Station-Specific,16,3,1,2026-10-09 20:00:34Z,2026-10-09 22:00:34 MESZ,Scraper Logs (TF Play History)
Red Hot Chili Peppers,Higher Ground (2014 Remaster),Station-Specific,28,7,1,2026-10-10 03:33:31Z,2026-10-10 05:33:31 MESZ,Scraper Logs (TF Play History)
Red Velvet,Stupid Cupid,Station-Specific,13,7,1,2026-10-10 01:52:30Z,2026-10-10 03:52:30 MESZ,Scraper Logs (TF Play History)
Remi Wolf,Disco Man,Station-Specific,6,3,0,2026-10-08 16:56:23Z,2026-10-08 18:56:23 MESZ,Scraper Logs (TF Play History)
René Aubry,Steppe,Station-Specific,3,3,0,2026-09-18 08:48:54Z,2026-09-18 10:48:54 MESZ,Scraper Logs (TF Play History)
Revolverheld,Ich lass für dich das Licht an,Station-Specific,11,4,0,2026-10-09 03:58:58Z,2026-10-09 05:58:58 MESZ,Scraper Logs (TF Play History)
Rhapsody Of Fire,Emerald Sword (Re-Recorded),Station-Specific,18,5,1,2026-10-09 11:19:31Z,2026-10-09 13:19:31 MESZ,Scraper Logs (TF Play History)
Rhye,Open,Station-Specific,37,5,0,2026-10-03 11:33:54Z,2026-10-03 13:33:54 MESZ,Scraper Logs (TF Play History)
Ricchi E Poveri,Sarà perché ti amo,Station-Specific,3,3,0,2026-10-08 00:11:45Z,2026-10-08 02:11:45 MESZ,Scraper Logs (TF Play History)
Richard Ashcroft,Break The Night With Colour,Station-Specific,3,3,0,2026-09-17 19:32:43Z,2026-09-17 21:32:43 MESZ,Scraper Logs (TF Play History)
Richard O Brien,The Time Warp,Station-Specific,2,1,0,2026-09-30 20:15:04Z,2026-09-30 22:15:04 MESZ,Scraper Logs (TF Play History)
Richard Wagner,Wagner: Tristan und Isolde - Wagner: Tristan und Isolde: Prelude - Orchestra (Act One),Station-Specific,2,2,0,2026-10-09 06:26:30Z,2026-10-09 08:26:30 MESZ,Scraper Logs (TF Play History)
Rick Astley,Never Gonna Give You Up,Station-Specific,7,2,0,2026-09-15 00:22:25Z,2026-09-15 02:22:25 MESZ,Scraper Logs (TF Play History)
Rick Springfield,Jessie's Girl,Station-Specific,3,3,0,2026-10-02 05:47:52Z,2026-10-02 07:47:52 MESZ,Scraper Logs (TF Play History)
Ride,Vapour Trail,Station-Specific,20,6,0,2026-10-07 17:15:42Z,2026-10-07 19:15:42 MESZ,Scraper Logs (TF Play History)
Rihanna,Umbrella (Album Version),Station-Specific,8,3,0,2026-10-06 12:35:31Z,2026-10-06 14:35:31 MESZ,Scraper Logs (TF Play History)
Rival Consoles,Untravel,Station-Specific,43,3,0,2026-09-24 05:22:41Z,2026-09-24 07:22:41 MESZ,Scraper Logs (TF Play History)
Robbie Dupree,Steal Away,Station-Specific,9,2,0,2026-10-05 17:18:14Z,2026-10-05 19:18:14 MESZ,Scraper Logs (TF Play History)
Robbie Robertson,Coyote Dance,Station-Specific,18,7,0,2026-10-08 03:44:19Z,2026-10-08 05:44:19 MESZ,Scraper Logs (TF Play History)
Robert Fripp,Here Comes The Flood (Exposure Fourth Edition: 2021 Stereo Mix),Station-Specific,3,2,0,2026-10-08 15:56:23Z,2026-10-08 17:56:23 MESZ,Scraper Logs (TF Play History)
Robert Johnson,Cross Road Blues,Station-Specific,21,5,0,2026-10-07 17:59:42Z,2026-10-07 19:59:42 MESZ,Scraper Logs (TF Play History)
Roberta Flack,Killing Me Softly With His Song,Station-Specific,25,3,1,2026-10-09 16:14:31Z,2026-10-09 18:14:31 MESZ,Scraper Logs (TF Play History)
Roberta Flack,The First Time Ever I Saw Your Face (2020 Remaster),Station-Specific,117,5,0,2026-10-07 12:55:11Z,2026-10-07 14:55:11 MESZ,Scraper Logs (TF Play History)
Robin Packalen,Kesärenkaat,Station-Specific,6,2,0,2026-10-03 12:28:54Z,2026-10-03 14:28:54 MESZ,Scraper Logs (TF Play History)
Rock appetizers,Child in Time (Special Version),Station-Specific,2,2,0,2026-09-22 21:18:30Z,2026-09-22 23:18:30 MESZ,Scraper Logs (TF Play History)
Rodrigo Leão,Pasión (Album Version),Station-Specific,16,6,1,2026-10-10 01:09:30Z,2026-10-10 03:09:30 MESZ,Scraper Logs (TF Play History)
Rodrigo y Gabriela,Libertango,Station-Specific,10,10,1,2026-10-09 20:19:32Z,2026-10-09 22:19:32 MESZ,Scraper Logs (TF Play History)
Roland Dyens,Fuoco (Libra Sonatine),Station-Specific,17,4,0,2026-10-06 17:58:03Z,2026-10-06 19:58:03 MESZ,Scraper Logs (TF Play History)
ROSALÍA,MALAMENTE (Cap.1: Augurio),Station-Specific,15,7,0,2026-10-08 14:38:53Z,2026-10-08 16:38:53 MESZ,Scraper Logs (TF Play History)
Roseanna Vitro,If I Didn't Have You (If I Didn't Have You),Station-Specific,11,4,0,2026-10-02 12:13:53Z,2026-10-02 14:13:53 MESZ,Scraper Logs (TF Play History)
Roxette,The Look,Station-Specific,10,8,0,2026-10-08 13:36:53Z,2026-10-08 15:36:53 MESZ,Scraper Logs (TF Play History)
Roxy Music,Bitter Sweet (Remastered 1999),Station-Specific,4,4,0,2026-10-07 22:45:17Z,2026-10-08 00:45:17 MESZ,Scraper Logs (TF Play History)
Roy Ayers Ubiquity,Everybody Loves The Sunshine,Station-Specific,116,6,0,2026-10-02 22:54:53Z,2026-10-03 00:54:53 MESZ,Scraper Logs (TF Play History)
Roy Orbison,"Oh, Pretty Woman",Station-Specific,20,6,0,2026-10-09 07:04:31Z,2026-10-09 09:04:31 MESZ,Scraper Logs (TF Play History)
Royal Blood,Boilermaker,Station-Specific,4,2,1,2026-10-09 13:22:31Z,2026-10-09 15:22:31 MESZ,Scraper Logs (TF Play History)
Rozen,Voice of NO Return,Station-Specific,3,0,0,2026-09-05 17:43:18Z,2026-09-05 19:43:18 MESZ,Scraper Logs (TF Play History)
Rufus,Ain't Nobody (Album Version),Station-Specific,86,9,1,2026-10-09 10:43:01Z,2026-10-09 12:43:01 MESZ,Scraper Logs (TF Play History)
Rufus Wainwright,Dinner At Eight,Station-Specific,23,6,0,2026-10-04 12:51:33Z,2026-10-04 14:51:33 MESZ,Scraper Logs (TF Play History)
Rumahoy,Forest Party,Station-Specific,6,2,0,2026-09-12 12:53:36Z,2026-09-12 14:53:36 MESZ,Scraper Logs (TF Play History)
Rush,Tom Sawyer,Station-Specific,20,6,0,2026-10-07 11:46:11Z,2026-10-07 13:46:11 MESZ,Scraper Logs (TF Play History)
Russian State Symphony Orchestra,Jazz Suite No. 2 - VI. Waltz 2,Station-Specific,3,3,0,2026-10-03 06:48:54Z,2026-10-03 08:48:54 MESZ,Scraper Logs (TF Play History)
RY X,Let You Go,Station-Specific,13,4,0,2026-10-08 18:43:53Z,2026-10-08 20:43:53 MESZ,Scraper Logs (TF Play History)
Ryuichi Sakamoto,andata,Station-Specific,80,8,0,2026-10-06 08:19:58Z,2026-10-06 10:19:58 MESZ,Scraper Logs (TF Play History)
Ryuichi Sakamoto,Bibo no Aozora,Station-Specific,17,5,0,2026-10-05 03:51:33Z,2026-10-05 05:51:33 MESZ,Scraper Logs (TF Play History)
Ryuichi Sakamoto,energy flow,Station-Specific,72,8,1,2026-10-10 06:08:01Z,2026-10-10 08:08:01 MESZ,Scraper Logs (TF Play History)
Ryuichi Sakamoto,Merry Christmas Mr. Lawrence,Station-Specific,68,5,0,2026-10-07 10:01:41Z,2026-10-07 12:01:41 MESZ,Scraper Logs (TF Play History)
Róisín Murphy,Murphy's Law (Album Version),Station-Specific,14,3,0,2026-10-06 15:11:33Z,2026-10-06 17:11:33 MESZ,Scraper Logs (TF Play History)
Röyksopp,Eple,Station-Specific,30,7,0,2026-10-09 01:36:56Z,2026-10-09 03:36:56 MESZ,Scraper Logs (TF Play History)
S Club,I Really Miss You,Station-Specific,5,2,1,2026-10-09 11:23:31Z,2026-10-09 13:23:31 MESZ,Scraper Logs (TF Play History)
Sabaton,The Last Stand,Station-Specific,6,3,0,2026-09-21 08:21:47Z,2026-09-21 10:21:47 MESZ,Scraper Logs (TF Play History)
Sade,By Your Side  (Remastered Version),Station-Specific,48,6,0,2026-10-02 21:59:23Z,2026-10-02 23:59:23 MESZ,Scraper Logs (TF Play History)
Sade,Cherish the Day  (Remastered Version),Station-Specific,83,5,0,2026-09-27 11:53:11Z,2026-09-27 13:53:11 MESZ,Scraper Logs (TF Play History)
Sade,Is It a Crime (Remastered Version),Station-Specific,40,4,0,2026-09-25 01:00:14Z,2026-09-25 03:00:14 MESZ,Scraper Logs (TF Play History)
Sade,Kiss of Life (Remastered Version),Station-Specific,83,6,0,2026-10-09 03:05:57Z,2026-10-09 05:05:57 MESZ,Scraper Logs (TF Play History)
Sade,No Ordinary Love  (Remastered Version),Station-Specific,95,3,0,2026-10-01 22:25:14Z,2026-10-02 00:25:14 MESZ,Scraper Logs (TF Play History)
Sade,Smooth Operator (2011 Remastered) (Remastered Version),Station-Specific,95,6,0,2026-10-05 11:47:39Z,2026-10-05 13:47:39 MESZ,Scraper Logs (TF Play History)
Sade,The Sweetest Taboo  (Remastered Version),Station-Specific,62,8,0,2026-10-07 08:10:41Z,2026-10-07 10:10:41 MESZ,Scraper Logs (TF Play History)
Sadie Jean,WYD Now?,Station-Specific,4,0,0,2026-09-05 15:30:18Z,2026-09-05 17:30:18 MESZ,Scraper Logs (TF Play History)
Saindra,Mil Besos,Station-Specific,12,4,0,2026-10-08 17:28:24Z,2026-10-08 19:28:24 MESZ,Scraper Logs (TF Play History)
Saint Etienne,Only Love Can Break Your Heart,Station-Specific,18,7,1,2026-10-09 23:25:01Z,2026-10-10 01:25:01 MESZ,Scraper Logs (TF Play History)
Salvador Sobral,Amar pelos Dois,Station-Specific,11,3,0,2026-10-05 23:24:50Z,2026-10-06 01:24:50 MESZ,Scraper Logs (TF Play History)
Sam Cooke,A Change Is Gonna Come,Station-Specific,85,8,0,2026-10-08 23:00:23Z,2026-10-09 01:00:23 MESZ,Scraper Logs (TF Play History)
Sampha,(No One Knows Me) Like the Piano,Station-Specific,53,5,0,2026-10-08 21:41:53Z,2026-10-08 23:41:53 MESZ,Scraper Logs (TF Play History)
Santana,Black Magic Woman,Station-Specific,18,5,0,2026-10-07 13:06:41Z,2026-10-07 15:06:41 MESZ,Scraper Logs (TF Play History)
Santana,Maria Maria,Station-Specific,9,8,0,2026-10-08 20:22:54Z,2026-10-08 22:22:54 MESZ,Scraper Logs (TF Play History)
Santana,Oye Como Va,Station-Specific,7,6,1,2026-10-09 12:16:31Z,2026-10-09 14:16:31 MESZ,Scraper Logs (TF Play History)
Santana,Samba Pa Ti,Station-Specific,11,10,0,2026-10-08 03:33:49Z,2026-10-08 05:33:49 MESZ,Scraper Logs (TF Play History)
Sarah McLachlan,Building a Mystery,Station-Specific,9,2,0,2026-10-04 13:12:05Z,2026-10-04 15:12:05 MESZ,Scraper Logs (TF Play History)
Sarah McLachlan,Fallen (Album Mix),Station-Specific,4,1,0,2026-09-27 13:36:13Z,2026-09-27 15:36:13 MESZ,Scraper Logs (TF Play History)
Sarah McLachlan,Sweet Surrender (Album Version),Station-Specific,4,1,0,2026-10-03 10:29:24Z,2026-10-03 12:29:24 MESZ,Scraper Logs (TF Play History)
Savath &  Savalas,Te Quiero Pero Por Otro Lado.,Station-Specific,16,7,1,2026-10-10 02:31:00Z,2026-10-10 04:31:00 MESZ,Scraper Logs (TF Play History)
Scorpions,Holiday (Remastered 2015),Station-Specific,5,5,0,2026-10-03 01:08:53Z,2026-10-03 03:08:53 MESZ,Scraper Logs (TF Play History)
Scorpions,Still Loving You (2011 Version),Station-Specific,14,5,0,2026-10-06 04:36:25Z,2026-10-06 06:36:25 MESZ,Scraper Logs (TF Play History)
Scott Carlin,Fragile,Station-Specific,1,1,0,2026-10-06 02:06:22Z,2026-10-06 04:06:22 MESZ,Scraper Logs (TF Play History)
Screamin' Jay Hawkins,I Put a Spell On You,Station-Specific,11,4,0,2026-10-08 21:15:24Z,2026-10-08 23:15:24 MESZ,Scraper Logs (TF Play History)
Sea Power,Instrument of Surrender,Station-Specific,7,2,0,2026-09-25 15:23:20Z,2026-09-25 17:23:20 MESZ,Scraper Logs (TF Play History)
Sea Power,La Revacholiere,Station-Specific,21,6,0,2026-10-08 05:33:21Z,2026-10-08 07:33:21 MESZ,Scraper Logs (TF Play History)
Sea Power,Polyhedrons,Station-Specific,9,3,0,2026-10-03 05:40:24Z,2026-10-03 07:40:24 MESZ,Scraper Logs (TF Play History)
Sea Power,"Whirling-In-Rags, 8 AM",Station-Specific,30,7,0,2026-10-06 05:11:56Z,2026-10-06 07:11:56 MESZ,Scraper Logs (TF Play History)
Seatbelts,Space Lion,Station-Specific,11,0,0,2026-08-30 02:09:40Z,2026-08-30 04:09:40 MESZ,Scraper Logs (TF Play History)
Sepultura,Roots Bloody Roots  (2017 Remaster),Station-Specific,7,4,0,2026-10-08 07:59:23Z,2026-10-08 09:59:23 MESZ,Scraper Logs (TF Play History)
Serge Clivio,Your Love Is King,Station-Specific,8,1,0,2026-10-01 10:58:13Z,2026-10-01 12:58:13 MESZ,Scraper Logs (TF Play History)
Sergio Mendes,Berimbau/Consolacao (Album Version),Station-Specific,17,8,0,2026-10-09 07:57:00Z,2026-10-09 09:57:00 MESZ,Scraper Logs (TF Play History)
Serú Girán,"Viernes, 3AM (2019 Remasterizado)",Station-Specific,20,6,0,2026-10-08 08:09:22Z,2026-10-08 10:09:22 MESZ,Scraper Logs (TF Play History)
Sex Pistols,Anarchy In The UK,Station-Specific,9,3,0,2026-09-18 17:17:56Z,2026-09-18 19:17:56 MESZ,Scraper Logs (TF Play History)
Shakatak,Night Birds,Station-Specific,24,8,0,2026-10-08 04:45:20Z,2026-10-08 06:45:20 MESZ,Scraper Logs (TF Play History)
Shakespears Sister,Stay,Station-Specific,2,2,0,2026-10-07 09:24:41Z,2026-10-07 11:24:41 MESZ,Scraper Logs (TF Play History)
Shearwater,Empty Orchestra,Station-Specific,10,5,2,2026-10-10 05:04:01Z,2026-10-10 07:04:01 MESZ,Scraper Logs (TF Play History)
Shellac,The End of Radio,Station-Specific,12,1,0,2026-09-18 22:48:26Z,2026-09-19 00:48:26 MESZ,Scraper Logs (TF Play History)
Sheryl Crow,All I Wanna Do,Station-Specific,16,6,0,2026-10-08 00:34:46Z,2026-10-08 02:34:46 MESZ,Scraper Logs (TF Play History)
Sheryl Crow,The First Cut Is The Deepest,Station-Specific,10,2,0,2026-10-05 13:30:10Z,2026-10-05 15:30:10 MESZ,Scraper Logs (TF Play History)
Shida Shahabi,Futō,Station-Specific,20,6,0,2026-09-27 06:48:05Z,2026-09-27 08:48:05 MESZ,Scraper Logs (TF Play History)
SHINee,Married To The Music,Station-Specific,19,8,0,2026-10-08 10:35:23Z,2026-10-08 12:35:23 MESZ,Scraper Logs (TF Play History)
Shira Kammen,"Downstream (Remastered, 2024)",Station-Specific,8,5,1,2026-10-10 00:31:31Z,2026-10-10 02:31:31 MESZ,Scraper Logs (TF Play History)
Siddhartha,00:00,Station-Specific,23,10,1,2026-10-09 14:20:01Z,2026-10-09 16:20:01 MESZ,Scraper Logs (TF Play History)
Sigur Rós,Hoppípolla,Station-Specific,76,8,0,2026-10-08 19:27:54Z,2026-10-08 21:27:54 MESZ,Scraper Logs (TF Play History)
Sigur Rós,Starálfur,Station-Specific,13,6,0,2026-10-06 06:15:56Z,2026-10-06 08:15:56 MESZ,Scraper Logs (TF Play History)
Sigur Rós,Sé Lest,Station-Specific,54,8,0,2026-10-08 08:27:53Z,2026-10-08 10:27:53 MESZ,Scraper Logs (TF Play History)
Sigur Rós,Untitled #3  (Samskeyti),Station-Specific,102,7,0,2026-10-09 05:09:59Z,2026-10-09 07:09:59 MESZ,Scraper Logs (TF Play History)
Silverchair,Ana's Song (Open Fire),Station-Specific,9,4,1,2026-10-09 20:57:31Z,2026-10-09 22:57:31 MESZ,Scraper Logs (TF Play History)
Silverchair,Anthem for the Year 2000 (Album Version),Station-Specific,17,8,1,2026-10-10 07:21:02Z,2026-10-10 09:21:02 MESZ,Scraper Logs (TF Play History)
Simon & Garfunkel,"Scarborough Fair (Live at Central Park, New York, NY - September 19, 1981)",Station-Specific,12,4,0,2026-10-03 11:17:24Z,2026-10-03 13:17:24 MESZ,Scraper Logs (TF Play History)
Simon & Garfunkel,The Boxer,Station-Specific,89,7,1,2026-10-09 16:25:31Z,2026-10-09 18:25:31 MESZ,Scraper Logs (TF Play History)
Simon Trpčeski,"Suite bergamasque, CD 82, L. 75: III. Clair de lune",Station-Specific,73,9,0,2026-10-09 06:40:31Z,2026-10-09 08:40:31 MESZ,Scraper Logs (TF Play History)
Simple Minds,Alive And Kicking (Remastered 2002),Station-Specific,18,2,0,2026-10-06 10:58:00Z,2026-10-06 12:58:00 MESZ,Scraper Logs (TF Play History)
Simple Minds,Don't You (Forget About Me),Station-Specific,18,7,0,2026-10-07 05:13:10Z,2026-10-07 07:13:10 MESZ,Scraper Logs (TF Play History)
Simple Minds,Someone Somewhere (In Summertime),Station-Specific,13,3,0,2026-10-05 11:01:08Z,2026-10-05 13:01:08 MESZ,Scraper Logs (TF Play History)
Sinéad O'Connor,Nothing Compares 2 U (2009 Remaster),Station-Specific,23,7,0,2026-10-08 12:13:23Z,2026-10-08 14:13:23 MESZ,Scraper Logs (TF Play History)
Siouxsie & The Banshees,Cities In Dust (Single Version),Station-Specific,7,3,0,2026-10-03 09:00:24Z,2026-10-03 11:00:24 MESZ,Scraper Logs (TF Play History)
Siouxsie & The Banshees,Spellbound,Station-Specific,2,2,0,2026-10-06 11:40:31Z,2026-10-06 13:40:31 MESZ,Scraper Logs (TF Play History)
Sir David Willcocks,"5 Tudor Portraits: No. 5, Scherzo. Jolly Rutterkin",Station-Specific,2,0,0,2026-09-10 04:26:47Z,2026-09-10 06:26:47 MESZ,Scraper Logs (TF Play History)
Sister Rosetta Tharpe,Up Above My Head There's Music In The Air,Station-Specific,17,5,0,2026-10-08 21:08:53Z,2026-10-08 23:08:53 MESZ,Scraper Logs (TF Play History)
Sister Sledge,Lost in Music (1995 Remaster) (LP Version),Station-Specific,50,8,0,2026-10-06 21:48:04Z,2026-10-06 23:48:04 MESZ,Scraper Logs (TF Play History)
Skid Row,I Remember You,Station-Specific,1,1,0,2026-09-22 18:04:30Z,2026-09-22 20:04:30 MESZ,Scraper Logs (TF Play History)
Skid Row,Quicksand Jesus,Station-Specific,1,1,0,2026-09-16 15:51:34Z,2026-09-16 17:51:34 MESZ,Scraper Logs (TF Play History)
Skindred,You Got This,Station-Specific,1,1,0,2026-09-15 08:59:56Z,2026-09-15 10:59:56 MESZ,Scraper Logs (TF Play History)
Sleeping At Last,Saturn,Station-Specific,9,3,0,2026-09-28 12:57:16Z,2026-09-28 14:57:16 MESZ,Scraper Logs (TF Play History)
Slowdive,Alison,Station-Specific,31,10,0,2026-10-07 17:07:42Z,2026-10-07 19:07:42 MESZ,Scraper Logs (TF Play History)
Slowdive,Erik's Song (Album Version),Station-Specific,29,7,0,2026-10-08 05:05:20Z,2026-10-08 07:05:20 MESZ,Scraper Logs (TF Play History)
Smash Mouth,All Star (Album Version),Station-Specific,6,1,0,2026-10-03 17:02:55Z,2026-10-03 19:02:55 MESZ,Scraper Logs (TF Play History)
Smash Mouth,Walkin' On The Sun,Station-Specific,11,3,0,2026-10-07 09:33:41Z,2026-10-07 11:33:41 MESZ,Scraper Logs (TF Play History)
Smith & Mighty,Same,Station-Specific,14,2,0,2026-10-07 20:07:13Z,2026-10-07 22:07:13 MESZ,Scraper Logs (TF Play History)
Smoke City,Underwater Love,Station-Specific,1,1,1,2026-10-09 15:00:31Z,2026-10-09 17:00:31 MESZ,Scraper Logs (TF Play History)
Sneaker Pimps,6 Underground,Station-Specific,21,5,0,2026-10-08 05:42:21Z,2026-10-08 07:42:21 MESZ,Scraper Logs (TF Play History)
Sneaker Pimps,How Do,Station-Specific,10,4,0,2026-09-27 11:38:41Z,2026-09-27 13:38:41 MESZ,Scraper Logs (TF Play History)
Soda Stereo,De Música Ligera (Remasterizado 2007),Station-Specific,26,7,0,2026-10-08 03:08:18Z,2026-10-08 05:08:18 MESZ,Scraper Logs (TF Play History)
Soda Stereo,En La Ciudad De La Furia (MTV Unplugged),Station-Specific,16,4,0,2026-09-27 20:39:44Z,2026-09-27 22:39:44 MESZ,Scraper Logs (TF Play History)
Soda Stereo,Luna Roja (Remasterizado 2007),Station-Specific,15,5,0,2026-10-07 22:06:43Z,2026-10-08 00:06:43 MESZ,Scraper Logs (TF Play History)
Soft Cell,Tainted Love,Station-Specific,17,7,0,2026-10-07 09:00:41Z,2026-10-07 11:00:41 MESZ,Scraper Logs (TF Play History)
Sol Gabetta,"Fantasiestücke, Op. 73 - Schumann: Fantasiestücke, Op. 73: No. 1, Zart und mit Ausdruck",Station-Specific,1,1,1,2026-10-10 05:53:31Z,2026-10-10 07:53:31 MESZ,Scraper Logs (TF Play History)
Solange,Cranes in the Sky,Station-Specific,90,8,0,2026-10-08 04:05:20Z,2026-10-08 06:05:20 MESZ,Scraper Logs (TF Play History)
Solarstone,Evensong,Station-Specific,11,4,0,2026-10-09 04:49:29Z,2026-10-09 06:49:29 MESZ,Scraper Logs (TF Play History)
Solisti e Orchestre del Cinema Italiano,L'uomo dell'armonica,Station-Specific,4,4,0,2026-10-06 17:33:03Z,2026-10-06 19:33:03 MESZ,Scraper Logs (TF Play History)
Sons Of Apollo,Desolate July,Station-Specific,1,1,0,2026-09-25 16:24:49Z,2026-09-25 18:24:49 MESZ,Scraper Logs (TF Play History)
Sophie Hunger,Le vent nous portera,Station-Specific,20,6,0,2026-10-08 18:00:23Z,2026-10-08 20:00:23 MESZ,Scraper Logs (TF Play History)
Sophie Hunger,Shape,Station-Specific,10,3,1,2026-10-09 20:53:31Z,2026-10-09 22:53:31 MESZ,Scraper Logs (TF Play History)
Soul Coughing,Screenwriter's Blues,Station-Specific,3,3,0,2026-10-09 04:44:29Z,2026-10-09 06:44:29 MESZ,Scraper Logs (TF Play History)
Soundgarden,Fell On Black Days (Album Version),Station-Specific,2,2,0,2026-10-06 12:59:31Z,2026-10-06 14:59:31 MESZ,Scraper Logs (TF Play History)
Soundgarden,Holy Water (Album Version),Station-Specific,8,5,0,2026-10-04 21:49:34Z,2026-10-04 23:49:34 MESZ,Scraper Logs (TF Play History)
Split Enz,I Got You,Station-Specific,5,5,0,2026-10-08 17:20:23Z,2026-10-08 19:20:23 MESZ,Scraper Logs (TF Play History)
St Germain,Rose rouge,Station-Specific,35,5,0,2026-10-02 22:58:53Z,2026-10-03 00:58:53 MESZ,Scraper Logs (TF Play History)
Stan Bush,The Touch,Station-Specific,4,2,0,2026-10-06 08:54:58Z,2026-10-06 10:54:58 MESZ,Scraper Logs (TF Play History)
Stan Getz,Corcovado (Quiet Nights Of Quiet Stars),Station-Specific,127,7,0,2026-10-04 02:07:59Z,2026-10-04 04:07:59 MESZ,Scraper Logs (TF Play History)
Stardust,Music Sounds Better With You,Station-Specific,4,4,0,2026-10-06 15:23:03Z,2026-10-06 17:23:03 MESZ,Scraper Logs (TF Play History)
Stars of the Lid,"Requiem for Dying Mothers, Pt. 1",Station-Specific,171,4,0,2026-10-04 06:12:05Z,2026-10-04 08:12:05 MESZ,Scraper Logs (TF Play History)
Stars of the Lid,"Requiem for Dying Mothers, Pt. 2",Station-Specific,108,10,0,2026-10-08 06:24:51Z,2026-10-08 08:24:51 MESZ,Scraper Logs (TF Play History)
Stealers Wheel,Stuck In The Middle With You,Station-Specific,13,4,1,2026-10-09 09:47:31Z,2026-10-09 11:47:31 MESZ,Scraper Logs (TF Play History)
Steely Dan,Almost Gothic (Album Version),Station-Specific,18,1,0,2026-09-16 15:21:34Z,2026-09-16 17:21:34 MESZ,Scraper Logs (TF Play History)
Steely Dan,Babylon Sisters,Station-Specific,50,4,0,2026-09-28 23:18:18Z,2026-09-29 01:18:18 MESZ,Scraper Logs (TF Play History)
Steely Dan,Home At Last,Station-Specific,24,5,0,2026-09-27 16:07:14Z,2026-09-27 18:07:14 MESZ,Scraper Logs (TF Play History)
Steely Dan,Jack of Speed (Album Version),Station-Specific,8,0,0,2026-09-02 16:46:23Z,2026-09-02 18:46:23 MESZ,Scraper Logs (TF Play History)
Steely Dan,Kid Charlemagne,Station-Specific,20,6,0,2026-09-29 15:12:27Z,2026-09-29 17:12:27 MESZ,Scraper Logs (TF Play History)
Steely Dan,Peg,Station-Specific,101,6,0,2026-09-28 15:38:16Z,2026-09-28 17:38:16 MESZ,Scraper Logs (TF Play History)
Steely Dan,Time Out Of Mind,Station-Specific,29,1,0,2026-09-10 18:20:21Z,2026-09-10 20:20:21 MESZ,Scraper Logs (TF Play History)
Steve Miller Band,The Joker,Station-Specific,6,2,0,2026-10-05 17:02:44Z,2026-10-05 19:02:44 MESZ,Scraper Logs (TF Play History)
Steve Roach,Living the Dream,Station-Specific,43,5,0,2026-09-24 06:10:11Z,2026-09-24 08:10:11 MESZ,Scraper Logs (TF Play History)
Stevie Ray Vaughan & Double Trouble,Pride and Joy,Station-Specific,18,7,0,2026-10-07 13:10:11Z,2026-10-07 15:10:11 MESZ,Scraper Logs (TF Play History)
Stevie Ray Vaughan & Double Trouble,Riviera Paradise,Station-Specific,24,6,0,2026-10-06 06:46:57Z,2026-10-06 08:46:57 MESZ,Scraper Logs (TF Play History)
Stevie Wonder,As,Station-Specific,19,2,0,2026-10-03 00:55:23Z,2026-10-03 02:55:23 MESZ,Scraper Logs (TF Play History)
Stevie Wonder,Go Home,Station-Specific,20,7,0,2026-10-02 22:22:23Z,2026-10-03 00:22:23 MESZ,Scraper Logs (TF Play History)
Stevie Wonder,Golden Lady,Station-Specific,130,5,0,2026-09-29 19:40:28Z,2026-09-29 21:40:28 MESZ,Scraper Logs (TF Play History)
Stevie Wonder,Happy Birthday,Station-Specific,8,1,0,2026-09-29 18:47:57Z,2026-09-29 20:47:57 MESZ,Scraper Logs (TF Play History)
Stevie Wonder,Higher Ground (Album Version),Station-Specific,62,5,0,2026-10-04 10:18:04Z,2026-10-04 12:18:04 MESZ,Scraper Logs (TF Play History)
Stevie Wonder,I Wish,Station-Specific,20,5,0,2026-10-05 12:28:40Z,2026-10-05 14:28:40 MESZ,Scraper Logs (TF Play History)
Stevie Wonder,Isn't She Lovely,Station-Specific,19,4,0,2026-10-04 22:05:34Z,2026-10-05 00:05:34 MESZ,Scraper Logs (TF Play History)
Stevie Wonder,Living For The City (Album Version),Station-Specific,19,4,0,2026-10-03 14:57:24Z,2026-10-03 16:57:24 MESZ,Scraper Logs (TF Play History)
Stevie Wonder,Master Blaster (Jammin'),Station-Specific,20,7,0,2026-10-07 08:34:11Z,2026-10-07 10:34:11 MESZ,Scraper Logs (TF Play History)
Stevie Wonder,Sir Duke,Station-Specific,27,6,0,2026-10-04 02:03:59Z,2026-10-04 04:03:59 MESZ,Scraper Logs (TF Play History)
Stevie Wonder,Summer Soft,Station-Specific,31,7,0,2026-10-04 13:50:03Z,2026-10-04 15:50:03 MESZ,Scraper Logs (TF Play History)
Stevie Wonder,Superstition (Album Version),Station-Specific,96,9,1,2026-10-10 02:01:31Z,2026-10-10 04:01:31 MESZ,Scraper Logs (TF Play History)
Stevie Wonder,You Haven't Done Nothin',Station-Specific,22,9,0,2026-10-09 00:05:55Z,2026-10-09 02:05:55 MESZ,Scraper Logs (TF Play History)
Still Woozy,Get Down,Station-Specific,1,1,0,2026-10-09 03:40:28Z,2026-10-09 05:40:28 MESZ,Scraper Logs (TF Play History)
Sting,Desert Rose (Album Version),Station-Specific,2,2,0,2026-10-08 00:53:16Z,2026-10-08 02:53:16 MESZ,Scraper Logs (TF Play History)
Sting,Fields Of Gold (My Songs Version),Station-Specific,1,1,0,2026-10-02 18:57:53Z,2026-10-02 20:57:53 MESZ,Scraper Logs (TF Play History)
Sting,If You Love Somebody Set Them Free (Single Edit),Station-Specific,3,3,0,2026-10-06 07:00:27Z,2026-10-06 09:00:27 MESZ,Scraper Logs (TF Play History)
Sting,Shape Of My Heart (My Songs Version),Station-Specific,1,1,0,2026-10-02 19:37:23Z,2026-10-02 21:37:23 MESZ,Scraper Logs (TF Play History)
Stratovarius,Black Diamond,Station-Specific,4,0,0,2026-09-07 01:50:28Z,2026-09-07 03:50:28 MESZ,Scraper Logs (TF Play History)
Studio Group,As - Sound-A-Like As Made Famous By: George Michael / Mary J. Blige,Station-Specific,1,0,0,2026-08-08 23:18:32Z,2026-08-09 01:18:32 MESZ,Scraper Logs (TF Play History)
Studio Group,Love Me Tender / Can't Help Falling In Love / Always On My Mind / Just Can't Help Believing / Love Me Tender (karaoke-version) As Made Famous By: Elvis Presley,Station-Specific,2,0,0,2026-08-31 18:46:20Z,2026-08-31 20:46:20 MESZ,Scraper Logs (TF Play History)
Styx,Mr. Roboto,Station-Specific,17,6,1,2026-10-09 17:38:31Z,2026-10-09 19:38:31 MESZ,Scraper Logs (TF Play History)
Suburban Kids With Biblical Names,Rent A Wreck,Station-Specific,11,3,0,2026-10-03 20:38:55Z,2026-10-03 22:38:55 MESZ,Scraper Logs (TF Play History)
Suede,Animal Nitrate,Station-Specific,3,3,0,2026-10-04 19:04:04Z,2026-10-04 21:04:04 MESZ,Scraper Logs (TF Play History)
Sufjan Stevens,Casimir Pulaski Day,Station-Specific,66,4,0,2026-10-08 18:51:53Z,2026-10-08 20:51:53 MESZ,Scraper Logs (TF Play History)
Sufjan Stevens,Fourth of July,Station-Specific,36,7,1,2026-10-09 09:09:01Z,2026-10-09 11:09:01 MESZ,Scraper Logs (TF Play History)
Sufjan Stevens,Mystery of Love,Station-Specific,95,6,0,2026-10-04 12:37:33Z,2026-10-04 14:37:33 MESZ,Scraper Logs (TF Play History)
Sufjan Stevens,Should Have Known Better,Station-Specific,80,5,1,2026-10-10 01:56:00Z,2026-10-10 03:56:00 MESZ,Scraper Logs (TF Play History)
Sukhwinder Singh,Chaiyya Chaiyya,Station-Specific,15,3,0,2026-10-07 05:05:40Z,2026-10-07 07:05:40 MESZ,Scraper Logs (TF Play History)
Sum 41,In Too Deep (Album Version),Station-Specific,8,3,0,2026-10-04 14:28:04Z,2026-10-04 16:28:04 MESZ,Scraper Logs (TF Play History)
Summon The Wolf,Ghost Story,Station-Specific,8,1,0,2026-09-28 20:49:17Z,2026-09-28 22:49:17 MESZ,Scraper Logs (TF Play History)
Sun Ra,Images,Station-Specific,25,6,0,2026-10-01 04:28:11Z,2026-10-01 06:28:11 MESZ,Scraper Logs (TF Play History)
Sun Ra Arkestra,It's After The End Of The World,Station-Specific,18,6,0,2026-10-08 15:16:23Z,2026-10-08 17:16:23 MESZ,Scraper Logs (TF Play History)
Sun's Signature,Golden Air,Station-Specific,15,3,0,2026-10-07 06:50:40Z,2026-10-07 08:50:40 MESZ,Scraper Logs (TF Play History)
Sun's Signature,Underwater,Station-Specific,16,3,0,2026-10-06 05:57:56Z,2026-10-06 07:57:56 MESZ,Scraper Logs (TF Play History)
Supercell,Melt (feat. Hatsune Miku),Station-Specific,16,6,0,2026-10-05 10:08:07Z,2026-10-05 12:08:07 MESZ,Scraper Logs (TF Play History)
Supercell,The World Is Mine (feat. Hatsune Miku),Station-Specific,19,3,0,2026-10-03 02:17:24Z,2026-10-03 04:17:24 MESZ,Scraper Logs (TF Play History)
Supernova,Chewbaca,Station-Specific,2,2,0,2026-10-06 14:30:03Z,2026-10-06 16:30:03 MESZ,Scraper Logs (TF Play History)
Susumu Yokota,Saku,Station-Specific,65,6,0,2026-10-07 04:39:41Z,2026-10-07 06:39:41 MESZ,Scraper Logs (TF Play History)
Suzanne Ciani,Improvisation On Four Sequences Pt.1,Station-Specific,42,3,0,2026-09-22 09:00:29Z,2026-09-22 11:00:29 MESZ,Scraper Logs (TF Play History)
Suzanne Ciani,Oceanium,Station-Specific,74,8,0,2026-10-08 06:07:51Z,2026-10-08 08:07:51 MESZ,Scraper Logs (TF Play History)
Swan Dive,Circle,Station-Specific,17,2,0,2026-10-02 21:46:23Z,2026-10-02 23:46:23 MESZ,Scraper Logs (TF Play History)
Swan Dive,Soundtrack to Me and You,Station-Specific,14,2,0,2026-09-27 08:17:37Z,2026-09-27 10:17:37 MESZ,Scraper Logs (TF Play History)
Swan Dive,Tender Love,Station-Specific,6,1,0,2026-10-03 10:44:54Z,2026-10-03 12:44:54 MESZ,Scraper Logs (TF Play History)
Swan Dive,Until,Station-Specific,8,3,0,2026-10-09 05:44:30Z,2026-10-09 07:44:30 MESZ,Scraper Logs (TF Play History)
SWV,Weak,Station-Specific,19,7,0,2026-10-08 04:28:20Z,2026-10-08 06:28:20 MESZ,Scraper Logs (TF Play History)
Synergy,Chateau,Station-Specific,26,5,0,2026-10-05 07:55:35Z,2026-10-05 09:55:35 MESZ,Scraper Logs (TF Play History)
T. Rex,Children Of The Revolution,Station-Specific,13,6,0,2026-10-08 16:45:25Z,2026-10-08 18:45:25 MESZ,Scraper Logs (TF Play History)
Taeko Onuki,4:00 A.M.,Station-Specific,18,4,0,2026-10-08 15:07:53Z,2026-10-08 17:07:53 MESZ,Scraper Logs (TF Play History)
Takako Mamiya,LOVE TRIP,Station-Specific,7,7,0,2026-10-08 23:22:24Z,2026-10-09 01:22:24 MESZ,Scraper Logs (TF Play History)
Takako Mamiya,Nagisade Dance,Station-Specific,9,9,0,2026-10-09 04:12:28Z,2026-10-09 06:12:28 MESZ,Scraper Logs (TF Play History)
Talk Talk,After The Flood,Station-Specific,26,4,0,2026-09-22 12:44:29Z,2026-09-22 14:44:29 MESZ,Scraper Logs (TF Play History)
Talk Talk,I Believe in You  (1997 Remaster),Station-Specific,26,5,0,2026-09-24 09:59:11Z,2026-09-24 11:59:11 MESZ,Scraper Logs (TF Play History)
Talk Talk,Life's What You Make It  (1997 Remaster),Station-Specific,33,7,0,2026-10-07 07:33:10Z,2026-10-07 09:33:10 MESZ,Scraper Logs (TF Play History)
Talk Talk,New Grass,Station-Specific,23,5,0,2026-09-26 01:41:53Z,2026-09-26 03:41:53 MESZ,Scraper Logs (TF Play History)
Talk Talk,Such a Shame  (1997 Remaster),Station-Specific,24,5,0,2026-10-06 14:32:03Z,2026-10-06 16:32:03 MESZ,Scraper Logs (TF Play History)
Talking Heads,Psycho Killer,Station-Specific,21,10,0,2026-10-08 12:23:53Z,2026-10-08 14:23:53 MESZ,Scraper Logs (TF Play History)
Talking Heads,This Must Be the Place (Naive Melody)  (2005 Remastered LP Version),Station-Specific,54,8,0,2026-10-07 08:28:41Z,2026-10-07 10:28:41 MESZ,Scraper Logs (TF Play History)
Tamara Živković,Nova Zora (Eurovision 2026),Station-Specific,7,7,0,2026-10-06 10:45:30Z,2026-10-06 12:45:30 MESZ,Scraper Logs (TF Play History)
Tame Impala,Is It True,Station-Specific,10,7,0,2026-10-08 08:48:53Z,2026-10-08 10:48:53 MESZ,Scraper Logs (TF Play History)
Tammy Wynette,Stand By Your Man (Album Version),Station-Specific,12,4,0,2026-10-06 18:52:04Z,2026-10-06 20:52:04 MESZ,Scraper Logs (TF Play History)
Tangerine Dream,Love On A Real Train,Station-Specific,26,7,0,2026-10-04 01:00:28Z,2026-10-04 03:00:28 MESZ,Scraper Logs (TF Play History)
Tangerine Dream,Stratosfear (Digital Remastered),Station-Specific,29,5,0,2026-09-23 09:14:32Z,2026-09-23 11:14:32 MESZ,Scraper Logs (TF Play History)
Tears For Fears,Everybody Wants To Rule The World,Station-Specific,28,9,0,2026-10-09 00:29:55Z,2026-10-09 02:29:55 MESZ,Scraper Logs (TF Play History)
Tears For Fears,Mad World,Station-Specific,24,8,0,2026-10-08 12:33:23Z,2026-10-08 14:33:23 MESZ,Scraper Logs (TF Play History)
Tenacious D,...Baby One More Time (from Kung Fu Panda 4),Station-Specific,4,2,0,2026-10-03 16:32:24Z,2026-10-03 18:32:24 MESZ,Scraper Logs (TF Play History)
Tenacious D,Tribute,Station-Specific,2,0,0,2026-09-10 04:21:47Z,2026-09-10 06:21:47 MESZ,Scraper Logs (TF Play History)
Teresa Teng,月亮代表我的心,Station-Specific,6,6,0,2026-10-08 13:02:23Z,2026-10-08 15:02:23 MESZ,Scraper Logs (TF Play History)
The 1975,Jesus Christ 2005 God Bless America,Station-Specific,12,4,1,2026-10-10 04:20:31Z,2026-10-10 06:20:31 MESZ,Scraper Logs (TF Play History)
The 1975,Robbers,Station-Specific,18,3,0,2026-10-07 19:56:42Z,2026-10-07 21:56:42 MESZ,Scraper Logs (TF Play History)
The 1975,Somebody Else,Station-Specific,15,3,1,2026-10-09 19:55:02Z,2026-10-09 21:55:02 MESZ,Scraper Logs (TF Play History)
The Altons,When You Go (That's When You'll Know),Station-Specific,30,8,1,2026-10-09 10:53:01Z,2026-10-09 12:53:01 MESZ,Scraper Logs (TF Play History)
The Animals,The House of the Rising Sun,Station-Specific,4,3,0,2026-09-29 16:09:27Z,2026-09-29 18:09:27 MESZ,Scraper Logs (TF Play History)
The Avett Brothers,The Ballad of Love and Hate,Station-Specific,7,3,0,2026-10-02 00:11:16Z,2026-10-02 02:11:16 MESZ,Scraper Logs (TF Play History)
The Band,The Weight (Remastered 2000),Station-Specific,5,5,0,2026-10-05 01:58:33Z,2026-10-05 03:58:33 MESZ,Scraper Logs (TF Play History)
The Beach Boys,God Only Knows (Stereo),Station-Specific,33,6,0,2026-10-01 16:59:44Z,2026-10-01 18:59:44 MESZ,Scraper Logs (TF Play History)
The Beatles,A Day In The Life (2017 Mix),Station-Specific,6,4,1,2026-10-09 17:05:03Z,2026-10-09 19:05:03 MESZ,Scraper Logs (TF Play History)
The Beatles,Get Back (2021 Mix),Station-Specific,10,7,1,2026-10-09 17:25:31Z,2026-10-09 19:25:31 MESZ,Scraper Logs (TF Play History)
The Beatles,Girl (Remastered),Station-Specific,10,7,1,2026-10-09 17:20:01Z,2026-10-09 19:20:01 MESZ,Scraper Logs (TF Play History)
The Beatles,Golden Slumbers (Remastered),Station-Specific,6,5,1,2026-10-09 11:31:01Z,2026-10-09 13:31:01 MESZ,Scraper Logs (TF Play History)
The Beatles,Octopus's Garden (Remastered),Station-Specific,8,5,1,2026-10-09 17:32:32Z,2026-10-09 19:32:32 MESZ,Scraper Logs (TF Play History)
The Beatles,Rain (Remastered),Station-Specific,16,7,1,2026-10-09 17:14:31Z,2026-10-09 19:14:31 MESZ,Scraper Logs (TF Play History)
The Beatles,Strawberry Fields Forever,Station-Specific,19,6,1,2026-10-09 16:48:31Z,2026-10-09 18:48:31 MESZ,Scraper Logs (TF Play History)
The Beatles,This Boy (Remastered),Station-Specific,14,6,1,2026-10-09 17:17:32Z,2026-10-09 19:17:32 MESZ,Scraper Logs (TF Play History)
The Beatles,With A Little Help From My Friends (2017 Mix),Station-Specific,10,5,1,2026-10-09 17:23:01Z,2026-10-09 19:23:01 MESZ,Scraper Logs (TF Play History)
The Blind Boys Of Alabama,Amazing Grace,Station-Specific,13,3,0,2026-09-25 11:48:19Z,2026-09-25 13:48:19 MESZ,Scraper Logs (TF Play History)
The Brothers Johnson,Strawberry Letter 23 (Album Version),Station-Specific,51,7,1,2026-10-09 23:02:31Z,2026-10-10 01:02:31 MESZ,Scraper Logs (TF Play History)
The Bulgarian Voices Angelite,Utopia,Station-Specific,23,8,0,2026-10-09 05:05:59Z,2026-10-09 07:05:59 MESZ,Scraper Logs (TF Play History)
The Carpenters,(They Long To Be) Close To You,Station-Specific,13,5,0,2026-10-08 00:20:15Z,2026-10-08 02:20:15 MESZ,Scraper Logs (TF Play History)
The Chills,Pink Frost,Station-Specific,5,5,0,2026-10-05 11:56:09Z,2026-10-05 13:56:09 MESZ,Scraper Logs (TF Play History)
The Chordettes,Mr. Sandman,Station-Specific,9,2,0,2026-09-24 09:51:11Z,2026-09-24 11:51:11 MESZ,Scraper Logs (TF Play History)
The Cinematic Orchestra,To Build A Home,Station-Specific,74,6,0,2026-10-04 09:06:05Z,2026-10-04 11:06:05 MESZ,Scraper Logs (TF Play History)
The Civil Wars,Poison & Wine,Station-Specific,40,10,1,2026-10-09 23:07:31Z,2026-10-10 01:07:31 MESZ,Scraper Logs (TF Play History)
The Civil Wars,The One That Got Away,Station-Specific,5,2,0,2026-10-03 15:19:54Z,2026-10-03 17:19:54 MESZ,Scraper Logs (TF Play History)
The Cranberries,Dreams,Station-Specific,25,7,0,2026-10-06 16:32:03Z,2026-10-06 18:32:03 MESZ,Scraper Logs (TF Play History)
The Crystal Method,Busy Child,Station-Specific,1,1,0,2026-10-09 02:03:56Z,2026-10-09 04:03:56 MESZ,Scraper Logs (TF Play History)
The Crystal Method,Cherry Twist,Station-Specific,1,1,1,2026-10-10 00:08:00Z,2026-10-10 02:08:00 MESZ,Scraper Logs (TF Play History)
The Cure,A Forest,Station-Specific,24,7,1,2026-10-10 03:02:01Z,2026-10-10 05:02:01 MESZ,Scraper Logs (TF Play History)
The Cure,Burn (Live),Station-Specific,13,4,0,2026-09-22 01:02:23Z,2026-09-22 03:02:23 MESZ,Scraper Logs (TF Play History)
The Cure,Just Like Heaven (Album Version),Station-Specific,4,4,0,2026-10-05 01:09:33Z,2026-10-05 03:09:33 MESZ,Scraper Logs (TF Play History)
The Cure,Lovesong  (2010 Remaster),Station-Specific,9,5,0,2026-10-05 11:11:08Z,2026-10-05 13:11:08 MESZ,Scraper Logs (TF Play History)
The Cure,Plainsong (Remastered),Station-Specific,19,8,0,2026-10-08 05:13:51Z,2026-10-08 07:13:51 MESZ,Scraper Logs (TF Play History)
The Cure,The Last Day Of Summer,Station-Specific,2,2,0,2026-09-28 23:24:49Z,2026-09-29 01:24:49 MESZ,Scraper Logs (TF Play History)
The Czech Philharmonic and Theatre,Lazing On a Sunday Afternoon,Station-Specific,5,3,0,2026-09-22 07:06:59Z,2026-09-22 09:06:59 MESZ,Scraper Logs (TF Play History)
The Doobie Brothers,What a Fool Believes,Station-Specific,78,5,1,2026-10-09 10:39:31Z,2026-10-09 12:39:31 MESZ,Scraper Logs (TF Play History)
The Doobie Brothers,You Belong to Me  (2016 Remaster),Station-Specific,6,1,0,2026-10-03 09:25:24Z,2026-10-03 11:25:24 MESZ,Scraper Logs (TF Play History)
The Doors,Riders on the Storm,Station-Specific,2,2,0,2026-10-03 13:55:54Z,2026-10-03 15:55:54 MESZ,Scraper Logs (TF Play History)
The Doors,Spanish Caravan,Station-Specific,5,5,1,2026-10-09 14:23:31Z,2026-10-09 16:23:31 MESZ,Scraper Logs (TF Play History)
The Edwin Hawkins Singers,Oh Happy Day,Station-Specific,15,6,0,2026-10-08 16:30:23Z,2026-10-08 18:30:23 MESZ,Scraper Logs (TF Play History)
THE FATBACK BAND,At Last,Station-Specific,8,5,0,2026-10-05 21:22:48Z,2026-10-05 23:22:48 MESZ,Scraper Logs (TF Play History)
"The Good, The Bad & The Queen",History Song,Station-Specific,4,4,1,2026-10-09 22:38:33Z,2026-10-10 00:38:33 MESZ,Scraper Logs (TF Play History)
The Green,Love I,Station-Specific,5,5,0,2026-10-09 01:40:26Z,2026-10-09 03:40:26 MESZ,Scraper Logs (TF Play History)
The Head And The Heart,Down in the Valley,Station-Specific,20,7,1,2026-10-09 21:29:31Z,2026-10-09 23:29:31 MESZ,Scraper Logs (TF Play History)
The Hollyridge Strings,Yesterday,Station-Specific,13,2,0,2026-09-17 23:06:44Z,2026-09-18 01:06:44 MESZ,Scraper Logs (TF Play History)
The Hu,Yuve Yuve Yu,Station-Specific,19,6,0,2026-10-08 08:18:22Z,2026-10-08 10:18:22 MESZ,Scraper Logs (TF Play History)
The Impressions,People Get Ready (Single Version),Station-Specific,20,8,0,2026-10-08 22:42:23Z,2026-10-09 00:42:23 MESZ,Scraper Logs (TF Play History)
The Ink Spots,If I Didn't Care,Station-Specific,24,8,0,2026-10-07 08:02:11Z,2026-10-07 10:02:11 MESZ,Scraper Logs (TF Play History)
The Ink Spots,Maybe,Station-Specific,30,6,0,2026-10-08 01:26:46Z,2026-10-08 03:26:46 MESZ,Scraper Logs (TF Play History)
The Isley Brothers,Between the Sheets,Station-Specific,109,5,0,2026-10-06 07:27:58Z,2026-10-06 09:27:58 MESZ,Scraper Logs (TF Play History)
The Jetzons,Hard Times,Station-Specific,10,2,0,2026-10-03 04:20:23Z,2026-10-03 06:20:23 MESZ,Scraper Logs (TF Play History)
The Jetzons,When the Sun Goes Down,Station-Specific,14,6,0,2026-10-02 05:22:52Z,2026-10-02 07:22:52 MESZ,Scraper Logs (TF Play History)
The Jetzons,You,Station-Specific,12,3,0,2026-10-04 11:47:04Z,2026-10-04 13:47:04 MESZ,Scraper Logs (TF Play History)
The Judds,Grandpa (Tell Me 'Bout The Good Old Days),Station-Specific,5,3,0,2026-10-06 18:11:03Z,2026-10-06 20:11:03 MESZ,Scraper Logs (TF Play History)
The Korgis,Everybody's Got To Learn Sometime,Station-Specific,14,5,0,2026-10-06 20:28:33Z,2026-10-06 22:28:33 MESZ,Scraper Logs (TF Play History)
The La's,There She Goes,Station-Specific,10,10,1,2026-10-09 15:40:01Z,2026-10-09 17:40:01 MESZ,Scraper Logs (TF Play History)
The Leeward Fits,Over the Rainbow (Israel Kamakawiwoʻole Cover),Station-Specific,4,2,0,2026-10-03 11:10:24Z,2026-10-03 13:10:24 MESZ,Scraper Logs (TF Play History)
The Magnetic Fields,Absolutely Cuckoo,Station-Specific,3,3,0,2026-10-03 17:32:54Z,2026-10-03 19:32:54 MESZ,Scraper Logs (TF Play History)
The Magnetic Fields,All My Little Words,Station-Specific,4,4,0,2026-10-09 03:31:58Z,2026-10-09 05:31:58 MESZ,Scraper Logs (TF Play History)
The Magnetic Fields,Born on a Train,Station-Specific,4,4,1,2026-10-10 02:10:31Z,2026-10-10 04:10:31 MESZ,Scraper Logs (TF Play History)
The Magnetic Fields,Papa Was a Rodeo,Station-Specific,2,2,0,2026-09-21 05:09:16Z,2026-09-21 07:09:16 MESZ,Scraper Logs (TF Play History)
The Magnetic Fields,The Book of Love,Station-Specific,6,6,1,2026-10-09 11:54:31Z,2026-10-09 13:54:31 MESZ,Scraper Logs (TF Play History)
The Mamas & The Papas,California Dreamin' (Single Version),Station-Specific,5,5,0,2026-10-07 00:26:36Z,2026-10-07 02:26:36 MESZ,Scraper Logs (TF Play History)
The Marías,Cariño,Station-Specific,10,5,0,2026-10-08 18:12:53Z,2026-10-08 20:12:53 MESZ,Scraper Logs (TF Play History)
The McCoys,Hang on Sloopy,Station-Specific,11,5,0,2026-10-05 08:39:36Z,2026-10-05 10:39:36 MESZ,Scraper Logs (TF Play History)
The National,Bloodbuzz Ohio (Live in Rome),Station-Specific,40,3,0,2026-09-22 19:22:30Z,2026-09-22 21:22:30 MESZ,Scraper Logs (TF Play History)
The O'Jays,Back Stabbers,Station-Specific,21,10,1,2026-10-09 21:06:31Z,2026-10-09 23:06:31 MESZ,Scraper Logs (TF Play History)
The Opium Cartel,Beach House,Station-Specific,19,5,0,2026-10-08 18:30:23Z,2026-10-08 20:30:23 MESZ,Scraper Logs (TF Play History)
The Orb,Blue Room  (Live),Station-Specific,13,1,0,2026-09-19 14:57:03Z,2026-09-19 16:57:03 MESZ,Scraper Logs (TF Play History)
The Orb,Earth (Gaia),Station-Specific,25,5,1,2026-10-10 06:25:01Z,2026-10-10 08:25:01 MESZ,Scraper Logs (TF Play History)
The Orb,Spanish Castles In Space,Station-Specific,16,3,1,2026-10-09 12:03:31Z,2026-10-09 14:03:31 MESZ,Scraper Logs (TF Play History)
The Original Movies Orchestra,"A Clockwork Orange Title Music (From ""A Clockwork Orange"")",Station-Specific,9,1,0,2026-09-22 07:08:59Z,2026-09-22 09:08:59 MESZ,Scraper Logs (TF Play History)
The Platters,The Great Pretender (Single Version),Station-Specific,32,7,1,2026-10-10 01:50:00Z,2026-10-10 03:50:00 MESZ,Scraper Logs (TF Play History)
The Police,Message In A Bottle (Remastered 2003),Station-Specific,1,1,0,2026-10-02 19:32:23Z,2026-10-02 21:32:23 MESZ,Scraper Logs (TF Play History)
The Police,Roxanne (Remastered 2003),Station-Specific,2,2,0,2026-10-06 15:58:03Z,2026-10-06 17:58:03 MESZ,Scraper Logs (TF Play History)
The Police,Walking On The Moon (Remastered 2003),Station-Specific,9,9,1,2026-10-09 11:45:01Z,2026-10-09 13:45:01 MESZ,Scraper Logs (TF Play History)
The Postal Service,Such Great Heights (Remastered),Station-Specific,9,7,1,2026-10-09 20:26:01Z,2026-10-09 22:26:01 MESZ,Scraper Logs (TF Play History)
The Proclaimers,I'm Gonna Be (500 Miles),Station-Specific,13,8,1,2026-10-09 19:47:32Z,2026-10-09 21:47:32 MESZ,Scraper Logs (TF Play History)
The Psychedelic Furs,The Ghost In You,Station-Specific,9,4,0,2026-10-04 14:31:34Z,2026-10-04 16:31:34 MESZ,Scraper Logs (TF Play History)
The Rah Band,Clouds Across the Moon,Station-Specific,3,3,0,2026-10-02 13:16:52Z,2026-10-02 15:16:52 MESZ,Scraper Logs (TF Play History)
The Rah Band,Messages from the Stars (Remaster),Station-Specific,22,3,0,2026-09-23 20:32:34Z,2026-09-23 22:32:34 MESZ,Scraper Logs (TF Play History)
The Ray Charles Singers,Sweet Little Mountain Bird,Station-Specific,3,1,0,2026-09-18 12:34:54Z,2026-09-18 14:34:54 MESZ,Scraper Logs (TF Play History)
The Ray Conniff Singers,"Somewhere, My Love (Lara's Theme from ""Doctor Zhivago"") (Album Version)",Station-Specific,6,1,0,2026-09-14 12:35:23Z,2026-09-14 14:35:23 MESZ,Scraper Logs (TF Play History)
The Replacements,Answering Machine,Station-Specific,14,4,0,2026-10-04 21:01:34Z,2026-10-04 23:01:34 MESZ,Scraper Logs (TF Play History)
The Replacements,Left of the Dial (Ed Stasium Mix),Station-Specific,19,6,0,2026-10-09 02:15:26Z,2026-10-09 04:15:26 MESZ,Scraper Logs (TF Play History)
The Rolling Stones,Sweet Sounds Of Heaven,Station-Specific,10,3,0,2026-10-05 08:30:36Z,2026-10-05 10:30:36 MESZ,Scraper Logs (TF Play History)
The Rolling Stones,You Can't Always Get What You Want,Station-Specific,6,6,0,2026-10-03 01:15:23Z,2026-10-03 03:15:23 MESZ,Scraper Logs (TF Play History)
The Script feat. will.i.am,Hall of Fame,Station-Specific,7,4,0,2026-10-06 00:54:51Z,2026-10-06 02:54:51 MESZ,Scraper Logs (TF Play History)
The Smashing Pumpkins,1979,Station-Specific,25,6,1,2026-10-09 22:29:31Z,2026-10-10 00:29:31 MESZ,Scraper Logs (TF Play History)
The Smile,The Smoke,Station-Specific,3,1,0,2026-10-03 09:21:54Z,2026-10-03 11:21:54 MESZ,Scraper Logs (TF Play History)
The Smiths,I Know It's Over,Station-Specific,4,4,1,2026-10-09 18:49:31Z,2026-10-09 20:49:31 MESZ,Scraper Logs (TF Play History)
The Soul Stirrers,Touch The Hem Of His Garment,Station-Specific,21,8,1,2026-10-10 00:00:31Z,2026-10-10 02:00:31 MESZ,Scraper Logs (TF Play History)
The Staple Singers,I'll Take You There,Station-Specific,42,8,1,2026-10-10 00:12:30Z,2026-10-10 02:12:30 MESZ,Scraper Logs (TF Play History)
The Strokes,Lonely in the Future,Station-Specific,11,5,0,2026-10-05 00:55:33Z,2026-10-05 02:55:33 MESZ,Scraper Logs (TF Play History)
The Strokes,Ode To The Mets,Station-Specific,19,4,1,2026-10-10 04:06:01Z,2026-10-10 06:06:01 MESZ,Scraper Logs (TF Play History)
The Style Council,Iwasadoledadstoyboy,Station-Specific,13,2,0,2026-09-28 02:46:44Z,2026-09-28 04:46:44 MESZ,Scraper Logs (TF Play History)
The Sundays,Folk Song,Station-Specific,20,8,1,2026-10-09 17:57:31Z,2026-10-09 19:57:31 MESZ,Scraper Logs (TF Play History)
The Sundays,Wild Horses,Station-Specific,12,5,0,2026-10-07 03:02:39Z,2026-10-07 05:02:39 MESZ,Scraper Logs (TF Play History)
The Supremes,Automatically Sunshine,Station-Specific,21,9,1,2026-10-09 08:17:01Z,2026-10-09 10:17:01 MESZ,Scraper Logs (TF Play History)
THE TEARDROP EXPLODES,Reward,Station-Specific,4,4,0,2026-10-07 22:50:44Z,2026-10-08 00:50:44 MESZ,Scraper Logs (TF Play History)
The Temprees,At Last,Station-Specific,6,2,0,2026-10-01 10:09:13Z,2026-10-01 12:09:13 MESZ,Scraper Logs (TF Play History)
The Temptations,At Last (Album Version),Station-Specific,5,1,0,2026-10-03 09:29:24Z,2026-10-03 11:29:24 MESZ,Scraper Logs (TF Play History)
The Temptations,Papa Was A Rollin' Stone (Full Version),Station-Specific,51,7,1,2026-10-10 03:12:01Z,2026-10-10 05:12:01 MESZ,Scraper Logs (TF Play History)
The Tragically Hip,Long Time Running,Station-Specific,10,6,0,2026-10-06 22:16:33Z,2026-10-07 00:16:33 MESZ,Scraper Logs (TF Play History)
The Tragically Hip,New Orleans Is Sinking,Station-Specific,13,5,1,2026-10-09 23:15:31Z,2026-10-10 01:15:31 MESZ,Scraper Logs (TF Play History)
The Undertones,Teenage Kicks,Station-Specific,3,3,0,2026-10-04 09:12:33Z,2026-10-04 11:12:33 MESZ,Scraper Logs (TF Play History)
The Vampire Lestat,Brutal Love,Station-Specific,4,1,1,2026-10-09 15:42:31Z,2026-10-09 17:42:31 MESZ,Scraper Logs (TF Play History)
The Vampire Lestat,Dancing With Myself,Station-Specific,3,0,0,2026-07-31 02:35:56Z,2026-07-31 04:35:56 MESZ,Scraper Logs (TF Play History)
The Vampire Lestat,La Fontaine De Sang,Station-Specific,1,0,0,2026-08-27 19:49:19Z,2026-08-27 21:49:19 MESZ,Scraper Logs (TF Play History)
The Velvet Underground,Sweet Jane   (Full Length Versio,Station-Specific,13,0,0,2026-09-05 10:40:18Z,2026-09-05 12:40:18 MESZ,Scraper Logs (TF Play History)
The Velvet Underground,Sweet Jane   (Full Length Version; 2015 Remaster),Station-Specific,7,7,0,2026-10-05 16:11:43Z,2026-10-05 18:11:43 MESZ,Scraper Logs (TF Play History)
The Verve,The Drugs Don't Work (Remastered 2016),Station-Specific,3,3,0,2026-10-07 08:42:41Z,2026-10-07 10:42:41 MESZ,Scraper Logs (TF Play History)
The War On Drugs,Under The Pressure,Station-Specific,12,4,1,2026-10-09 22:09:01Z,2026-10-10 00:09:01 MESZ,Scraper Logs (TF Play History)
The Weeknd,After Hours,Station-Specific,16,4,0,2026-09-20 16:25:41Z,2026-09-20 18:25:41 MESZ,Scraper Logs (TF Play History)
The Weeknd,Call Out My Name,Station-Specific,6,4,0,2026-10-03 20:01:25Z,2026-10-03 22:01:25 MESZ,Scraper Logs (TF Play History)
The Weeknd,Secrets,Station-Specific,7,7,0,2026-10-02 04:10:50Z,2026-10-02 06:10:50 MESZ,Scraper Logs (TF Play History)
The Weepies,Gotta Have You,Station-Specific,33,9,0,2026-10-08 02:52:48Z,2026-10-08 04:52:48 MESZ,Scraper Logs (TF Play History)
The White Stripes,Seven Nation Army,Station-Specific,29,7,1,2026-10-10 07:52:03Z,2026-10-10 09:52:03 MESZ,Scraper Logs (TF Play History)
The Winstons,Amen Brother,Station-Specific,20,8,1,2026-10-10 04:45:01Z,2026-10-10 06:45:01 MESZ,Scraper Logs (TF Play History)
The xx,Intro,Station-Specific,1,1,0,2026-09-16 10:07:04Z,2026-09-16 12:07:04 MESZ,Scraper Logs (TF Play History)
Thee Sacred Souls,Live For You,Station-Specific,27,6,0,2026-09-29 12:49:57Z,2026-09-29 14:49:57 MESZ,Scraper Logs (TF Play History)
Thelonious Monk,'Round Midnight (Remastered 2013),Station-Specific,94,7,0,2026-10-01 19:01:43Z,2026-10-01 21:01:43 MESZ,Scraper Logs (TF Play History)
Thievery Corporation,Facing East,Station-Specific,46,4,0,2026-10-03 04:16:53Z,2026-10-03 06:16:53 MESZ,Scraper Logs (TF Play History)
Thievery Corporation,Le Coeur,Station-Specific,52,6,0,2026-10-09 01:56:57Z,2026-10-09 03:56:57 MESZ,Scraper Logs (TF Play History)
Thievery Corporation,Lebanese Blonde,Station-Specific,59,6,0,2026-10-05 23:19:20Z,2026-10-06 01:19:20 MESZ,Scraper Logs (TF Play History)
Thievery Corporation,Omid,Station-Specific,13,6,0,2026-10-09 00:25:25Z,2026-10-09 02:25:25 MESZ,Scraper Logs (TF Play History)
Thin Lizzy,Emerald,Station-Specific,15,6,0,2026-10-04 16:06:34Z,2026-10-04 18:06:34 MESZ,Scraper Logs (TF Play History)
This Mortal Coil,Song To The Siren,Station-Specific,23,7,0,2026-10-07 17:03:42Z,2026-10-07 19:03:42 MESZ,Scraper Logs (TF Play History)
Thom Yorke,5.17,Station-Specific,11,3,0,2026-10-05 09:56:07Z,2026-10-05 11:56:07 MESZ,Scraper Logs (TF Play History)
Thorsten Quaeschning,Rain On Dry Concrete,Station-Specific,37,14,0,2026-10-08 05:57:51Z,2026-10-08 07:57:51 MESZ,Scraper Logs (TF Play History)
"THREESOME (Marlene, Jiro Yoshida, Makoto Kuriya)",Memories of Tomorrow (The Koln Concert - Part IIc),Station-Specific,10,1,0,2026-09-10 10:19:51Z,2026-09-10 12:19:51 MESZ,Scraper Logs (TF Play History)
TilaR,More Than A Friend,Station-Specific,1,0,0,2026-08-14 02:43:48Z,2026-08-14 04:43:48 MESZ,Scraper Logs (TF Play History)
Tilda Swinton,Richter: Shadow Journal,Station-Specific,10,10,0,2026-10-04 06:18:32Z,2026-10-04 08:18:32 MESZ,Scraper Logs (TF Play History)
Tim Cappello,I Still Believe,Station-Specific,13,2,0,2026-10-06 05:05:25Z,2026-10-06 07:05:25 MESZ,Scraper Logs (TF Play History)
Tim Curry,Sweet Transvestite,Station-Specific,1,0,0,2026-08-26 17:18:14Z,2026-08-26 19:18:14 MESZ,Scraper Logs (TF Play History)
Tim Hecker,Black Refraction,Station-Specific,80,2,0,2026-09-30 06:50:04Z,2026-09-30 08:50:04 MESZ,Scraper Logs (TF Play History)
Tim Hecker,Harmony in Blue I,Station-Specific,61,4,0,2026-10-03 05:54:24Z,2026-10-03 07:54:24 MESZ,Scraper Logs (TF Play History)
Tim Hecker,In the Fog I,Station-Specific,96,4,0,2026-09-30 06:45:04Z,2026-09-30 08:45:04 MESZ,Scraper Logs (TF Play History)
Tim Hecker,In the Fog II,Station-Specific,113,4,0,2026-09-26 11:12:56Z,2026-09-26 13:12:56 MESZ,Scraper Logs (TF Play History)
Tim Maia,Réu Confesso,Station-Specific,60,9,0,2026-10-09 07:08:00Z,2026-10-09 09:08:00 MESZ,Scraper Logs (TF Play History)
Tina Turner,The Best,Station-Specific,21,5,0,2026-10-08 00:24:15Z,2026-10-08 02:24:15 MESZ,Scraper Logs (TF Play History)
Tinariwen,Sastanàqqàm,Station-Specific,48,12,1,2026-10-09 11:37:31Z,2026-10-09 13:37:31 MESZ,Scraper Logs (TF Play History)
Tiny Habits,Right In Front Of Me,Station-Specific,16,5,1,2026-10-09 16:42:31Z,2026-10-09 18:42:31 MESZ,Scraper Logs (TF Play History)
Tiny Tim,Tip Toe Thru' the Tulips with Me (Single Version),Station-Specific,7,1,0,2026-09-13 19:02:45Z,2026-09-13 21:02:45 MESZ,Scraper Logs (TF Play History)
Tlahoun Gessesse,Tchuheten Betsemu,Station-Specific,31,10,1,2026-10-10 07:56:02Z,2026-10-10 09:56:02 MESZ,Scraper Logs (TF Play History)
toe,Goodbye (Live),Station-Specific,18,5,0,2026-09-25 09:37:18Z,2026-09-25 11:37:18 MESZ,Scraper Logs (TF Play History)
Tom Jones,Cwm Rhondda,Station-Specific,2,2,0,2026-09-22 07:57:59Z,2026-09-22 09:57:59 MESZ,Scraper Logs (TF Play History)
Tom Konkle,Camouflage (Acoustic Mix),Station-Specific,2,1,0,2026-09-16 10:17:34Z,2026-09-16 12:17:34 MESZ,Scraper Logs (TF Play History)
Tom Konkle,Camouflage (Album Mix),Station-Specific,2,0,0,2026-06-20 19:07:17Z,2026-06-20 21:07:17 MESZ,Scraper Logs (TF Play History)
Tom Konkle,Children of No Horizon,Station-Specific,2,2,0,2026-09-17 19:18:13Z,2026-09-17 21:18:13 MESZ,Scraper Logs (TF Play History)
Tom Konkle,Fail Upward For A Change,Station-Specific,1,0,0,2026-06-20 12:03:16Z,2026-06-20 14:03:16 MESZ,Scraper Logs (TF Play History)
Tom Konkle,Life Without The Living,Station-Specific,4,0,0,2026-08-25 08:33:03Z,2026-08-25 10:33:03 MESZ,Scraper Logs (TF Play History)
Tom Konkle,Light Bulb In My Head,Station-Specific,6,0,0,2026-08-23 13:50:19Z,2026-08-23 15:50:19 MESZ,Scraper Logs (TF Play History)
Tom Konkle,Losing Faith,Station-Specific,6,1,0,2026-09-12 01:59:34Z,2026-09-12 03:59:34 MESZ,Scraper Logs (TF Play History)
Tom Konkle,Manipulation (The Dance),Station-Specific,4,0,0,2026-08-12 20:08:53Z,2026-08-12 22:08:53 MESZ,Scraper Logs (TF Play History)
Tom Konkle,Name On A Screen,Station-Specific,6,1,0,2026-09-16 18:43:34Z,2026-09-16 20:43:34 MESZ,Scraper Logs (TF Play History)
Tom Konkle,One Last Time,Station-Specific,5,2,0,2026-09-17 07:17:42Z,2026-09-17 09:17:42 MESZ,Scraper Logs (TF Play History)
Tom Konkle,When Did Love Become A Test,Station-Specific,2,0,0,2026-08-13 17:17:43Z,2026-08-13 19:17:43 MESZ,Scraper Logs (TF Play History)
Tom Lehrer,Poisoning Pigeons in the Park,Station-Specific,11,3,0,2026-09-29 16:02:27Z,2026-09-29 18:02:27 MESZ,Scraper Logs (TF Play History)
Tom Misch,Disco Yes,Station-Specific,43,8,1,2026-10-09 09:04:31Z,2026-10-09 11:04:31 MESZ,Scraper Logs (TF Play History)
Tom Misch,It Runs Through Me (feat. De La Soul),Station-Specific,45,8,1,2026-10-10 04:25:01Z,2026-10-10 06:25:01 MESZ,Scraper Logs (TF Play History)
Tom Novy,Superstar  (The Jason Nevins' Live Peep Show Mix),Station-Specific,1,1,0,2026-09-15 15:04:56Z,2026-09-15 17:04:56 MESZ,Scraper Logs (TF Play History)
Tom Petty,I Won't Back Down,Station-Specific,15,5,0,2026-10-04 03:01:30Z,2026-10-04 05:01:30 MESZ,Scraper Logs (TF Play History)
Tom Petty,Runnin' Down A Dream,Station-Specific,20,9,1,2026-10-09 19:01:37Z,2026-10-09 21:01:37 MESZ,Scraper Logs (TF Play History)
Tom Petty & The Heartbreakers,American Girl,Station-Specific,30,7,0,2026-10-08 21:49:23Z,2026-10-08 23:49:23 MESZ,Scraper Logs (TF Play History)
Tom Waits,House Where Nobody Lives,Station-Specific,37,8,1,2026-10-09 14:56:31Z,2026-10-09 16:56:31 MESZ,Scraper Logs (TF Play History)
Tomaso Albinoni,Adagio in G Minor,Station-Specific,8,6,1,2026-10-10 06:46:32Z,2026-10-10 08:46:32 MESZ,Scraper Logs (TF Play History)
Tomohisa Okudo,Always with Me,Station-Specific,8,4,0,2026-10-07 06:46:10Z,2026-10-07 08:46:10 MESZ,Scraper Logs (TF Play History)
Toni Braxton,Un-Break My Heart,Station-Specific,25,6,0,2026-10-08 04:33:50Z,2026-10-08 06:33:50 MESZ,Scraper Logs (TF Play History)
Tonto's Expanding Head Band,Cybernaut,Station-Specific,28,6,1,2026-10-09 09:25:31Z,2026-10-09 11:25:31 MESZ,Scraper Logs (TF Play History)
Tony Bennett & Faith Hill,The Way You Look Tonight,Station-Specific,34,6,0,2026-10-08 01:19:16Z,2026-10-08 03:19:16 MESZ,Scraper Logs (TF Play History)
TOOL,Lateralus,Station-Specific,16,2,0,2026-09-18 19:57:55Z,2026-09-18 21:57:55 MESZ,Scraper Logs (TF Play History)
Tori Amos,A Sorta Fairytale (2023 Remaster),Station-Specific,6,1,0,2026-10-05 00:35:03Z,2026-10-05 02:35:03 MESZ,Scraper Logs (TF Play History)
Tori Amos,Rattlesnakes,Station-Specific,5,1,0,2026-10-03 10:40:24Z,2026-10-03 12:40:24 MESZ,Scraper Logs (TF Play History)
Tori Amos,Winter,Station-Specific,10,1,0,2026-09-16 16:52:04Z,2026-09-16 18:52:04 MESZ,Scraper Logs (TF Play History)
Toto,Africa,Station-Specific,86,7,0,2026-10-07 16:35:43Z,2026-10-07 18:35:43 MESZ,Scraper Logs (TF Play History)
Toto,Georgy Porgy (album version),Station-Specific,46,6,0,2026-09-29 15:45:27Z,2026-09-29 17:45:27 MESZ,Scraper Logs (TF Play History)
Toto,Rosanna (Album Version),Station-Specific,72,6,0,2026-10-06 16:22:33Z,2026-10-06 18:22:33 MESZ,Scraper Logs (TF Play History)
Tracy Chapman,Fast Car (LP Version),Station-Specific,22,9,1,2026-10-09 14:39:01Z,2026-10-09 16:39:01 MESZ,Scraper Logs (TF Play History)
Train,Drops of Jupiter (Tell Me),Station-Specific,5,2,1,2026-10-09 18:29:01Z,2026-10-09 20:29:01 MESZ,Scraper Logs (TF Play History)
Tribal Seeds,In Your Eyes,Station-Specific,11,4,1,2026-10-09 21:13:31Z,2026-10-09 23:13:31 MESZ,Scraper Logs (TF Play History)
Tricky,Hell Is Round The Corner,Station-Specific,37,7,0,2026-10-07 23:45:45Z,2026-10-08 01:45:45 MESZ,Scraper Logs (TF Play History)
Tubeway Army,Are 'Friends' Electric? (1998 Remaster),Station-Specific,10,5,0,2026-10-02 16:34:23Z,2026-10-02 18:34:23 MESZ,Scraper Logs (TF Play History)
Turnstile,BLACKOUT,Station-Specific,5,3,0,2026-10-03 05:37:53Z,2026-10-03 07:37:53 MESZ,Scraper Logs (TF Play History)
TV Girl,Hate Yourself,Station-Specific,6,0,0,2026-09-06 10:37:54Z,2026-09-06 12:37:54 MESZ,Scraper Logs (TF Play History)
TV Girl,Lovers Rock,Station-Specific,1,1,0,2026-10-09 03:47:28Z,2026-10-09 05:47:28 MESZ,Scraper Logs (TF Play History)
TV Girl,Loving Machine,Station-Specific,17,0,0,2026-09-09 21:31:13Z,2026-09-09 23:31:13 MESZ,Scraper Logs (TF Play History)
Tycho,Awake,Station-Specific,101,5,0,2026-10-04 05:30:04Z,2026-10-04 07:30:04 MESZ,Scraper Logs (TF Play History)
Tyler Childers,Feathered Indians,Station-Specific,22,5,0,2026-10-07 18:27:43Z,2026-10-07 20:27:43 MESZ,Scraper Logs (TF Play History)
"Tyler, The Creator",Ring Ring Ring,Station-Specific,9,5,0,2026-10-07 23:53:15Z,2026-10-08 01:53:15 MESZ,Scraper Logs (TF Play History)
U2,All Along The Watchtower (Live - Rattle & Hum Version),Station-Specific,1,1,0,2026-09-18 20:17:55Z,2026-09-18 22:17:55 MESZ,Scraper Logs (TF Play History)
U2,Angel Of Harlem,Station-Specific,2,2,0,2026-09-27 14:20:14Z,2026-09-27 16:20:14 MESZ,Scraper Logs (TF Play History)
U2,Beautiful Day (Remastered 2020),Station-Specific,4,2,0,2026-09-26 12:40:26Z,2026-09-26 14:40:26 MESZ,Scraper Logs (TF Play History)
U2,New Year's Day (Remastered 2008),Station-Specific,3,3,0,2026-10-06 13:34:32Z,2026-10-06 15:34:32 MESZ,Scraper Logs (TF Play History)
U2,One (Remastered 2011),Station-Specific,1,1,0,2026-09-19 22:20:33Z,2026-09-20 00:20:33 MESZ,Scraper Logs (TF Play History)
U2,The Fly (Remastered 2011),Station-Specific,1,1,0,2026-09-22 17:50:30Z,2026-09-22 19:50:30 MESZ,Scraper Logs (TF Play History)
U2,When Love Comes To Town (Album Version),Station-Specific,6,6,0,2026-10-09 04:23:28Z,2026-10-09 06:23:28 MESZ,Scraper Logs (TF Play History)
Ulrich Schnauss,I Take Comfort in Your Ignorance (2019 Version),Station-Specific,32,5,0,2026-10-01 07:25:42Z,2026-10-01 09:25:42 MESZ,Scraper Logs (TF Play History)
Underscores,Do It,Station-Specific,5,2,0,2026-10-02 01:51:48Z,2026-10-02 03:51:48 MESZ,Scraper Logs (TF Play History)
Unkle,Rabbit in Your Headlights,Station-Specific,19,5,0,2026-10-08 05:46:21Z,2026-10-08 07:46:21 MESZ,Scraper Logs (TF Play History)
Vangelis,La petite fille de la mer,Station-Specific,25,10,0,2026-10-09 06:20:30Z,2026-10-09 08:20:30 MESZ,Scraper Logs (TF Play History)
Vanilla Ice,Ninja Rap,Station-Specific,8,3,0,2026-10-04 01:21:58Z,2026-10-04 03:21:58 MESZ,Scraper Logs (TF Play History)
Various Interprets,At Last,Station-Specific,5,3,0,2026-09-27 15:48:14Z,2026-09-27 17:48:14 MESZ,Scraper Logs (TF Play History)
Various Interprets,Come Tomorrow (Duet With Barry Gibb (Album Version)),Station-Specific,4,1,0,2026-09-17 01:32:07Z,2026-09-17 03:32:07 MESZ,Scraper Logs (TF Play History)
VAST,Thrown Away,Station-Specific,5,3,0,2026-10-06 14:38:03Z,2026-10-06 16:38:03 MESZ,Scraper Logs (TF Play History)
Vaya Con Dios,Nah Neh Nah,Station-Specific,9,3,0,2026-10-08 00:39:46Z,2026-10-08 02:39:46 MESZ,Scraper Logs (TF Play History)
Vengaboys,We Like To Party! (The Vengabus),Station-Specific,8,2,0,2026-10-07 09:57:11Z,2026-10-07 11:57:11 MESZ,Scraper Logs (TF Play History)
Vicente Fernández,El Rey,Station-Specific,15,5,0,2026-10-08 14:54:23Z,2026-10-08 16:54:23 MESZ,Scraper Logs (TF Play History)
Victor Babin,"Vocalise: Lentamente, Molto cantabile - 14 Romances Op. 34, No. 14 (arr. Babin - Sergei Rachmaninoff)  (Remastered 2023, Hollywood 1939)",Station-Specific,23,6,0,2026-10-04 18:09:04Z,2026-10-04 20:09:04 MESZ,Scraper Logs (TF Play History)
Victor Leksell,Skriker mitt namn,Station-Specific,5,2,0,2026-10-03 12:11:24Z,2026-10-03 14:11:24 MESZ,Scraper Logs (TF Play History)
Vinicius Cantuaria,Lua e Estrela,Station-Specific,18,5,0,2026-10-08 03:21:18Z,2026-10-08 05:21:18 MESZ,Scraper Logs (TF Play History)
Virus,Imágenes Paganas,Station-Specific,10,8,0,2026-10-08 10:13:23Z,2026-10-08 12:13:23 MESZ,Scraper Logs (TF Play History)
Visage,Fade To Grey,Station-Specific,17,5,0,2026-10-07 11:57:41Z,2026-10-07 13:57:41 MESZ,Scraper Logs (TF Play History)
Voyager,Promise,Station-Specific,6,4,0,2026-09-23 19:33:04Z,2026-09-23 21:33:04 MESZ,Scraper Logs (TF Play History)
Vylet Pony,ANTONYMPH,Station-Specific,3,0,0,2026-08-01 05:19:00Z,2026-08-01 07:19:00 MESZ,Scraper Logs (TF Play History)
Warpaint,Keep It Healthy,Station-Specific,4,1,0,2026-10-06 01:01:51Z,2026-10-06 03:01:51 MESZ,Scraper Logs (TF Play History)
Wax Tailor,Just a Candle,Station-Specific,4,4,0,2026-09-29 16:52:57Z,2026-09-29 18:52:57 MESZ,Scraper Logs (TF Play History)
Wax Tailor,Seize The Day,Station-Specific,10,3,0,2026-09-29 07:36:56Z,2026-09-29 09:36:56 MESZ,Scraper Logs (TF Play History)
Weird Al Yankovic,Everything You Know Is Wrong,Station-Specific,2,2,0,2026-09-24 08:34:11Z,2026-09-24 10:34:11 MESZ,Scraper Logs (TF Play History)
Weird Al Yankovic,"Ode to a Superhero (Parody of ""Piano Man"" by Billy Joel)",Station-Specific,3,0,0,2026-08-28 18:10:25Z,2026-08-28 20:10:25 MESZ,Scraper Logs (TF Play History)
Weird Al Yankovic,"Perform This Way (Parody of ""Born This Way"" by Lady Gaga)",Station-Specific,1,1,0,2026-09-18 18:57:25Z,2026-09-18 20:57:25 MESZ,Scraper Logs (TF Play History)
Whitesnake,Still Of The Night (2018 Remaster),Station-Specific,3,3,0,2026-10-06 13:24:01Z,2026-10-06 15:24:01 MESZ,Scraper Logs (TF Play History)
Whitney Houston,I Have Nothing,Station-Specific,12,4,0,2026-10-06 12:15:01Z,2026-10-06 14:15:01 MESZ,Scraper Logs (TF Play History)
Whitney Houston,I Wanna Dance with Somebody (Who Loves Me),Station-Specific,37,5,0,2026-10-07 16:04:42Z,2026-10-07 18:04:42 MESZ,Scraper Logs (TF Play History)
Whitney Houston,Saving All My Love for You,Station-Specific,34,5,0,2026-10-06 04:31:54Z,2026-10-06 06:31:54 MESZ,Scraper Logs (TF Play History)
Wild Nothing,Chinatown,Station-Specific,22,6,0,2026-10-08 19:32:23Z,2026-10-08 21:32:23 MESZ,Scraper Logs (TF Play History)
William Fitzsimmons,I Don't Feel It Anymore (Song of the Sparrow) (Remastered),Station-Specific,12,2,0,2026-10-02 11:37:53Z,2026-10-02 13:37:53 MESZ,Scraper Logs (TF Play History)
William Fitzsimmons,Passion Play (Live in Paris),Station-Specific,14,2,0,2026-09-20 20:37:40Z,2026-09-20 22:37:40 MESZ,Scraper Logs (TF Play History)
Willie Nelson,On the Road Again,Station-Specific,19,7,0,2026-09-28 00:32:44Z,2026-09-28 02:32:44 MESZ,Scraper Logs (TF Play History)
Willy DeVille,Heaven Stood Still,Station-Specific,5,3,0,2026-10-07 18:14:42Z,2026-10-07 20:14:42 MESZ,Scraper Logs (TF Play History)
Wings,Goodnight Tonight (Single Version),Station-Specific,9,5,0,2026-10-04 20:19:04Z,2026-10-04 22:19:04 MESZ,Scraper Logs (TF Play History)
Wir Sind Helden,Denkmal,Station-Specific,13,4,0,2026-10-09 02:40:27Z,2026-10-09 04:40:27 MESZ,Scraper Logs (TF Play History)
Wolf Alice,Don't Delete The Kisses,Station-Specific,28,6,1,2026-10-09 08:43:01Z,2026-10-09 10:43:01 MESZ,Scraper Logs (TF Play History)
Wolfsheim,Künstliche Welten,Station-Specific,4,0,0,2026-09-04 07:26:39Z,2026-09-04 09:26:39 MESZ,Scraper Logs (TF Play History)
Wonder Girls,Rewind,Station-Specific,13,7,1,2026-10-09 21:25:32Z,2026-10-09 23:25:32 MESZ,Scraper Logs (TF Play History)
Yann Tiersen,"Comptine d'un autre été, l'après-midi",Station-Specific,4,4,0,2026-10-07 05:17:40Z,2026-10-07 07:17:40 MESZ,Scraper Logs (TF Play History)
YASSiN & Sean Terrio,All Summer,Station-Specific,3,1,0,2026-09-16 10:40:34Z,2026-09-16 12:40:34 MESZ,Scraper Logs (TF Play History)
Yazoo,Only You (Remastered 2008),Station-Specific,13,6,1,2026-10-09 13:46:31Z,2026-10-09 15:46:31 MESZ,Scraper Logs (TF Play History)
YEBBA,Louie Bag  (Live at Electric Lady),Station-Specific,17,4,0,2026-09-26 15:17:57Z,2026-09-26 17:17:57 MESZ,Scraper Logs (TF Play History)
Yellow Magic Orchestra,Behind the Mask  (2018 Bob Ludwig Remastering),Station-Specific,36,8,0,2026-10-07 04:08:40Z,2026-10-07 06:08:40 MESZ,Scraper Logs (TF Play History)
Yes,Mood for a Day  (2008 Remaster),Station-Specific,14,7,0,2026-10-06 01:52:22Z,2026-10-06 03:52:22 MESZ,Scraper Logs (TF Play History)
Yo La Tengo,You Can Have It All,Station-Specific,11,4,0,2026-10-08 19:56:53Z,2026-10-08 21:56:53 MESZ,Scraper Logs (TF Play History)
Yo-Yo Ma,Libertango,Station-Specific,8,8,0,2026-10-08 12:40:53Z,2026-10-08 14:40:53 MESZ,Scraper Logs (TF Play History)
Youssou N'Dour featuring Neneh Cherry,7 Seconds (Album Version),Station-Specific,48,8,1,2026-10-09 19:11:32Z,2026-10-09 21:11:32 MESZ,Scraper Logs (TF Play History)
Zero 7,In The Waiting Line,Station-Specific,63,5,0,2026-10-09 02:24:56Z,2026-10-09 04:24:56 MESZ,Scraper Logs (TF Play History)
Zeynep Bastık,Her Yerde Sen (Akustik),Station-Specific,13,7,0,2026-10-06 10:34:00Z,2026-10-06 12:34:00 MESZ,Scraper Logs (TF Play History)
Zoé,Labios Rotos (Live 8.11.14),Station-Specific,12,5,0,2026-09-29 00:33:50Z,2026-09-29 02:33:50 MESZ,Scraper Logs (TF Play History)
Zoé,Vía Láctea,Station-Specific,20,7,0,2026-10-08 08:13:52Z,2026-10-08 10:13:52 MESZ,Scraper Logs (TF Play History)
Zucchero,Senza Una Donna (Remastered 2007),Station-Specific,4,4,1,2026-10-09 22:34:01Z,2026-10-10 00:34:01 MESZ,Scraper Logs (TF Play History)
Ólafur Arnalds,saman,Station-Specific,98,9,0,2026-10-04 18:32:04Z,2026-10-04 20:32:04 MESZ,Scraper Logs (TF Play History)
Анна Герман,Город влюблённых,Station-Specific,10,1,0,2026-10-03 18:27:54Z,2026-10-03 20:27:54 MESZ,Scraper Logs (TF Play History)
江晴,"Má Vlast, JB 1:112-Vltava Smetana, Bedřich 伏塔瓦河 史麥塔納",Station-Specific,8,1,0,2026-09-21 02:37:44Z,2026-09-21 04:37:44 MESZ,Scraper Logs (TF Play History)
